ISO-10303-21;
HEADER;
FILE_DESCRIPTION(('ViewDefinition [CoordinationView]'),'2;1');
FILE_NAME('blank_project.ifc','2023-01-01T00:00:00',(''),(''),'IfcOpenShell','IfcOpenShell','');
FILE_SCHEMA(('IFC4'));
ENDSEC;
DATA;
#1=IFCPROJECT('03ouu2jtb36x$cBMeWrv_l',#2,'Bridge Pier Cofferdam - Temporary Works',$,$,$,$,(#11),#7);
#2=IFCOWNERHISTORY(#5,#6,$,.ADDED.,$,$,$,1672531200);
#3=IFCPERSON($,'User',$,$,$,$,$,$);
#4=IFCORGANIZATION($,'Bonsai',$,$,$);
#5=IFCPERSONANDORGANIZATION(#3,#4,$);
#6=IFCAPPLICATION(#4,'0.8.0','Bonsai','Bonsai');
#7=IFCUNITASSIGNMENT((#8,#9,#10));
#8=IFCSIUNIT(*,.LENGTHUNIT.,$,.METRE.);
#9=IFCSIUNIT(*,.AREAUNIT.,$,.SQUARE_METRE.);
#10=IFCSIUNIT(*,.VOLUMEUNIT.,$,.CUBIC_METRE.);
#11=IFCGEOMETRICREPRESENTATIONCONTEXT($,'Model',3,1.E-05,#12,$);
#12=IFCAXIS2PLACEMENT3D(#13,#14,#15);
#13=IFCCARTESIANPOINT((0.,0.,0.));
#14=IFCDIRECTION((0.,0.,1.));
#15=IFCDIRECTION((1.,0.,0.));
#16=IFCGEOMETRICREPRESENTATIONSUBCONTEXT('Body','Model',*,*,*,*,#11,$,.MODEL_VIEW.,$);
#17=IFCGEOMETRICREPRESENTATIONSUBCONTEXT('Axis','Model',*,*,*,*,#11,$,.GRAPH_VIEW.,$);
#18=IFCSITE('3E$X2rR$X0vQ0$E1$Z',#2,'Default Site',$,$,$,$,$,.ELEMENT.,(0,0,0,0),(0,0,0,0),0.,$,$);
#19=IFCBUILDING('3F$X2rR$X0vQ0$E1$Z',#2,'Default Building',$,$,$,$,$,.ELEMENT.,$,$,$);
#20=IFCBUILDINGSTOREY('3G$X2rR$X0vQ0$E1$Z',#2,'Level 0',$,$,$,$,$,.ELEMENT.,0.);
#21=IFCRELAGGREGATES('3H$X2rR$X0vQ0$E1$Z',#2,$,$,#1,(#18));
#22=IFCRELAGGREGATES('3I$X2rR$X0vQ0$E1$Z',#2,$,$,#18,(#19));
#23=IFCRELAGGREGATES('3J$X2rR$X0vQ0$E1$Z',#2,$,$,#19,(#20));
#24=IFCOWNERHISTORY(#5,#6,.READWRITE.,.MODIFIED.,1788887402,#5,#6,1788887402);
#25=IFCWALL('3YdE0EGhjAsP$ej_c5fp$x',#24,'Sheet_Pile_Wall_South',$,$,#660,#655,$,$);
#26=IFCOWNERHISTORY(#5,#6,.READWRITE.,.MODIFIED.,1788889275,#5,#6,1788887402);
#27=IFCRELCONTAINEDINSPATIALSTRUCTURE('2Zd1pOE4XCeeXzcxrkvXvO',#26,$,$,(#4147,#4715,#6043,#6111,#6450,#1315,#671,#5327,#3859,#3827,#4647,#3115,#3455,#2711,#3795,#1767,#2219,#2547,#25,#2383),#20);
#28=IFCCARTESIANPOINTLIST3D(((0.,0.1925,-12.),(0.,0.1925,5.),(0.,0.2475,-12.),(0.,0.2475,5.),(0.27692307692307694,0.1925,-12.),(0.27692307692307694,0.1925,5.),(0.27692307692307694,0.2475,-12.),(0.27692307692307694,0.2475,5.),(0.2515647719782911,0.20936015177141853,-12.),(0.2515647719782911,0.20936015177141853,5.),(0.3022813818678628,0.23063984822858152,-12.),(0.3022813818678628,0.23063984822858152,5.),(0.4361801565936757,-0.23063984822858152,-12.),(0.4361801565936757,-0.23063984822858152,5.),(0.4868967664832474,-0.20936015177141853,-12.),(0.4868967664832474,-0.20936015177141853,5.),(0.4615384615384616,-0.2475,-12.),(0.4615384615384616,-0.2475,5.),(0.4615384615384616,-0.1925,-12.),(0.4615384615384616,-0.1925,5.),(0.7384615384615385,-0.2475,-12.),(0.7384615384615385,-0.2475,5.),(0.7384615384615385,-0.1925,-12.),(0.7384615384615385,-0.1925,5.),(0.7638198434063244,-0.23063984822858152,-12.),(0.7638198434063244,-0.23063984822858152,5.),(0.7131032335167526,-0.20936015177141853,-12.),(0.7131032335167526,-0.20936015177141853,5.),(0.948435228021709,0.20936015177141853,-12.),(0.948435228021709,0.20936015177141853,5.),(0.8977186181321373,0.23063984822858152,-12.),(0.8977186181321373,0.23063984822858152,5.),(0.9230769230769232,0.1925,-12.),(0.9230769230769232,0.1925,5.),(0.9230769230769232,0.2475,-12.),(0.9230769230769232,0.2475,5.),(1.2000000000000002,0.1925,-12.),(1.2000000000000002,0.1925,5.),(1.2000000000000002,0.2475,-12.),(1.2000000000000002,0.2475,5.),(1.1746416950552143,0.20936015177141853,-12.),(1.1746416950552143,0.20936015177141853,5.),(1.225358304944786,0.23063984822858147,-12.),(1.225358304944786,0.23063984822858147,5.),(1.3592570796705987,-0.23063984822858147,-12.),(1.3592570796705987,-0.23063984822858147,5.),(1.4099736895601704,-0.20936015177141853,-12.),(1.4099736895601704,-0.20936015177141853,5.),(1.3846153846153846,-0.2475,-12.),(1.3846153846153846,-0.2475,5.),(1.3846153846153846,-0.1925,-12.),(1.3846153846153846,-0.1925,5.),(1.6615384615384614,-0.2475,-12.),(1.6615384615384614,-0.2475,5.),(1.6615384615384614,-0.1925,-12.),(1.6615384615384614,-0.1925,5.),(1.6868967664832473,-0.2306398482285815,-12.),(1.6868967664832473,-0.2306398482285815,5.),(1.6361801565936755,-0.2093601517714185,-12.),(1.6361801565936755,-0.2093601517714185,5.),(1.8715121510986321,0.2093601517714185,-12.),(1.8715121510986321,0.2093601517714185,5.),(1.8207955412090604,0.2306398482285815,-12.),(1.8207955412090604,0.2306398482285815,5.),(1.8461538461538463,0.1925,-12.),(1.8461538461538463,0.1925,5.),(1.8461538461538463,0.2475,-12.),(1.8461538461538463,0.2475,5.),(2.123076923076923,0.1925,-12.),(2.123076923076923,0.1925,5.),(2.123076923076923,0.2475,-12.),(2.123076923076923,0.2475,5.),(2.097718618132137,0.2093601517714185,-12.),(2.097718618132137,0.2093601517714185,5.),(2.148435228021709,0.2306398482285815,-12.),(2.148435228021709,0.2306398482285815,5.),(2.282334002747522,-0.2306398482285815,-12.),(2.282334002747522,-0.2306398482285815,5.),(2.333050612637094,-0.2093601517714185,-12.),(2.333050612637094,-0.2093601517714185,5.),(2.307692307692308,-0.2475,-12.),(2.307692307692308,-0.2475,5.),(2.307692307692308,-0.1925,-12.),(2.307692307692308,-0.1925,5.),(2.5846153846153848,-0.2475,-12.),(2.5846153846153848,-0.2475,5.),(2.5846153846153848,-0.1925,-12.),(2.5846153846153848,-0.1925,5.),(2.609973689560171,-0.23063984822858147,-12.),(2.609973689560171,-0.23063984822858147,5.),(2.559257079670599,-0.20936015177141853,-12.),(2.559257079670599,-0.20936015177141853,5.),(2.7945890741755552,0.20936015177141853,-12.),(2.7945890741755552,0.20936015177141853,5.),(2.7438724642859835,0.23063984822858147,-12.),(2.7438724642859835,0.23063984822858147,5.),(2.769230769230769,0.1925,-12.),(2.769230769230769,0.1925,5.),(2.769230769230769,0.2475,-12.),(2.769230769230769,0.2475,5.),(3.046153846153846,0.1925,-12.),(3.046153846153846,0.1925,5.),(3.046153846153846,0.2475,-12.),(3.046153846153846,0.2475,5.),(3.0207955412090604,0.2093601517714185,-12.),(3.0207955412090604,0.2093601517714185,5.),(3.0715121510986316,0.2306398482285815,-12.),(3.0715121510986316,0.2306398482285815,5.),(3.205410925824445,-0.2306398482285815,-12.),(3.205410925824445,-0.2306398482285815,5.),(3.2561275357140165,-0.2093601517714185,-12.),(3.2561275357140165,-0.2093601517714185,5.),(3.230769230769231,-0.2475,-12.),(3.230769230769231,-0.2475,5.),(3.230769230769231,-0.1925,-12.),(3.230769230769231,-0.1925,5.),(3.5076923076923077,-0.2475,-12.),(3.5076923076923077,-0.2475,5.),(3.5076923076923077,-0.1925,-12.),(3.5076923076923077,-0.1925,5.),(3.5330506126370933,-0.2306398482285815,-12.),(3.5330506126370933,-0.2306398482285815,5.),(3.482334002747522,-0.2093601517714185,-12.),(3.482334002747522,-0.2093601517714185,5.),(3.717665997252478,0.2093601517714185,-12.),(3.717665997252478,0.2093601517714185,5.),(3.666949387362907,0.2306398482285815,-12.),(3.666949387362907,0.2306398482285815,5.),(3.6923076923076925,0.1925,-12.),(3.6923076923076925,0.1925,5.),(3.6923076923076925,0.2475,-12.),(3.6923076923076925,0.2475,5.),(3.9692307692307693,0.1925,-12.),(3.9692307692307693,0.1925,5.),(3.9692307692307693,0.2475,-12.),(3.9692307692307693,0.2475,5.),(3.943872464285983,0.2093601517714185,-12.),(3.943872464285983,0.2093601517714185,5.),(3.994589074175555,0.2306398482285815,-12.),(3.994589074175555,0.2306398482285815,5.),(4.128487848901368,-0.2306398482285815,-12.),(4.128487848901368,-0.2306398482285815,5.),(4.17920445879094,-0.2093601517714185,-12.),(4.17920445879094,-0.2093601517714185,5.),(4.153846153846155,-0.2475,-12.),(4.153846153846155,-0.2475,5.),(4.153846153846155,-0.1925,-12.),(4.153846153846155,-0.1925,5.),(4.430769230769231,-0.2475,-12.),(4.430769230769231,-0.2475,5.),(4.430769230769231,-0.1925,-12.),(4.430769230769231,-0.1925,5.),(4.456127535714017,-0.2306398482285815,-12.),(4.456127535714017,-0.2306398482285815,5.),(4.4054109258244445,-0.2093601517714185,-12.),(4.4054109258244445,-0.2093601517714185,5.),(4.6407429203294015,0.2093601517714185,-12.),(4.6407429203294015,0.2093601517714185,5.),(4.590026310439829,0.2306398482285815,-12.),(4.590026310439829,0.2306398482285815,5.),(4.615384615384617,0.1925,-12.),(4.615384615384617,0.1925,5.),(4.615384615384617,0.2475,-12.),(4.615384615384617,0.2475,5.),(4.892307692307693,0.1925,-12.),(4.892307692307693,0.1925,5.),(4.892307692307693,0.2475,-12.),(4.892307692307693,0.2475,5.),(4.866949387362906,0.2093601517714185,-12.),(4.866949387362906,0.2093601517714185,5.),(4.917665997252478,0.2306398482285815,-12.),(4.917665997252478,0.2306398482285815,5.),(5.051564771978291,-0.2306398482285815,-12.),(5.051564771978291,-0.2306398482285815,5.),(5.102281381867863,-0.2093601517714185,-12.),(5.102281381867863,-0.2093601517714185,5.),(5.076923076923078,-0.2475,-12.),(5.076923076923078,-0.2475,5.),(5.076923076923078,-0.1925,-12.),(5.076923076923078,-0.1925,5.),(5.353846153846154,-0.2475,-12.),(5.353846153846154,-0.2475,5.),(5.353846153846154,-0.1925,-12.),(5.353846153846154,-0.1925,5.),(5.37920445879094,-0.2306398482285815,-12.),(5.37920445879094,-0.2306398482285815,5.),(5.328487848901368,-0.2093601517714185,-12.),(5.328487848901368,-0.2093601517714185,5.),(5.563819843406325,0.2093601517714185,-12.),(5.563819843406325,0.2093601517714185,5.),(5.513103233516753,0.2306398482285815,-12.),(5.513103233516753,0.2306398482285815,5.),(5.538461538461538,0.1925,-12.),(5.538461538461538,0.1925,5.),(5.538461538461538,0.2475,-12.),(5.538461538461538,0.2475,5.),(5.815384615384614,0.1925,-12.),(5.815384615384614,0.1925,5.),(5.815384615384614,0.2475,-12.),(5.815384615384614,0.2475,5.),(5.7900263104398295,0.2093601517714185,-12.),(5.7900263104398295,0.2093601517714185,5.),(5.840742920329402,0.2306398482285815,-12.),(5.840742920329402,0.2306398482285815,5.),(5.974641695055214,-0.2306398482285815,-12.),(5.974641695055214,-0.2306398482285815,5.),(6.0253583049447865,-0.2093601517714185,-12.),(6.0253583049447865,-0.2093601517714185,5.),(6.,-0.2475,-12.),(6.,-0.2475,5.),(6.,-0.1925,-12.),(6.,-0.1925,5.),(6.276923076923076,-0.2475,-12.),(6.276923076923076,-0.2475,5.),(6.276923076923076,-0.1925,-12.),(6.276923076923076,-0.1925,5.),(6.302281381867863,-0.2306398482285815,-12.),(6.302281381867863,-0.2306398482285815,5.),(6.251564771978291,-0.2093601517714185,-12.),(6.251564771978291,-0.2093601517714185,5.),(6.486896766483248,0.2093601517714185,-12.),(6.486896766483248,0.2093601517714185,5.),(6.436180156593676,0.2306398482285815,-12.),(6.436180156593676,0.2306398482285815,5.),(6.461538461538462,0.1925,-12.),(6.461538461538462,0.1925,5.),(6.461538461538462,0.2475,-12.),(6.461538461538462,0.2475,5.),(6.738461538461538,0.1925,-12.),(6.738461538461538,0.1925,5.),(6.738461538461538,0.2475,-12.),(6.738461538461538,0.2475,5.),(6.713103233516753,0.2093601517714185,-12.),(6.713103233516753,0.2093601517714185,5.),(6.763819843406325,0.2306398482285815,-12.),(6.763819843406325,0.2306398482285815,5.),(6.897718618132138,-0.2306398482285815,-12.),(6.897718618132138,-0.2306398482285815,5.),(6.94843522802171,-0.2093601517714185,-12.),(6.94843522802171,-0.2093601517714185,5.),(6.923076923076923,-0.2475,-12.),(6.923076923076923,-0.2475,5.),(6.923076923076923,-0.1925,-12.),(6.923076923076923,-0.1925,5.),(7.199999999999999,-0.2475,-12.),(7.199999999999999,-0.2475,5.),(7.199999999999999,-0.1925,-12.),(7.199999999999999,-0.1925,5.),(7.225358304944787,-0.2306398482285815,-12.),(7.225358304944787,-0.2306398482285815,5.),(7.1746416950552145,-0.2093601517714185,-12.),(7.1746416950552145,-0.2093601517714185,5.),(7.4099736895601716,0.2093601517714185,-12.),(7.4099736895601716,0.2093601517714185,5.),(7.359257079670599,0.2306398482285815,-12.),(7.359257079670599,0.2306398482285815,5.),(7.384615384615385,0.1925,-12.),(7.384615384615385,0.1925,5.),(7.384615384615385,0.2475,-12.),(7.384615384615385,0.2475,5.),(7.661538461538461,0.1925,-12.),(7.661538461538461,0.1925,5.),(7.661538461538461,0.2475,-12.),(7.661538461538461,0.2475,5.),(7.636180156593676,0.2093601517714185,-12.),(7.636180156593676,0.2093601517714185,5.),(7.686896766483248,0.2306398482285815,-12.),(7.686896766483248,0.2306398482285815,5.),(7.820795541209061,-0.2306398482285815,-12.),(7.820795541209061,-0.2306398482285815,5.),(7.871512151098633,-0.2093601517714185,-12.),(7.871512151098633,-0.2093601517714185,5.),(7.846153846153847,-0.2475,-12.),(7.846153846153847,-0.2475,5.),(7.846153846153847,-0.1925,-12.),(7.846153846153847,-0.1925,5.),(8.123076923076924,-0.2475,-12.),(8.123076923076924,-0.2475,5.),(8.123076923076924,-0.1925,-12.),(8.123076923076924,-0.1925,5.),(8.148435228021711,-0.23063984822858144,-12.),(8.148435228021711,-0.23063984822858144,5.),(8.097718618132138,-0.20936015177141856,-12.),(8.097718618132138,-0.20936015177141856,5.),(8.333050612637095,0.20936015177141856,-12.),(8.333050612637095,0.20936015177141856,5.),(8.282334002747522,0.23063984822858144,-12.),(8.282334002747522,0.23063984822858144,5.),(8.30769230769231,0.1925,-12.),(8.30769230769231,0.1925,5.),(8.30769230769231,0.2475,-12.),(8.30769230769231,0.2475,5.),(8.584615384615386,0.1925,-12.),(8.584615384615386,0.1925,5.),(8.584615384615386,0.2475,-12.),(8.584615384615386,0.2475,5.),(8.5592570796706,0.20936015177141856,-12.),(8.5592570796706,0.20936015177141856,5.),(8.609973689560173,0.23063984822858144,-12.),(8.609973689560173,0.23063984822858144,5.),(8.743872464285984,-0.23063984822858144,-12.),(8.743872464285984,-0.23063984822858144,5.),(8.794589074175557,-0.20936015177141856,-12.),(8.794589074175557,-0.20936015177141856,5.),(8.76923076923077,-0.2475,-12.),(8.76923076923077,-0.2475,5.),(8.76923076923077,-0.1925,-12.),(8.76923076923077,-0.1925,5.),(9.046153846153846,-0.2475,-12.),(9.046153846153846,-0.2475,5.),(9.046153846153846,-0.1925,-12.),(9.046153846153846,-0.1925,5.),(9.071512151098634,-0.23063984822858144,-12.),(9.071512151098634,-0.23063984822858144,5.),(9.020795541209061,-0.20936015177141856,-12.),(9.020795541209061,-0.20936015177141856,5.),(9.256127535714018,0.20936015177141856,-12.),(9.256127535714018,0.20936015177141856,5.),(9.205410925824445,0.23063984822858144,-12.),(9.205410925824445,0.23063984822858144,5.),(9.230769230769234,0.1925,-12.),(9.230769230769234,0.1925,5.),(9.230769230769234,0.2475,-12.),(9.230769230769234,0.2475,5.),(9.50769230769231,0.1925,-12.),(9.50769230769231,0.1925,5.),(9.50769230769231,0.2475,-12.),(9.50769230769231,0.2475,5.),(9.482334002747523,0.20936015177141856,-12.),(9.482334002747523,0.20936015177141856,5.),(9.533050612637096,0.23063984822858144,-12.),(9.533050612637096,0.23063984822858144,5.),(9.666949387362907,-0.23063984822858144,-12.),(9.666949387362907,-0.23063984822858144,5.),(9.71766599725248,-0.20936015177141856,-12.),(9.71766599725248,-0.20936015177141856,5.),(9.692307692307693,-0.2475,-12.),(9.692307692307693,-0.2475,5.),(9.692307692307693,-0.1925,-12.),(9.692307692307693,-0.1925,5.),(9.96923076923077,-0.2475,-12.),(9.96923076923077,-0.2475,5.),(9.96923076923077,-0.1925,-12.),(9.96923076923077,-0.1925,5.),(9.994589074175558,-0.23063984822858144,-12.),(9.994589074175558,-0.23063984822858144,5.),(9.943872464285985,-0.20936015177141856,-12.),(9.943872464285985,-0.20936015177141856,5.),(10.179204458790942,0.20936015177141856,-12.),(10.179204458790942,0.20936015177141856,5.),(10.128487848901369,0.23063984822858144,-12.),(10.128487848901369,0.23063984822858144,5.),(10.153846153846157,0.1925,-12.),(10.153846153846157,0.1925,5.),(10.153846153846157,0.2475,-12.),(10.153846153846157,0.2475,5.),(10.430769230769233,0.1925,-12.),(10.430769230769233,0.1925,5.),(10.430769230769233,0.2475,-12.),(10.430769230769233,0.2475,5.),(10.405410925824446,0.20936015177141856,-12.),(10.405410925824446,0.20936015177141856,5.),(10.45612753571402,0.23063984822858144,-12.),(10.45612753571402,0.23063984822858144,5.),(10.59002631043983,-0.23063984822858144,-12.),(10.59002631043983,-0.23063984822858144,5.),(10.640742920329403,-0.20936015177141856,-12.),(10.640742920329403,-0.20936015177141856,5.),(10.615384615384617,-0.2475,-12.),(10.615384615384617,-0.2475,5.),(10.615384615384617,-0.1925,-12.),(10.615384615384617,-0.1925,5.),(10.892307692307693,-0.2475,-12.),(10.892307692307693,-0.2475,5.),(10.892307692307693,-0.1925,-12.),(10.892307692307693,-0.1925,5.),(10.917665997252481,-0.23063984822858144,-12.),(10.917665997252481,-0.23063984822858144,5.),(10.866949387362908,-0.20936015177141856,-12.),(10.866949387362908,-0.20936015177141856,5.),(11.102281381867865,0.20936015177141856,-12.),(11.102281381867865,0.20936015177141856,5.),(11.051564771978292,0.23063984822858144,-12.),(11.051564771978292,0.23063984822858144,5.),(11.076923076923077,0.1925,-12.),(11.076923076923077,0.1925,5.),(11.076923076923077,0.2475,-12.),(11.076923076923077,0.2475,5.),(11.353846153846153,0.1925,-12.),(11.353846153846153,0.1925,5.),(11.353846153846153,0.2475,-12.),(11.353846153846153,0.2475,5.),(11.328487848901368,0.20936015177141856,-12.),(11.328487848901368,0.20936015177141856,5.),(11.379204458790941,0.23063984822858144,-12.),(11.379204458790941,0.23063984822858144,5.),(11.513103233516752,-0.23063984822858144,-12.),(11.513103233516752,-0.23063984822858144,5.),(11.563819843406325,-0.20936015177141856,-12.),(11.563819843406325,-0.20936015177141856,5.),(11.53846153846154,-0.2475,-12.),(11.53846153846154,-0.2475,5.),(11.53846153846154,-0.1925,-12.),(11.53846153846154,-0.1925,5.),(11.815384615384616,-0.2475,-12.),(11.815384615384616,-0.2475,5.),(11.815384615384616,-0.1925,-12.),(11.815384615384616,-0.1925,5.),(11.840742920329403,-0.23063984822858144,-12.),(11.840742920329403,-0.23063984822858144,5.),(11.79002631043983,-0.20936015177141856,-12.),(11.79002631043983,-0.20936015177141856,5.),(12.025358304944787,0.20936015177141856,-12.),(12.025358304944787,0.20936015177141856,5.),(11.974641695055213,0.23063984822858144,-12.),(11.974641695055213,0.23063984822858144,5.)));
#29=IFCINDEXEDPOLYGONALFACE((2,4,1));
#30=IFCINDEXEDPOLYGONALFACE((5,2,1));
#31=IFCINDEXEDPOLYGONALFACE((1,4,3));
#32=IFCINDEXEDPOLYGONALFACE((3,5,1));
#33=IFCINDEXEDPOLYGONALFACE((2,8,4));
#34=IFCINDEXEDPOLYGONALFACE((6,2,5));
#35=IFCINDEXEDPOLYGONALFACE((6,8,2));
#36=IFCINDEXEDPOLYGONALFACE((4,8,3));
#37=IFCINDEXEDPOLYGONALFACE((7,5,3));
#38=IFCINDEXEDPOLYGONALFACE((3,8,7));
#39=IFCINDEXEDPOLYGONALFACE((7,6,5));
#40=IFCINDEXEDPOLYGONALFACE((8,6,7));
#41=IFCINDEXEDPOLYGONALFACE((10,12,9));
#42=IFCINDEXEDPOLYGONALFACE((13,10,9));
#43=IFCINDEXEDPOLYGONALFACE((9,12,11));
#44=IFCINDEXEDPOLYGONALFACE((11,13,9));
#45=IFCINDEXEDPOLYGONALFACE((10,16,12));
#46=IFCINDEXEDPOLYGONALFACE((14,10,13));
#47=IFCINDEXEDPOLYGONALFACE((14,16,10));
#48=IFCINDEXEDPOLYGONALFACE((12,16,11));
#49=IFCINDEXEDPOLYGONALFACE((15,13,11));
#50=IFCINDEXEDPOLYGONALFACE((11,16,15));
#51=IFCINDEXEDPOLYGONALFACE((15,14,13));
#52=IFCINDEXEDPOLYGONALFACE((16,14,15));
#53=IFCINDEXEDPOLYGONALFACE((18,20,17));
#54=IFCINDEXEDPOLYGONALFACE((21,18,17));
#55=IFCINDEXEDPOLYGONALFACE((17,20,19));
#56=IFCINDEXEDPOLYGONALFACE((19,21,17));
#57=IFCINDEXEDPOLYGONALFACE((18,24,20));
#58=IFCINDEXEDPOLYGONALFACE((22,18,21));
#59=IFCINDEXEDPOLYGONALFACE((22,24,18));
#60=IFCINDEXEDPOLYGONALFACE((20,24,19));
#61=IFCINDEXEDPOLYGONALFACE((23,21,19));
#62=IFCINDEXEDPOLYGONALFACE((19,24,23));
#63=IFCINDEXEDPOLYGONALFACE((23,22,21));
#64=IFCINDEXEDPOLYGONALFACE((24,22,23));
#65=IFCINDEXEDPOLYGONALFACE((26,28,25));
#66=IFCINDEXEDPOLYGONALFACE((29,26,25));
#67=IFCINDEXEDPOLYGONALFACE((25,28,27));
#68=IFCINDEXEDPOLYGONALFACE((27,29,25));
#69=IFCINDEXEDPOLYGONALFACE((26,32,28));
#70=IFCINDEXEDPOLYGONALFACE((30,26,29));
#71=IFCINDEXEDPOLYGONALFACE((30,32,26));
#72=IFCINDEXEDPOLYGONALFACE((28,32,27));
#73=IFCINDEXEDPOLYGONALFACE((31,29,27));
#74=IFCINDEXEDPOLYGONALFACE((27,32,31));
#75=IFCINDEXEDPOLYGONALFACE((31,30,29));
#76=IFCINDEXEDPOLYGONALFACE((32,30,31));
#77=IFCINDEXEDPOLYGONALFACE((34,36,33));
#78=IFCINDEXEDPOLYGONALFACE((37,34,33));
#79=IFCINDEXEDPOLYGONALFACE((33,36,35));
#80=IFCINDEXEDPOLYGONALFACE((35,37,33));
#81=IFCINDEXEDPOLYGONALFACE((34,40,36));
#82=IFCINDEXEDPOLYGONALFACE((38,34,37));
#83=IFCINDEXEDPOLYGONALFACE((38,40,34));
#84=IFCINDEXEDPOLYGONALFACE((36,40,35));
#85=IFCINDEXEDPOLYGONALFACE((39,37,35));
#86=IFCINDEXEDPOLYGONALFACE((35,40,39));
#87=IFCINDEXEDPOLYGONALFACE((39,38,37));
#88=IFCINDEXEDPOLYGONALFACE((40,38,39));
#89=IFCINDEXEDPOLYGONALFACE((42,44,41));
#90=IFCINDEXEDPOLYGONALFACE((45,42,41));
#91=IFCINDEXEDPOLYGONALFACE((41,44,43));
#92=IFCINDEXEDPOLYGONALFACE((43,45,41));
#93=IFCINDEXEDPOLYGONALFACE((42,48,44));
#94=IFCINDEXEDPOLYGONALFACE((46,42,45));
#95=IFCINDEXEDPOLYGONALFACE((46,48,42));
#96=IFCINDEXEDPOLYGONALFACE((44,48,43));
#97=IFCINDEXEDPOLYGONALFACE((47,45,43));
#98=IFCINDEXEDPOLYGONALFACE((43,48,47));
#99=IFCINDEXEDPOLYGONALFACE((47,46,45));
#100=IFCINDEXEDPOLYGONALFACE((48,46,47));
#101=IFCINDEXEDPOLYGONALFACE((50,52,49));
#102=IFCINDEXEDPOLYGONALFACE((53,50,49));
#103=IFCINDEXEDPOLYGONALFACE((49,52,51));
#104=IFCINDEXEDPOLYGONALFACE((51,53,49));
#105=IFCINDEXEDPOLYGONALFACE((50,56,52));
#106=IFCINDEXEDPOLYGONALFACE((54,50,53));
#107=IFCINDEXEDPOLYGONALFACE((54,56,50));
#108=IFCINDEXEDPOLYGONALFACE((52,56,51));
#109=IFCINDEXEDPOLYGONALFACE((55,53,51));
#110=IFCINDEXEDPOLYGONALFACE((51,56,55));
#111=IFCINDEXEDPOLYGONALFACE((55,54,53));
#112=IFCINDEXEDPOLYGONALFACE((56,54,55));
#113=IFCINDEXEDPOLYGONALFACE((58,60,57));
#114=IFCINDEXEDPOLYGONALFACE((61,58,57));
#115=IFCINDEXEDPOLYGONALFACE((57,60,59));
#116=IFCINDEXEDPOLYGONALFACE((59,61,57));
#117=IFCINDEXEDPOLYGONALFACE((58,64,60));
#118=IFCINDEXEDPOLYGONALFACE((62,58,61));
#119=IFCINDEXEDPOLYGONALFACE((62,64,58));
#120=IFCINDEXEDPOLYGONALFACE((60,64,59));
#121=IFCINDEXEDPOLYGONALFACE((63,61,59));
#122=IFCINDEXEDPOLYGONALFACE((59,64,63));
#123=IFCINDEXEDPOLYGONALFACE((63,62,61));
#124=IFCINDEXEDPOLYGONALFACE((64,62,63));
#125=IFCINDEXEDPOLYGONALFACE((66,68,65));
#126=IFCINDEXEDPOLYGONALFACE((69,66,65));
#127=IFCINDEXEDPOLYGONALFACE((65,68,67));
#128=IFCINDEXEDPOLYGONALFACE((67,69,65));
#129=IFCINDEXEDPOLYGONALFACE((66,72,68));
#130=IFCINDEXEDPOLYGONALFACE((70,66,69));
#131=IFCINDEXEDPOLYGONALFACE((70,72,66));
#132=IFCINDEXEDPOLYGONALFACE((68,72,67));
#133=IFCINDEXEDPOLYGONALFACE((71,69,67));
#134=IFCINDEXEDPOLYGONALFACE((67,72,71));
#135=IFCINDEXEDPOLYGONALFACE((71,70,69));
#136=IFCINDEXEDPOLYGONALFACE((72,70,71));
#137=IFCINDEXEDPOLYGONALFACE((74,76,73));
#138=IFCINDEXEDPOLYGONALFACE((77,74,73));
#139=IFCINDEXEDPOLYGONALFACE((73,76,75));
#140=IFCINDEXEDPOLYGONALFACE((75,77,73));
#141=IFCINDEXEDPOLYGONALFACE((74,80,76));
#142=IFCINDEXEDPOLYGONALFACE((78,74,77));
#143=IFCINDEXEDPOLYGONALFACE((78,80,74));
#144=IFCINDEXEDPOLYGONALFACE((76,80,75));
#145=IFCINDEXEDPOLYGONALFACE((79,77,75));
#146=IFCINDEXEDPOLYGONALFACE((75,80,79));
#147=IFCINDEXEDPOLYGONALFACE((79,78,77));
#148=IFCINDEXEDPOLYGONALFACE((80,78,79));
#149=IFCINDEXEDPOLYGONALFACE((82,84,81));
#150=IFCINDEXEDPOLYGONALFACE((85,82,81));
#151=IFCINDEXEDPOLYGONALFACE((81,84,83));
#152=IFCINDEXEDPOLYGONALFACE((83,85,81));
#153=IFCINDEXEDPOLYGONALFACE((82,88,84));
#154=IFCINDEXEDPOLYGONALFACE((86,82,85));
#155=IFCINDEXEDPOLYGONALFACE((86,88,82));
#156=IFCINDEXEDPOLYGONALFACE((84,88,83));
#157=IFCINDEXEDPOLYGONALFACE((87,85,83));
#158=IFCINDEXEDPOLYGONALFACE((83,88,87));
#159=IFCINDEXEDPOLYGONALFACE((87,86,85));
#160=IFCINDEXEDPOLYGONALFACE((88,86,87));
#161=IFCINDEXEDPOLYGONALFACE((90,92,89));
#162=IFCINDEXEDPOLYGONALFACE((93,90,89));
#163=IFCINDEXEDPOLYGONALFACE((89,92,91));
#164=IFCINDEXEDPOLYGONALFACE((91,93,89));
#165=IFCINDEXEDPOLYGONALFACE((90,96,92));
#166=IFCINDEXEDPOLYGONALFACE((94,90,93));
#167=IFCINDEXEDPOLYGONALFACE((94,96,90));
#168=IFCINDEXEDPOLYGONALFACE((92,96,91));
#169=IFCINDEXEDPOLYGONALFACE((95,93,91));
#170=IFCINDEXEDPOLYGONALFACE((91,96,95));
#171=IFCINDEXEDPOLYGONALFACE((95,94,93));
#172=IFCINDEXEDPOLYGONALFACE((96,94,95));
#173=IFCINDEXEDPOLYGONALFACE((98,100,97));
#174=IFCINDEXEDPOLYGONALFACE((101,98,97));
#175=IFCINDEXEDPOLYGONALFACE((97,100,99));
#176=IFCINDEXEDPOLYGONALFACE((99,101,97));
#177=IFCINDEXEDPOLYGONALFACE((98,104,100));
#178=IFCINDEXEDPOLYGONALFACE((102,98,101));
#179=IFCINDEXEDPOLYGONALFACE((102,104,98));
#180=IFCINDEXEDPOLYGONALFACE((100,104,99));
#181=IFCINDEXEDPOLYGONALFACE((103,101,99));
#182=IFCINDEXEDPOLYGONALFACE((99,104,103));
#183=IFCINDEXEDPOLYGONALFACE((103,102,101));
#184=IFCINDEXEDPOLYGONALFACE((104,102,103));
#185=IFCINDEXEDPOLYGONALFACE((106,108,105));
#186=IFCINDEXEDPOLYGONALFACE((109,106,105));
#187=IFCINDEXEDPOLYGONALFACE((105,108,107));
#188=IFCINDEXEDPOLYGONALFACE((107,109,105));
#189=IFCINDEXEDPOLYGONALFACE((106,112,108));
#190=IFCINDEXEDPOLYGONALFACE((110,106,109));
#191=IFCINDEXEDPOLYGONALFACE((110,112,106));
#192=IFCINDEXEDPOLYGONALFACE((108,112,107));
#193=IFCINDEXEDPOLYGONALFACE((111,109,107));
#194=IFCINDEXEDPOLYGONALFACE((107,112,111));
#195=IFCINDEXEDPOLYGONALFACE((111,110,109));
#196=IFCINDEXEDPOLYGONALFACE((112,110,111));
#197=IFCINDEXEDPOLYGONALFACE((114,116,113));
#198=IFCINDEXEDPOLYGONALFACE((117,114,113));
#199=IFCINDEXEDPOLYGONALFACE((113,116,115));
#200=IFCINDEXEDPOLYGONALFACE((115,117,113));
#201=IFCINDEXEDPOLYGONALFACE((114,120,116));
#202=IFCINDEXEDPOLYGONALFACE((118,114,117));
#203=IFCINDEXEDPOLYGONALFACE((118,120,114));
#204=IFCINDEXEDPOLYGONALFACE((116,120,115));
#205=IFCINDEXEDPOLYGONALFACE((119,117,115));
#206=IFCINDEXEDPOLYGONALFACE((115,120,119));
#207=IFCINDEXEDPOLYGONALFACE((119,118,117));
#208=IFCINDEXEDPOLYGONALFACE((120,118,119));
#209=IFCINDEXEDPOLYGONALFACE((122,124,121));
#210=IFCINDEXEDPOLYGONALFACE((125,122,121));
#211=IFCINDEXEDPOLYGONALFACE((121,124,123));
#212=IFCINDEXEDPOLYGONALFACE((123,125,121));
#213=IFCINDEXEDPOLYGONALFACE((122,128,124));
#214=IFCINDEXEDPOLYGONALFACE((126,122,125));
#215=IFCINDEXEDPOLYGONALFACE((126,128,122));
#216=IFCINDEXEDPOLYGONALFACE((124,128,123));
#217=IFCINDEXEDPOLYGONALFACE((127,125,123));
#218=IFCINDEXEDPOLYGONALFACE((123,128,127));
#219=IFCINDEXEDPOLYGONALFACE((127,126,125));
#220=IFCINDEXEDPOLYGONALFACE((128,126,127));
#221=IFCINDEXEDPOLYGONALFACE((130,132,129));
#222=IFCINDEXEDPOLYGONALFACE((133,130,129));
#223=IFCINDEXEDPOLYGONALFACE((129,132,131));
#224=IFCINDEXEDPOLYGONALFACE((131,133,129));
#225=IFCINDEXEDPOLYGONALFACE((130,136,132));
#226=IFCINDEXEDPOLYGONALFACE((134,130,133));
#227=IFCINDEXEDPOLYGONALFACE((134,136,130));
#228=IFCINDEXEDPOLYGONALFACE((132,136,131));
#229=IFCINDEXEDPOLYGONALFACE((135,133,131));
#230=IFCINDEXEDPOLYGONALFACE((131,136,135));
#231=IFCINDEXEDPOLYGONALFACE((135,134,133));
#232=IFCINDEXEDPOLYGONALFACE((136,134,135));
#233=IFCINDEXEDPOLYGONALFACE((138,140,137));
#234=IFCINDEXEDPOLYGONALFACE((141,138,137));
#235=IFCINDEXEDPOLYGONALFACE((137,140,139));
#236=IFCINDEXEDPOLYGONALFACE((139,141,137));
#237=IFCINDEXEDPOLYGONALFACE((138,144,140));
#238=IFCINDEXEDPOLYGONALFACE((142,138,141));
#239=IFCINDEXEDPOLYGONALFACE((142,144,138));
#240=IFCINDEXEDPOLYGONALFACE((140,144,139));
#241=IFCINDEXEDPOLYGONALFACE((143,141,139));
#242=IFCINDEXEDPOLYGONALFACE((139,144,143));
#243=IFCINDEXEDPOLYGONALFACE((143,142,141));
#244=IFCINDEXEDPOLYGONALFACE((144,142,143));
#245=IFCINDEXEDPOLYGONALFACE((146,148,145));
#246=IFCINDEXEDPOLYGONALFACE((149,146,145));
#247=IFCINDEXEDPOLYGONALFACE((145,148,147));
#248=IFCINDEXEDPOLYGONALFACE((147,149,145));
#249=IFCINDEXEDPOLYGONALFACE((146,152,148));
#250=IFCINDEXEDPOLYGONALFACE((150,146,149));
#251=IFCINDEXEDPOLYGONALFACE((150,152,146));
#252=IFCINDEXEDPOLYGONALFACE((148,152,147));
#253=IFCINDEXEDPOLYGONALFACE((151,149,147));
#254=IFCINDEXEDPOLYGONALFACE((147,152,151));
#255=IFCINDEXEDPOLYGONALFACE((151,150,149));
#256=IFCINDEXEDPOLYGONALFACE((152,150,151));
#257=IFCINDEXEDPOLYGONALFACE((154,156,153));
#258=IFCINDEXEDPOLYGONALFACE((157,154,153));
#259=IFCINDEXEDPOLYGONALFACE((153,156,155));
#260=IFCINDEXEDPOLYGONALFACE((155,157,153));
#261=IFCINDEXEDPOLYGONALFACE((154,160,156));
#262=IFCINDEXEDPOLYGONALFACE((158,154,157));
#263=IFCINDEXEDPOLYGONALFACE((158,160,154));
#264=IFCINDEXEDPOLYGONALFACE((156,160,155));
#265=IFCINDEXEDPOLYGONALFACE((159,157,155));
#266=IFCINDEXEDPOLYGONALFACE((155,160,159));
#267=IFCINDEXEDPOLYGONALFACE((159,158,157));
#268=IFCINDEXEDPOLYGONALFACE((160,158,159));
#269=IFCINDEXEDPOLYGONALFACE((162,164,161));
#270=IFCINDEXEDPOLYGONALFACE((165,162,161));
#271=IFCINDEXEDPOLYGONALFACE((161,164,163));
#272=IFCINDEXEDPOLYGONALFACE((163,165,161));
#273=IFCINDEXEDPOLYGONALFACE((162,168,164));
#274=IFCINDEXEDPOLYGONALFACE((166,162,165));
#275=IFCINDEXEDPOLYGONALFACE((166,168,162));
#276=IFCINDEXEDPOLYGONALFACE((164,168,163));
#277=IFCINDEXEDPOLYGONALFACE((167,165,163));
#278=IFCINDEXEDPOLYGONALFACE((163,168,167));
#279=IFCINDEXEDPOLYGONALFACE((167,166,165));
#280=IFCINDEXEDPOLYGONALFACE((168,166,167));
#281=IFCINDEXEDPOLYGONALFACE((170,172,169));
#282=IFCINDEXEDPOLYGONALFACE((173,170,169));
#283=IFCINDEXEDPOLYGONALFACE((169,172,171));
#284=IFCINDEXEDPOLYGONALFACE((171,173,169));
#285=IFCINDEXEDPOLYGONALFACE((170,176,172));
#286=IFCINDEXEDPOLYGONALFACE((174,170,173));
#287=IFCINDEXEDPOLYGONALFACE((174,176,170));
#288=IFCINDEXEDPOLYGONALFACE((172,176,171));
#289=IFCINDEXEDPOLYGONALFACE((175,173,171));
#290=IFCINDEXEDPOLYGONALFACE((171,176,175));
#291=IFCINDEXEDPOLYGONALFACE((175,174,173));
#292=IFCINDEXEDPOLYGONALFACE((176,174,175));
#293=IFCINDEXEDPOLYGONALFACE((178,180,177));
#294=IFCINDEXEDPOLYGONALFACE((181,178,177));
#295=IFCINDEXEDPOLYGONALFACE((177,180,179));
#296=IFCINDEXEDPOLYGONALFACE((179,181,177));
#297=IFCINDEXEDPOLYGONALFACE((178,184,180));
#298=IFCINDEXEDPOLYGONALFACE((182,178,181));
#299=IFCINDEXEDPOLYGONALFACE((182,184,178));
#300=IFCINDEXEDPOLYGONALFACE((180,184,179));
#301=IFCINDEXEDPOLYGONALFACE((183,181,179));
#302=IFCINDEXEDPOLYGONALFACE((179,184,183));
#303=IFCINDEXEDPOLYGONALFACE((183,182,181));
#304=IFCINDEXEDPOLYGONALFACE((184,182,183));
#305=IFCINDEXEDPOLYGONALFACE((186,188,185));
#306=IFCINDEXEDPOLYGONALFACE((189,186,185));
#307=IFCINDEXEDPOLYGONALFACE((185,188,187));
#308=IFCINDEXEDPOLYGONALFACE((187,189,185));
#309=IFCINDEXEDPOLYGONALFACE((186,192,188));
#310=IFCINDEXEDPOLYGONALFACE((190,186,189));
#311=IFCINDEXEDPOLYGONALFACE((190,192,186));
#312=IFCINDEXEDPOLYGONALFACE((188,192,187));
#313=IFCINDEXEDPOLYGONALFACE((191,189,187));
#314=IFCINDEXEDPOLYGONALFACE((187,192,191));
#315=IFCINDEXEDPOLYGONALFACE((191,190,189));
#316=IFCINDEXEDPOLYGONALFACE((192,190,191));
#317=IFCINDEXEDPOLYGONALFACE((194,196,193));
#318=IFCINDEXEDPOLYGONALFACE((197,194,193));
#319=IFCINDEXEDPOLYGONALFACE((193,196,195));
#320=IFCINDEXEDPOLYGONALFACE((195,197,193));
#321=IFCINDEXEDPOLYGONALFACE((194,200,196));
#322=IFCINDEXEDPOLYGONALFACE((198,194,197));
#323=IFCINDEXEDPOLYGONALFACE((198,200,194));
#324=IFCINDEXEDPOLYGONALFACE((196,200,195));
#325=IFCINDEXEDPOLYGONALFACE((199,197,195));
#326=IFCINDEXEDPOLYGONALFACE((195,200,199));
#327=IFCINDEXEDPOLYGONALFACE((199,198,197));
#328=IFCINDEXEDPOLYGONALFACE((200,198,199));
#329=IFCINDEXEDPOLYGONALFACE((202,204,201));
#330=IFCINDEXEDPOLYGONALFACE((205,202,201));
#331=IFCINDEXEDPOLYGONALFACE((201,204,203));
#332=IFCINDEXEDPOLYGONALFACE((203,205,201));
#333=IFCINDEXEDPOLYGONALFACE((202,208,204));
#334=IFCINDEXEDPOLYGONALFACE((206,202,205));
#335=IFCINDEXEDPOLYGONALFACE((206,208,202));
#336=IFCINDEXEDPOLYGONALFACE((204,208,203));
#337=IFCINDEXEDPOLYGONALFACE((207,205,203));
#338=IFCINDEXEDPOLYGONALFACE((203,208,207));
#339=IFCINDEXEDPOLYGONALFACE((207,206,205));
#340=IFCINDEXEDPOLYGONALFACE((208,206,207));
#341=IFCINDEXEDPOLYGONALFACE((210,212,209));
#342=IFCINDEXEDPOLYGONALFACE((213,210,209));
#343=IFCINDEXEDPOLYGONALFACE((209,212,211));
#344=IFCINDEXEDPOLYGONALFACE((211,213,209));
#345=IFCINDEXEDPOLYGONALFACE((210,216,212));
#346=IFCINDEXEDPOLYGONALFACE((214,210,213));
#347=IFCINDEXEDPOLYGONALFACE((214,216,210));
#348=IFCINDEXEDPOLYGONALFACE((212,216,211));
#349=IFCINDEXEDPOLYGONALFACE((215,213,211));
#350=IFCINDEXEDPOLYGONALFACE((211,216,215));
#351=IFCINDEXEDPOLYGONALFACE((215,214,213));
#352=IFCINDEXEDPOLYGONALFACE((216,214,215));
#353=IFCINDEXEDPOLYGONALFACE((218,220,217));
#354=IFCINDEXEDPOLYGONALFACE((221,218,217));
#355=IFCINDEXEDPOLYGONALFACE((217,220,219));
#356=IFCINDEXEDPOLYGONALFACE((219,221,217));
#357=IFCINDEXEDPOLYGONALFACE((218,224,220));
#358=IFCINDEXEDPOLYGONALFACE((222,218,221));
#359=IFCINDEXEDPOLYGONALFACE((222,224,218));
#360=IFCINDEXEDPOLYGONALFACE((220,224,219));
#361=IFCINDEXEDPOLYGONALFACE((223,221,219));
#362=IFCINDEXEDPOLYGONALFACE((219,224,223));
#363=IFCINDEXEDPOLYGONALFACE((223,222,221));
#364=IFCINDEXEDPOLYGONALFACE((224,222,223));
#365=IFCINDEXEDPOLYGONALFACE((226,228,225));
#366=IFCINDEXEDPOLYGONALFACE((229,226,225));
#367=IFCINDEXEDPOLYGONALFACE((225,228,227));
#368=IFCINDEXEDPOLYGONALFACE((227,229,225));
#369=IFCINDEXEDPOLYGONALFACE((226,232,228));
#370=IFCINDEXEDPOLYGONALFACE((230,226,229));
#371=IFCINDEXEDPOLYGONALFACE((230,232,226));
#372=IFCINDEXEDPOLYGONALFACE((228,232,227));
#373=IFCINDEXEDPOLYGONALFACE((231,229,227));
#374=IFCINDEXEDPOLYGONALFACE((227,232,231));
#375=IFCINDEXEDPOLYGONALFACE((231,230,229));
#376=IFCINDEXEDPOLYGONALFACE((232,230,231));
#377=IFCINDEXEDPOLYGONALFACE((234,236,233));
#378=IFCINDEXEDPOLYGONALFACE((237,234,233));
#379=IFCINDEXEDPOLYGONALFACE((233,236,235));
#380=IFCINDEXEDPOLYGONALFACE((235,237,233));
#381=IFCINDEXEDPOLYGONALFACE((234,240,236));
#382=IFCINDEXEDPOLYGONALFACE((238,234,237));
#383=IFCINDEXEDPOLYGONALFACE((238,240,234));
#384=IFCINDEXEDPOLYGONALFACE((236,240,235));
#385=IFCINDEXEDPOLYGONALFACE((239,237,235));
#386=IFCINDEXEDPOLYGONALFACE((235,240,239));
#387=IFCINDEXEDPOLYGONALFACE((239,238,237));
#388=IFCINDEXEDPOLYGONALFACE((240,238,239));
#389=IFCINDEXEDPOLYGONALFACE((242,244,241));
#390=IFCINDEXEDPOLYGONALFACE((245,242,241));
#391=IFCINDEXEDPOLYGONALFACE((241,244,243));
#392=IFCINDEXEDPOLYGONALFACE((243,245,241));
#393=IFCINDEXEDPOLYGONALFACE((242,248,244));
#394=IFCINDEXEDPOLYGONALFACE((246,242,245));
#395=IFCINDEXEDPOLYGONALFACE((246,248,242));
#396=IFCINDEXEDPOLYGONALFACE((244,248,243));
#397=IFCINDEXEDPOLYGONALFACE((247,245,243));
#398=IFCINDEXEDPOLYGONALFACE((243,248,247));
#399=IFCINDEXEDPOLYGONALFACE((247,246,245));
#400=IFCINDEXEDPOLYGONALFACE((248,246,247));
#401=IFCINDEXEDPOLYGONALFACE((250,252,249));
#402=IFCINDEXEDPOLYGONALFACE((253,250,249));
#403=IFCINDEXEDPOLYGONALFACE((249,252,251));
#404=IFCINDEXEDPOLYGONALFACE((251,253,249));
#405=IFCINDEXEDPOLYGONALFACE((250,256,252));
#406=IFCINDEXEDPOLYGONALFACE((254,250,253));
#407=IFCINDEXEDPOLYGONALFACE((254,256,250));
#408=IFCINDEXEDPOLYGONALFACE((252,256,251));
#409=IFCINDEXEDPOLYGONALFACE((255,253,251));
#410=IFCINDEXEDPOLYGONALFACE((251,256,255));
#411=IFCINDEXEDPOLYGONALFACE((255,254,253));
#412=IFCINDEXEDPOLYGONALFACE((256,254,255));
#413=IFCINDEXEDPOLYGONALFACE((258,260,257));
#414=IFCINDEXEDPOLYGONALFACE((261,258,257));
#415=IFCINDEXEDPOLYGONALFACE((257,260,259));
#416=IFCINDEXEDPOLYGONALFACE((259,261,257));
#417=IFCINDEXEDPOLYGONALFACE((258,264,260));
#418=IFCINDEXEDPOLYGONALFACE((262,258,261));
#419=IFCINDEXEDPOLYGONALFACE((262,264,258));
#420=IFCINDEXEDPOLYGONALFACE((260,264,259));
#421=IFCINDEXEDPOLYGONALFACE((263,261,259));
#422=IFCINDEXEDPOLYGONALFACE((259,264,263));
#423=IFCINDEXEDPOLYGONALFACE((263,262,261));
#424=IFCINDEXEDPOLYGONALFACE((264,262,263));
#425=IFCINDEXEDPOLYGONALFACE((266,268,265));
#426=IFCINDEXEDPOLYGONALFACE((269,266,265));
#427=IFCINDEXEDPOLYGONALFACE((265,268,267));
#428=IFCINDEXEDPOLYGONALFACE((267,269,265));
#429=IFCINDEXEDPOLYGONALFACE((266,272,268));
#430=IFCINDEXEDPOLYGONALFACE((270,266,269));
#431=IFCINDEXEDPOLYGONALFACE((270,272,266));
#432=IFCINDEXEDPOLYGONALFACE((268,272,267));
#433=IFCINDEXEDPOLYGONALFACE((271,269,267));
#434=IFCINDEXEDPOLYGONALFACE((267,272,271));
#435=IFCINDEXEDPOLYGONALFACE((271,270,269));
#436=IFCINDEXEDPOLYGONALFACE((272,270,271));
#437=IFCINDEXEDPOLYGONALFACE((274,276,273));
#438=IFCINDEXEDPOLYGONALFACE((277,274,273));
#439=IFCINDEXEDPOLYGONALFACE((273,276,275));
#440=IFCINDEXEDPOLYGONALFACE((275,277,273));
#441=IFCINDEXEDPOLYGONALFACE((274,280,276));
#442=IFCINDEXEDPOLYGONALFACE((278,274,277));
#443=IFCINDEXEDPOLYGONALFACE((278,280,274));
#444=IFCINDEXEDPOLYGONALFACE((276,280,275));
#445=IFCINDEXEDPOLYGONALFACE((279,277,275));
#446=IFCINDEXEDPOLYGONALFACE((275,280,279));
#447=IFCINDEXEDPOLYGONALFACE((279,278,277));
#448=IFCINDEXEDPOLYGONALFACE((280,278,279));
#449=IFCINDEXEDPOLYGONALFACE((282,284,281));
#450=IFCINDEXEDPOLYGONALFACE((285,282,281));
#451=IFCINDEXEDPOLYGONALFACE((281,284,283));
#452=IFCINDEXEDPOLYGONALFACE((283,285,281));
#453=IFCINDEXEDPOLYGONALFACE((282,288,284));
#454=IFCINDEXEDPOLYGONALFACE((286,282,285));
#455=IFCINDEXEDPOLYGONALFACE((286,288,282));
#456=IFCINDEXEDPOLYGONALFACE((284,288,283));
#457=IFCINDEXEDPOLYGONALFACE((287,285,283));
#458=IFCINDEXEDPOLYGONALFACE((283,288,287));
#459=IFCINDEXEDPOLYGONALFACE((287,286,285));
#460=IFCINDEXEDPOLYGONALFACE((288,286,287));
#461=IFCINDEXEDPOLYGONALFACE((290,292,289));
#462=IFCINDEXEDPOLYGONALFACE((293,290,289));
#463=IFCINDEXEDPOLYGONALFACE((289,292,291));
#464=IFCINDEXEDPOLYGONALFACE((291,293,289));
#465=IFCINDEXEDPOLYGONALFACE((290,296,292));
#466=IFCINDEXEDPOLYGONALFACE((294,290,293));
#467=IFCINDEXEDPOLYGONALFACE((294,296,290));
#468=IFCINDEXEDPOLYGONALFACE((292,296,291));
#469=IFCINDEXEDPOLYGONALFACE((295,293,291));
#470=IFCINDEXEDPOLYGONALFACE((291,296,295));
#471=IFCINDEXEDPOLYGONALFACE((295,294,293));
#472=IFCINDEXEDPOLYGONALFACE((296,294,295));
#473=IFCINDEXEDPOLYGONALFACE((298,300,297));
#474=IFCINDEXEDPOLYGONALFACE((301,298,297));
#475=IFCINDEXEDPOLYGONALFACE((297,300,299));
#476=IFCINDEXEDPOLYGONALFACE((299,301,297));
#477=IFCINDEXEDPOLYGONALFACE((298,304,300));
#478=IFCINDEXEDPOLYGONALFACE((302,298,301));
#479=IFCINDEXEDPOLYGONALFACE((302,304,298));
#480=IFCINDEXEDPOLYGONALFACE((300,304,299));
#481=IFCINDEXEDPOLYGONALFACE((303,301,299));
#482=IFCINDEXEDPOLYGONALFACE((299,304,303));
#483=IFCINDEXEDPOLYGONALFACE((303,302,301));
#484=IFCINDEXEDPOLYGONALFACE((304,302,303));
#485=IFCINDEXEDPOLYGONALFACE((306,308,305));
#486=IFCINDEXEDPOLYGONALFACE((309,306,305));
#487=IFCINDEXEDPOLYGONALFACE((305,308,307));
#488=IFCINDEXEDPOLYGONALFACE((307,309,305));
#489=IFCINDEXEDPOLYGONALFACE((306,312,308));
#490=IFCINDEXEDPOLYGONALFACE((310,306,309));
#491=IFCINDEXEDPOLYGONALFACE((310,312,306));
#492=IFCINDEXEDPOLYGONALFACE((308,312,307));
#493=IFCINDEXEDPOLYGONALFACE((311,309,307));
#494=IFCINDEXEDPOLYGONALFACE((307,312,311));
#495=IFCINDEXEDPOLYGONALFACE((311,310,309));
#496=IFCINDEXEDPOLYGONALFACE((312,310,311));
#497=IFCINDEXEDPOLYGONALFACE((314,316,313));
#498=IFCINDEXEDPOLYGONALFACE((317,314,313));
#499=IFCINDEXEDPOLYGONALFACE((313,316,315));
#500=IFCINDEXEDPOLYGONALFACE((315,317,313));
#501=IFCINDEXEDPOLYGONALFACE((314,320,316));
#502=IFCINDEXEDPOLYGONALFACE((318,314,317));
#503=IFCINDEXEDPOLYGONALFACE((318,320,314));
#504=IFCINDEXEDPOLYGONALFACE((316,320,315));
#505=IFCINDEXEDPOLYGONALFACE((319,317,315));
#506=IFCINDEXEDPOLYGONALFACE((315,320,319));
#507=IFCINDEXEDPOLYGONALFACE((319,318,317));
#508=IFCINDEXEDPOLYGONALFACE((320,318,319));
#509=IFCINDEXEDPOLYGONALFACE((322,324,321));
#510=IFCINDEXEDPOLYGONALFACE((325,322,321));
#511=IFCINDEXEDPOLYGONALFACE((321,324,323));
#512=IFCINDEXEDPOLYGONALFACE((323,325,321));
#513=IFCINDEXEDPOLYGONALFACE((322,328,324));
#514=IFCINDEXEDPOLYGONALFACE((326,322,325));
#515=IFCINDEXEDPOLYGONALFACE((326,328,322));
#516=IFCINDEXEDPOLYGONALFACE((324,328,323));
#517=IFCINDEXEDPOLYGONALFACE((327,325,323));
#518=IFCINDEXEDPOLYGONALFACE((323,328,327));
#519=IFCINDEXEDPOLYGONALFACE((327,326,325));
#520=IFCINDEXEDPOLYGONALFACE((328,326,327));
#521=IFCINDEXEDPOLYGONALFACE((330,332,329));
#522=IFCINDEXEDPOLYGONALFACE((333,330,329));
#523=IFCINDEXEDPOLYGONALFACE((329,332,331));
#524=IFCINDEXEDPOLYGONALFACE((331,333,329));
#525=IFCINDEXEDPOLYGONALFACE((330,336,332));
#526=IFCINDEXEDPOLYGONALFACE((334,330,333));
#527=IFCINDEXEDPOLYGONALFACE((334,336,330));
#528=IFCINDEXEDPOLYGONALFACE((332,336,331));
#529=IFCINDEXEDPOLYGONALFACE((335,333,331));
#530=IFCINDEXEDPOLYGONALFACE((331,336,335));
#531=IFCINDEXEDPOLYGONALFACE((335,334,333));
#532=IFCINDEXEDPOLYGONALFACE((336,334,335));
#533=IFCINDEXEDPOLYGONALFACE((338,340,337));
#534=IFCINDEXEDPOLYGONALFACE((341,338,337));
#535=IFCINDEXEDPOLYGONALFACE((337,340,339));
#536=IFCINDEXEDPOLYGONALFACE((339,341,337));
#537=IFCINDEXEDPOLYGONALFACE((338,344,340));
#538=IFCINDEXEDPOLYGONALFACE((342,338,341));
#539=IFCINDEXEDPOLYGONALFACE((342,344,338));
#540=IFCINDEXEDPOLYGONALFACE((340,344,339));
#541=IFCINDEXEDPOLYGONALFACE((343,341,339));
#542=IFCINDEXEDPOLYGONALFACE((339,344,343));
#543=IFCINDEXEDPOLYGONALFACE((343,342,341));
#544=IFCINDEXEDPOLYGONALFACE((344,342,343));
#545=IFCINDEXEDPOLYGONALFACE((346,348,345));
#546=IFCINDEXEDPOLYGONALFACE((349,346,345));
#547=IFCINDEXEDPOLYGONALFACE((345,348,347));
#548=IFCINDEXEDPOLYGONALFACE((347,349,345));
#549=IFCINDEXEDPOLYGONALFACE((346,352,348));
#550=IFCINDEXEDPOLYGONALFACE((350,346,349));
#551=IFCINDEXEDPOLYGONALFACE((350,352,346));
#552=IFCINDEXEDPOLYGONALFACE((348,352,347));
#553=IFCINDEXEDPOLYGONALFACE((351,349,347));
#554=IFCINDEXEDPOLYGONALFACE((347,352,351));
#555=IFCINDEXEDPOLYGONALFACE((351,350,349));
#556=IFCINDEXEDPOLYGONALFACE((352,350,351));
#557=IFCINDEXEDPOLYGONALFACE((354,356,353));
#558=IFCINDEXEDPOLYGONALFACE((357,354,353));
#559=IFCINDEXEDPOLYGONALFACE((353,356,355));
#560=IFCINDEXEDPOLYGONALFACE((355,357,353));
#561=IFCINDEXEDPOLYGONALFACE((354,360,356));
#562=IFCINDEXEDPOLYGONALFACE((358,354,357));
#563=IFCINDEXEDPOLYGONALFACE((358,360,354));
#564=IFCINDEXEDPOLYGONALFACE((356,360,355));
#565=IFCINDEXEDPOLYGONALFACE((359,357,355));
#566=IFCINDEXEDPOLYGONALFACE((355,360,359));
#567=IFCINDEXEDPOLYGONALFACE((359,358,357));
#568=IFCINDEXEDPOLYGONALFACE((360,358,359));
#569=IFCINDEXEDPOLYGONALFACE((362,364,361));
#570=IFCINDEXEDPOLYGONALFACE((365,362,361));
#571=IFCINDEXEDPOLYGONALFACE((361,364,363));
#572=IFCINDEXEDPOLYGONALFACE((363,365,361));
#573=IFCINDEXEDPOLYGONALFACE((362,368,364));
#574=IFCINDEXEDPOLYGONALFACE((366,362,365));
#575=IFCINDEXEDPOLYGONALFACE((366,368,362));
#576=IFCINDEXEDPOLYGONALFACE((364,368,363));
#577=IFCINDEXEDPOLYGONALFACE((367,365,363));
#578=IFCINDEXEDPOLYGONALFACE((363,368,367));
#579=IFCINDEXEDPOLYGONALFACE((367,366,365));
#580=IFCINDEXEDPOLYGONALFACE((368,366,367));
#581=IFCINDEXEDPOLYGONALFACE((370,372,369));
#582=IFCINDEXEDPOLYGONALFACE((373,370,369));
#583=IFCINDEXEDPOLYGONALFACE((369,372,371));
#584=IFCINDEXEDPOLYGONALFACE((371,373,369));
#585=IFCINDEXEDPOLYGONALFACE((370,376,372));
#586=IFCINDEXEDPOLYGONALFACE((374,370,373));
#587=IFCINDEXEDPOLYGONALFACE((374,376,370));
#588=IFCINDEXEDPOLYGONALFACE((372,376,371));
#589=IFCINDEXEDPOLYGONALFACE((375,373,371));
#590=IFCINDEXEDPOLYGONALFACE((371,376,375));
#591=IFCINDEXEDPOLYGONALFACE((375,374,373));
#592=IFCINDEXEDPOLYGONALFACE((376,374,375));
#593=IFCINDEXEDPOLYGONALFACE((378,380,377));
#594=IFCINDEXEDPOLYGONALFACE((381,378,377));
#595=IFCINDEXEDPOLYGONALFACE((377,380,379));
#596=IFCINDEXEDPOLYGONALFACE((379,381,377));
#597=IFCINDEXEDPOLYGONALFACE((378,384,380));
#598=IFCINDEXEDPOLYGONALFACE((382,378,381));
#599=IFCINDEXEDPOLYGONALFACE((382,384,378));
#600=IFCINDEXEDPOLYGONALFACE((380,384,379));
#601=IFCINDEXEDPOLYGONALFACE((383,381,379));
#602=IFCINDEXEDPOLYGONALFACE((379,384,383));
#603=IFCINDEXEDPOLYGONALFACE((383,382,381));
#604=IFCINDEXEDPOLYGONALFACE((384,382,383));
#605=IFCINDEXEDPOLYGONALFACE((386,388,385));
#606=IFCINDEXEDPOLYGONALFACE((389,386,385));
#607=IFCINDEXEDPOLYGONALFACE((385,388,387));
#608=IFCINDEXEDPOLYGONALFACE((387,389,385));
#609=IFCINDEXEDPOLYGONALFACE((386,392,388));
#610=IFCINDEXEDPOLYGONALFACE((390,386,389));
#611=IFCINDEXEDPOLYGONALFACE((390,392,386));
#612=IFCINDEXEDPOLYGONALFACE((388,392,387));
#613=IFCINDEXEDPOLYGONALFACE((391,389,387));
#614=IFCINDEXEDPOLYGONALFACE((387,392,391));
#615=IFCINDEXEDPOLYGONALFACE((391,390,389));
#616=IFCINDEXEDPOLYGONALFACE((392,390,391));
#617=IFCINDEXEDPOLYGONALFACE((394,396,393));
#618=IFCINDEXEDPOLYGONALFACE((397,394,393));
#619=IFCINDEXEDPOLYGONALFACE((393,396,395));
#620=IFCINDEXEDPOLYGONALFACE((395,397,393));
#621=IFCINDEXEDPOLYGONALFACE((394,400,396));
#622=IFCINDEXEDPOLYGONALFACE((398,394,397));
#623=IFCINDEXEDPOLYGONALFACE((398,400,394));
#624=IFCINDEXEDPOLYGONALFACE((396,400,395));
#625=IFCINDEXEDPOLYGONALFACE((399,397,395));
#626=IFCINDEXEDPOLYGONALFACE((395,400,399));
#627=IFCINDEXEDPOLYGONALFACE((399,398,397));
#628=IFCINDEXEDPOLYGONALFACE((400,398,399));
#629=IFCINDEXEDPOLYGONALFACE((402,404,401));
#630=IFCINDEXEDPOLYGONALFACE((405,402,401));
#631=IFCINDEXEDPOLYGONALFACE((401,404,403));
#632=IFCINDEXEDPOLYGONALFACE((403,405,401));
#633=IFCINDEXEDPOLYGONALFACE((402,408,404));
#634=IFCINDEXEDPOLYGONALFACE((406,402,405));
#635=IFCINDEXEDPOLYGONALFACE((406,408,402));
#636=IFCINDEXEDPOLYGONALFACE((404,408,403));
#637=IFCINDEXEDPOLYGONALFACE((407,405,403));
#638=IFCINDEXEDPOLYGONALFACE((403,408,407));
#639=IFCINDEXEDPOLYGONALFACE((407,406,405));
#640=IFCINDEXEDPOLYGONALFACE((408,406,407));
#641=IFCINDEXEDPOLYGONALFACE((410,412,409));
#642=IFCINDEXEDPOLYGONALFACE((413,410,409));
#643=IFCINDEXEDPOLYGONALFACE((409,412,411));
#644=IFCINDEXEDPOLYGONALFACE((411,413,409));
#645=IFCINDEXEDPOLYGONALFACE((410,416,412));
#646=IFCINDEXEDPOLYGONALFACE((414,410,413));
#647=IFCINDEXEDPOLYGONALFACE((414,416,410));
#648=IFCINDEXEDPOLYGONALFACE((412,416,411));
#649=IFCINDEXEDPOLYGONALFACE((415,413,411));
#650=IFCINDEXEDPOLYGONALFACE((411,416,415));
#651=IFCINDEXEDPOLYGONALFACE((415,414,413));
#652=IFCINDEXEDPOLYGONALFACE((416,414,415));
#653=IFCPOLYGONALFACESET(#28,$,(#29,#30,#31,#32,#33,#34,#35,#36,#37,#38,#39,#40,#41,#42,#43,#44,#45,#46,#47,#48,#49,#50,#51,#52,#53,#54,#55,#56,#57,#58,#59,#60,#61,#62,#63,#64,#65,#66,#67,#68,#69,#70,#71,#72,#73,#74,#75,#76,#77,#78,#79,#80,#81,#82,#83,#84,#85,#86,#87,#88,#89,#90,#91,#92,#93,#94,#95,#96,#97,#98,#99,#100,#101,#102,#103,#104,#105,#106,#107,#108,#109,#110,#111,#112,#113,#114,#115,#116,#117,#118,#119,#120,#121,#122,#123,#124,#125,#126,#127,#128,#129,#130,#131,#132,#133,#134,#135,#136,#137,#138,#139,#140,#141,#142,#143,#144,#145,#146,#147,#148,#149,#150,#151,#152,#153,#154,#155,#156,#157,#158,#159,#160,#161,#162,#163,#164,#165,#166,#167,#168,#169,#170,#171,#172,#173,#174,#175,#176,#177,#178,#179,#180,#181,#182,#183,#184,#185,#186,#187,#188,#189,#190,#191,#192,#193,#194,#195,#196,#197,#198,#199,#200,#201,#202,#203,#204,#205,#206,#207,#208,#209,#210,#211,#212,#213,#214,#215,#216,#217,#218,#219,#220,#221,#222,#223,#224,#225,#226,#227,#228,#229,#230,#231,#232,#233,#234,#235,#236,#237,#238,#239,#240,#241,#242,#243,#244,#245,#246,#247,#248,#249,#250,#251,#252,#253,#254,#255,#256,#257,#258,#259,#260,#261,#262,#263,#264,#265,#266,#267,#268,#269,#270,#271,#272,#273,#274,#275,#276,#277,#278,#279,#280,#281,#282,#283,#284,#285,#286,#287,#288,#289,#290,#291,#292,#293,#294,#295,#296,#297,#298,#299,#300,#301,#302,#303,#304,#305,#306,#307,#308,#309,#310,#311,#312,#313,#314,#315,#316,#317,#318,#319,#320,#321,#322,#323,#324,#325,#326,#327,#328,#329,#330,#331,#332,#333,#334,#335,#336,#337,#338,#339,#340,#341,#342,#343,#344,#345,#346,#347,#348,#349,#350,#351,#352,#353,#354,#355,#356,#357,#358,#359,#360,#361,#362,#363,#364,#365,#366,#367,#368,#369,#370,#371,#372,#373,#374,#375,#376,#377,#378,#379,#380,#381,#382,#383,#384,#385,#386,#387,#388,#389,#390,#391,#392,#393,#394,#395,#396,#397,#398,#399,#400,#401,#402,#403,#404,#405,#406,#407,#408,#409,#410,#411,#412,#413,#414,#415,#416,#417,#418,#419,#420,#421,#422,#423,#424,#425,#426,#427,#428,#429,#430,#431,#432,#433,#434,#435,#436,#437,#438,#439,#440,#441,#442,#443,#444,#445,#446,#447,#448,#449,#450,#451,#452,#453,#454,#455,#456,#457,#458,#459,#460,#461,#462,#463,#464,#465,#466,#467,#468,#469,#470,#471,#472,#473,#474,#475,#476,#477,#478,#479,#480,#481,#482,#483,#484,#485,#486,#487,#488,#489,#490,#491,#492,#493,#494,#495,#496,#497,#498,#499,#500,#501,#502,#503,#504,#505,#506,#507,#508,#509,#510,#511,#512,#513,#514,#515,#516,#517,#518,#519,#520,#521,#522,#523,#524,#525,#526,#527,#528,#529,#530,#531,#532,#533,#534,#535,#536,#537,#538,#539,#540,#541,#542,#543,#544,#545,#546,#547,#548,#549,#550,#551,#552,#553,#554,#555,#556,#557,#558,#559,#560,#561,#562,#563,#564,#565,#566,#567,#568,#569,#570,#571,#572,#573,#574,#575,#576,#577,#578,#579,#580,#581,#582,#583,#584,#585,#586,#587,#588,#589,#590,#591,#592,#593,#594,#595,#596,#597,#598,#599,#600,#601,#602,#603,#604,#605,#606,#607,#608,#609,#610,#611,#612,#613,#614,#615,#616,#617,#618,#619,#620,#621,#622,#623,#624,#625,#626,#627,#628,#629,#630,#631,#632,#633,#634,#635,#636,#637,#638,#639,#640,#641,#642,#643,#644,#645,#646,#647,#648,#649,#650,#651,#652),$);
#654=IFCSHAPEREPRESENTATION(#16,'Body','Tessellation',(#653));
#655=IFCPRODUCTDEFINITIONSHAPE($,$,(#654));
#656=IFCCARTESIANPOINT((0.,0.,0.));
#657=IFCDIRECTION((0.,0.,1.));
#658=IFCDIRECTION((1.,0.,0.));
#659=IFCAXIS2PLACEMENT3D(#656,#657,#658);
#660=IFCLOCALPLACEMENT($,#659);
#661=IFCOWNERHISTORY(#5,#6,.READWRITE.,.ADDED.,1788887402,#5,#6,1788887402);
#662=IFCPROPERTYSET('3iTDbrvHLD1QxllF5qnwnB',#661,'Pset_TrimeshGeneration',$,(#665,#666,#667,#668,#669));
#663=IFCOWNERHISTORY(#5,#6,.READWRITE.,.ADDED.,1788887402,#5,#6,1788887402);
#664=IFCRELDEFINESBYPROPERTIES('2dIcc6G$b8ARiaRN2pOE53',#663,$,$,(#25),#662);
#665=IFCPROPERTYSINGLEVALUE('GenerationMethod',$,IFCLABEL('TRIMESH_CODE'),$);
#666=IFCPROPERTYSINGLEVALUE('VertexCount',$,IFCINTEGER(416),$);
#667=IFCPROPERTYSINGLEVALUE('FaceCount',$,IFCINTEGER(624),$);
#668=IFCPROPERTYSINGLEVALUE('IsWatertight',$,IFCBOOLEAN(.T.),$);
#669=IFCPROPERTYSINGLEVALUE('Volume',$,IFCREAL(18.331789522228508),$);
#670=IFCOWNERHISTORY(#5,#6,.READWRITE.,.MODIFIED.,1788887502,#5,#6,1788887502);
#671=IFCWALL('39qIGBFuv4_9SOj5_1RQaQ',#670,'Sheet_Pile_Wall_North',$,$,#1304,#1299,$,$);
#672=IFCCARTESIANPOINTLIST3D(((0.,8.1925,-12.),(0.,8.1925,5.),(0.,8.2475,-12.),(0.,8.2475,5.),(0.27692307692307694,8.1925,-12.),(0.27692307692307694,8.1925,5.),(0.27692307692307694,8.2475,-12.),(0.27692307692307694,8.2475,5.),(0.2515647719782911,8.209360151771419,-12.),(0.2515647719782911,8.209360151771419,5.),(0.3022813818678628,8.23063984822858,-12.),(0.3022813818678628,8.23063984822858,5.),(0.4361801565936757,7.769360151771418,-12.),(0.4361801565936757,7.769360151771418,5.),(0.4868967664832474,7.790639848228581,-12.),(0.4868967664832474,7.790639848228581,5.),(0.4615384615384616,7.7525,-12.),(0.4615384615384616,7.7525,5.),(0.4615384615384616,7.8075,-12.),(0.4615384615384616,7.8075,5.),(0.7384615384615385,7.7525,-12.),(0.7384615384615385,7.7525,5.),(0.7384615384615385,7.8075,-12.),(0.7384615384615385,7.8075,5.),(0.7638198434063244,7.769360151771418,-12.),(0.7638198434063244,7.769360151771418,5.),(0.7131032335167526,7.790639848228581,-12.),(0.7131032335167526,7.790639848228581,5.),(0.948435228021709,8.209360151771419,-12.),(0.948435228021709,8.209360151771419,5.),(0.8977186181321373,8.23063984822858,-12.),(0.8977186181321373,8.23063984822858,5.),(0.9230769230769232,8.1925,-12.),(0.9230769230769232,8.1925,5.),(0.9230769230769232,8.2475,-12.),(0.9230769230769232,8.2475,5.),(1.2000000000000002,8.1925,-12.),(1.2000000000000002,8.1925,5.),(1.2000000000000002,8.2475,-12.),(1.2000000000000002,8.2475,5.),(1.1746416950552143,8.209360151771419,-12.),(1.1746416950552143,8.209360151771419,5.),(1.225358304944786,8.230639848228583,-12.),(1.225358304944786,8.230639848228583,5.),(1.3592570796705987,7.769360151771418,-12.),(1.3592570796705987,7.769360151771418,5.),(1.4099736895601704,7.790639848228581,-12.),(1.4099736895601704,7.790639848228581,5.),(1.3846153846153846,7.7525,-12.),(1.3846153846153846,7.7525,5.),(1.3846153846153846,7.8075,-12.),(1.3846153846153846,7.8075,5.),(1.6615384615384614,7.7525,-12.),(1.6615384615384614,7.7525,5.),(1.6615384615384614,7.8075,-12.),(1.6615384615384614,7.8075,5.),(1.6868967664832473,7.769360151771418,-12.),(1.6868967664832473,7.769360151771418,5.),(1.6361801565936755,7.790639848228581,-12.),(1.6361801565936755,7.790639848228581,5.),(1.8715121510986321,8.209360151771419,-12.),(1.8715121510986321,8.209360151771419,5.),(1.8207955412090604,8.230639848228583,-12.),(1.8207955412090604,8.230639848228583,5.),(1.8461538461538463,8.1925,-12.),(1.8461538461538463,8.1925,5.),(1.8461538461538463,8.2475,-12.),(1.8461538461538463,8.2475,5.),(2.123076923076923,8.1925,-12.),(2.123076923076923,8.1925,5.),(2.123076923076923,8.2475,-12.),(2.123076923076923,8.2475,5.),(2.097718618132137,8.209360151771419,-12.),(2.097718618132137,8.209360151771419,5.),(2.1484352280217087,8.230639848228583,-12.),(2.1484352280217087,8.230639848228583,5.),(2.2823340027475223,7.769360151771418,-12.),(2.2823340027475223,7.769360151771418,5.),(2.333050612637094,7.790639848228581,-12.),(2.333050612637094,7.790639848228581,5.),(2.307692307692308,7.7525,-12.),(2.307692307692308,7.7525,5.),(2.307692307692308,7.8075,-12.),(2.307692307692308,7.8075,5.),(2.5846153846153848,7.7525,-12.),(2.5846153846153848,7.7525,5.),(2.5846153846153848,7.8075,-12.),(2.5846153846153848,7.8075,5.),(2.609973689560171,7.769360151771418,-12.),(2.609973689560171,7.769360151771418,5.),(2.559257079670599,7.790639848228581,-12.),(2.559257079670599,7.790639848228581,5.),(2.7945890741755552,8.209360151771419,-12.),(2.7945890741755552,8.209360151771419,5.),(2.7438724642859835,8.230639848228583,-12.),(2.7438724642859835,8.230639848228583,5.),(2.769230769230769,8.1925,-12.),(2.769230769230769,8.1925,5.),(2.769230769230769,8.2475,-12.),(2.769230769230769,8.2475,5.),(3.046153846153846,8.1925,-12.),(3.046153846153846,8.1925,5.),(3.046153846153846,8.2475,-12.),(3.046153846153846,8.2475,5.),(3.02079554120906,8.209360151771419,-12.),(3.02079554120906,8.209360151771419,5.),(3.0715121510986316,8.230639848228583,-12.),(3.0715121510986316,8.230639848228583,5.),(3.205410925824445,7.769360151771418,-12.),(3.205410925824445,7.769360151771418,5.),(3.256127535714017,7.790639848228581,-12.),(3.256127535714017,7.790639848228581,5.),(3.230769230769231,7.7525,-12.),(3.230769230769231,7.7525,5.),(3.230769230769231,7.8075,-12.),(3.230769230769231,7.8075,5.),(3.5076923076923077,7.7525,-12.),(3.5076923076923077,7.7525,5.),(3.5076923076923077,7.8075,-12.),(3.5076923076923077,7.8075,5.),(3.5330506126370933,7.769360151771418,-12.),(3.5330506126370933,7.769360151771418,5.),(3.4823340027475216,7.790639848228581,-12.),(3.4823340027475216,7.790639848228581,5.),(3.7176659972524786,8.209360151771419,-12.),(3.7176659972524786,8.209360151771419,5.),(3.666949387362907,8.230639848228583,-12.),(3.666949387362907,8.230639848228583,5.),(3.6923076923076925,8.1925,-12.),(3.6923076923076925,8.1925,5.),(3.6923076923076925,8.2475,-12.),(3.6923076923076925,8.2475,5.),(3.9692307692307693,8.1925,-12.),(3.9692307692307693,8.1925,5.),(3.9692307692307693,8.2475,-12.),(3.9692307692307693,8.2475,5.),(3.943872464285983,8.209360151771419,-12.),(3.943872464285983,8.209360151771419,5.),(3.9945890741755545,8.230639848228583,-12.),(3.9945890741755545,8.230639848228583,5.),(4.128487848901368,7.769360151771418,-12.),(4.128487848901368,7.769360151771418,5.),(4.17920445879094,7.790639848228581,-12.),(4.17920445879094,7.790639848228581,5.),(4.153846153846155,7.7525,-12.),(4.153846153846155,7.7525,5.),(4.153846153846155,7.8075,-12.),(4.153846153846155,7.8075,5.),(4.430769230769231,7.7525,-12.),(4.430769230769231,7.7525,5.),(4.430769230769231,7.8075,-12.),(4.430769230769231,7.8075,5.),(4.456127535714017,7.769360151771418,-12.),(4.456127535714017,7.769360151771418,5.),(4.4054109258244445,7.790639848228581,-12.),(4.4054109258244445,7.790639848228581,5.),(4.6407429203294015,8.209360151771419,-12.),(4.6407429203294015,8.209360151771419,5.),(4.590026310439829,8.230639848228583,-12.),(4.590026310439829,8.230639848228583,5.),(4.615384615384617,8.1925,-12.),(4.615384615384617,8.1925,5.),(4.615384615384617,8.2475,-12.),(4.615384615384617,8.2475,5.),(4.892307692307693,8.1925,-12.),(4.892307692307693,8.1925,5.),(4.892307692307693,8.2475,-12.),(4.892307692307693,8.2475,5.),(4.866949387362906,8.209360151771419,-12.),(4.866949387362906,8.209360151771419,5.),(4.917665997252478,8.230639848228583,-12.),(4.917665997252478,8.230639848228583,5.),(5.051564771978291,7.769360151771418,-12.),(5.051564771978291,7.769360151771418,5.),(5.102281381867863,7.790639848228581,-12.),(5.102281381867863,7.790639848228581,5.),(5.076923076923078,7.7525,-12.),(5.076923076923078,7.7525,5.),(5.076923076923078,7.8075,-12.),(5.076923076923078,7.8075,5.),(5.353846153846154,7.7525,-12.),(5.353846153846154,7.7525,5.),(5.353846153846154,7.8075,-12.),(5.353846153846154,7.8075,5.),(5.37920445879094,7.769360151771418,-12.),(5.37920445879094,7.769360151771418,5.),(5.328487848901368,7.790639848228581,-12.),(5.328487848901368,7.790639848228581,5.),(5.563819843406325,8.209360151771419,-12.),(5.563819843406325,8.209360151771419,5.),(5.513103233516753,8.230639848228583,-12.),(5.513103233516753,8.230639848228583,5.),(5.538461538461538,8.1925,-12.),(5.538461538461538,8.1925,5.),(5.538461538461538,8.2475,-12.),(5.538461538461538,8.2475,5.),(5.815384615384614,8.1925,-12.),(5.815384615384614,8.1925,5.),(5.815384615384614,8.2475,-12.),(5.815384615384614,8.2475,5.),(5.7900263104398295,8.209360151771419,-12.),(5.7900263104398295,8.209360151771419,5.),(5.840742920329402,8.230639848228583,-12.),(5.840742920329402,8.230639848228583,5.),(5.974641695055214,7.769360151771418,-12.),(5.974641695055214,7.769360151771418,5.),(6.0253583049447865,7.790639848228581,-12.),(6.0253583049447865,7.790639848228581,5.),(6.,7.7525,-12.),(6.,7.7525,5.),(6.,7.8075,-12.),(6.,7.8075,5.),(6.276923076923076,7.7525,-12.),(6.276923076923076,7.7525,5.),(6.276923076923076,7.8075,-12.),(6.276923076923076,7.8075,5.),(6.302281381867863,7.769360151771418,-12.),(6.302281381867863,7.769360151771418,5.),(6.251564771978291,7.790639848228581,-12.),(6.251564771978291,7.790639848228581,5.),(6.486896766483248,8.209360151771419,-12.),(6.486896766483248,8.209360151771419,5.),(6.436180156593676,8.230639848228583,-12.),(6.436180156593676,8.230639848228583,5.),(6.461538461538462,8.1925,-12.),(6.461538461538462,8.1925,5.),(6.461538461538462,8.2475,-12.),(6.461538461538462,8.2475,5.),(6.738461538461538,8.1925,-12.),(6.738461538461538,8.1925,5.),(6.738461538461538,8.2475,-12.),(6.738461538461538,8.2475,5.),(6.713103233516753,8.209360151771419,-12.),(6.713103233516753,8.209360151771419,5.),(6.763819843406325,8.230639848228583,-12.),(6.763819843406325,8.230639848228583,5.),(6.897718618132138,7.769360151771418,-12.),(6.897718618132138,7.769360151771418,5.),(6.94843522802171,7.790639848228581,-12.),(6.94843522802171,7.790639848228581,5.),(6.923076923076923,7.7525,-12.),(6.923076923076923,7.7525,5.),(6.923076923076923,7.8075,-12.),(6.923076923076923,7.8075,5.),(7.199999999999999,7.7525,-12.),(7.199999999999999,7.7525,5.),(7.199999999999999,7.8075,-12.),(7.199999999999999,7.8075,5.),(7.225358304944787,7.769360151771418,-12.),(7.225358304944787,7.769360151771418,5.),(7.1746416950552145,7.790639848228581,-12.),(7.1746416950552145,7.790639848228581,5.),(7.4099736895601716,8.209360151771419,-12.),(7.4099736895601716,8.209360151771419,5.),(7.359257079670599,8.230639848228583,-12.),(7.359257079670599,8.230639848228583,5.),(7.384615384615385,8.1925,-12.),(7.384615384615385,8.1925,5.),(7.384615384615385,8.2475,-12.),(7.384615384615385,8.2475,5.),(7.661538461538461,8.1925,-12.),(7.661538461538461,8.1925,5.),(7.661538461538461,8.2475,-12.),(7.661538461538461,8.2475,5.),(7.636180156593676,8.209360151771419,-12.),(7.636180156593676,8.209360151771419,5.),(7.686896766483248,8.230639848228583,-12.),(7.686896766483248,8.230639848228583,5.),(7.820795541209061,7.769360151771418,-12.),(7.820795541209061,7.769360151771418,5.),(7.871512151098633,7.790639848228581,-12.),(7.871512151098633,7.790639848228581,5.),(7.846153846153847,7.7525,-12.),(7.846153846153847,7.7525,5.),(7.846153846153847,7.8075,-12.),(7.846153846153847,7.8075,5.),(8.123076923076924,7.7525,-12.),(8.123076923076924,7.7525,5.),(8.123076923076924,7.8075,-12.),(8.123076923076924,7.8075,5.),(8.148435228021711,7.769360151771418,-12.),(8.148435228021711,7.769360151771418,5.),(8.097718618132138,7.790639848228581,-12.),(8.097718618132138,7.790639848228581,5.),(8.333050612637095,8.209360151771419,-12.),(8.333050612637095,8.209360151771419,5.),(8.282334002747522,8.23063984822858,-12.),(8.282334002747522,8.23063984822858,5.),(8.30769230769231,8.1925,-12.),(8.30769230769231,8.1925,5.),(8.30769230769231,8.2475,-12.),(8.30769230769231,8.2475,5.),(8.584615384615386,8.1925,-12.),(8.584615384615386,8.1925,5.),(8.584615384615386,8.2475,-12.),(8.584615384615386,8.2475,5.),(8.5592570796706,8.209360151771419,-12.),(8.5592570796706,8.209360151771419,5.),(8.609973689560173,8.23063984822858,-12.),(8.609973689560173,8.23063984822858,5.),(8.743872464285984,7.769360151771418,-12.),(8.743872464285984,7.769360151771418,5.),(8.794589074175557,7.790639848228581,-12.),(8.794589074175557,7.790639848228581,5.),(8.76923076923077,7.7525,-12.),(8.76923076923077,7.7525,5.),(8.76923076923077,7.8075,-12.),(8.76923076923077,7.8075,5.),(9.046153846153846,7.7525,-12.),(9.046153846153846,7.7525,5.),(9.046153846153846,7.8075,-12.),(9.046153846153846,7.8075,5.),(9.071512151098634,7.769360151771418,-12.),(9.071512151098634,7.769360151771418,5.),(9.020795541209061,7.790639848228581,-12.),(9.020795541209061,7.790639848228581,5.),(9.256127535714018,8.209360151771419,-12.),(9.256127535714018,8.209360151771419,5.),(9.205410925824445,8.23063984822858,-12.),(9.205410925824445,8.23063984822858,5.),(9.230769230769234,8.1925,-12.),(9.230769230769234,8.1925,5.),(9.230769230769234,8.2475,-12.),(9.230769230769234,8.2475,5.),(9.50769230769231,8.1925,-12.),(9.50769230769231,8.1925,5.),(9.50769230769231,8.2475,-12.),(9.50769230769231,8.2475,5.),(9.482334002747523,8.209360151771419,-12.),(9.482334002747523,8.209360151771419,5.),(9.533050612637096,8.23063984822858,-12.),(9.533050612637096,8.23063984822858,5.),(9.666949387362907,7.769360151771418,-12.),(9.666949387362907,7.769360151771418,5.),(9.71766599725248,7.790639848228581,-12.),(9.71766599725248,7.790639848228581,5.),(9.692307692307693,7.7525,-12.),(9.692307692307693,7.7525,5.),(9.692307692307693,7.8075,-12.),(9.692307692307693,7.8075,5.),(9.96923076923077,7.7525,-12.),(9.96923076923077,7.7525,5.),(9.96923076923077,7.8075,-12.),(9.96923076923077,7.8075,5.),(9.994589074175558,7.769360151771418,-12.),(9.994589074175558,7.769360151771418,5.),(9.943872464285985,7.790639848228581,-12.),(9.943872464285985,7.790639848228581,5.),(10.179204458790942,8.209360151771419,-12.),(10.179204458790942,8.209360151771419,5.),(10.128487848901369,8.23063984822858,-12.),(10.128487848901369,8.23063984822858,5.),(10.153846153846157,8.1925,-12.),(10.153846153846157,8.1925,5.),(10.153846153846157,8.2475,-12.),(10.153846153846157,8.2475,5.),(10.430769230769233,8.1925,-12.),(10.430769230769233,8.1925,5.),(10.430769230769233,8.2475,-12.),(10.430769230769233,8.2475,5.),(10.405410925824446,8.209360151771419,-12.),(10.405410925824446,8.209360151771419,5.),(10.45612753571402,8.23063984822858,-12.),(10.45612753571402,8.23063984822858,5.),(10.59002631043983,7.769360151771418,-12.),(10.59002631043983,7.769360151771418,5.),(10.640742920329403,7.790639848228581,-12.),(10.640742920329403,7.790639848228581,5.),(10.615384615384617,7.7525,-12.),(10.615384615384617,7.7525,5.),(10.615384615384617,7.8075,-12.),(10.615384615384617,7.8075,5.),(10.892307692307693,7.7525,-12.),(10.892307692307693,7.7525,5.),(10.892307692307693,7.8075,-12.),(10.892307692307693,7.8075,5.),(10.917665997252481,7.769360151771418,-12.),(10.917665997252481,7.769360151771418,5.),(10.866949387362908,7.790639848228581,-12.),(10.866949387362908,7.790639848228581,5.),(11.102281381867865,8.209360151771419,-12.),(11.102281381867865,8.209360151771419,5.),(11.051564771978292,8.23063984822858,-12.),(11.051564771978292,8.23063984822858,5.),(11.076923076923077,8.1925,-12.),(11.076923076923077,8.1925,5.),(11.076923076923077,8.2475,-12.),(11.076923076923077,8.2475,5.),(11.353846153846153,8.1925,-12.),(11.353846153846153,8.1925,5.),(11.353846153846153,8.2475,-12.),(11.353846153846153,8.2475,5.),(11.328487848901368,8.209360151771419,-12.),(11.328487848901368,8.209360151771419,5.),(11.379204458790941,8.23063984822858,-12.),(11.379204458790941,8.23063984822858,5.),(11.513103233516752,7.769360151771418,-12.),(11.513103233516752,7.769360151771418,5.),(11.563819843406325,7.790639848228581,-12.),(11.563819843406325,7.790639848228581,5.),(11.53846153846154,7.7525,-12.),(11.53846153846154,7.7525,5.),(11.53846153846154,7.8075,-12.),(11.53846153846154,7.8075,5.),(11.815384615384616,7.7525,-12.),(11.815384615384616,7.7525,5.),(11.815384615384616,7.8075,-12.),(11.815384615384616,7.8075,5.),(11.840742920329403,7.769360151771418,-12.),(11.840742920329403,7.769360151771418,5.),(11.79002631043983,7.790639848228581,-12.),(11.79002631043983,7.790639848228581,5.),(12.025358304944787,8.209360151771419,-12.),(12.025358304944787,8.209360151771419,5.),(11.974641695055213,8.23063984822858,-12.),(11.974641695055213,8.23063984822858,5.)));
#673=IFCINDEXEDPOLYGONALFACE((2,4,1));
#674=IFCINDEXEDPOLYGONALFACE((5,2,1));
#675=IFCINDEXEDPOLYGONALFACE((1,4,3));
#676=IFCINDEXEDPOLYGONALFACE((3,5,1));
#677=IFCINDEXEDPOLYGONALFACE((2,8,4));
#678=IFCINDEXEDPOLYGONALFACE((6,2,5));
#679=IFCINDEXEDPOLYGONALFACE((6,8,2));
#680=IFCINDEXEDPOLYGONALFACE((4,8,3));
#681=IFCINDEXEDPOLYGONALFACE((7,5,3));
#682=IFCINDEXEDPOLYGONALFACE((3,8,7));
#683=IFCINDEXEDPOLYGONALFACE((7,6,5));
#684=IFCINDEXEDPOLYGONALFACE((8,6,7));
#685=IFCINDEXEDPOLYGONALFACE((10,12,9));
#686=IFCINDEXEDPOLYGONALFACE((13,10,9));
#687=IFCINDEXEDPOLYGONALFACE((9,12,11));
#688=IFCINDEXEDPOLYGONALFACE((11,13,9));
#689=IFCINDEXEDPOLYGONALFACE((10,16,12));
#690=IFCINDEXEDPOLYGONALFACE((14,10,13));
#691=IFCINDEXEDPOLYGONALFACE((14,16,10));
#692=IFCINDEXEDPOLYGONALFACE((12,16,11));
#693=IFCINDEXEDPOLYGONALFACE((15,13,11));
#694=IFCINDEXEDPOLYGONALFACE((11,16,15));
#695=IFCINDEXEDPOLYGONALFACE((15,14,13));
#696=IFCINDEXEDPOLYGONALFACE((16,14,15));
#697=IFCINDEXEDPOLYGONALFACE((18,20,17));
#698=IFCINDEXEDPOLYGONALFACE((21,18,17));
#699=IFCINDEXEDPOLYGONALFACE((17,20,19));
#700=IFCINDEXEDPOLYGONALFACE((19,21,17));
#701=IFCINDEXEDPOLYGONALFACE((18,24,20));
#702=IFCINDEXEDPOLYGONALFACE((22,18,21));
#703=IFCINDEXEDPOLYGONALFACE((22,24,18));
#704=IFCINDEXEDPOLYGONALFACE((20,24,19));
#705=IFCINDEXEDPOLYGONALFACE((23,21,19));
#706=IFCINDEXEDPOLYGONALFACE((19,24,23));
#707=IFCINDEXEDPOLYGONALFACE((23,22,21));
#708=IFCINDEXEDPOLYGONALFACE((24,22,23));
#709=IFCINDEXEDPOLYGONALFACE((26,28,25));
#710=IFCINDEXEDPOLYGONALFACE((29,26,25));
#711=IFCINDEXEDPOLYGONALFACE((25,28,27));
#712=IFCINDEXEDPOLYGONALFACE((27,29,25));
#713=IFCINDEXEDPOLYGONALFACE((26,32,28));
#714=IFCINDEXEDPOLYGONALFACE((30,26,29));
#715=IFCINDEXEDPOLYGONALFACE((30,32,26));
#716=IFCINDEXEDPOLYGONALFACE((28,32,27));
#717=IFCINDEXEDPOLYGONALFACE((31,29,27));
#718=IFCINDEXEDPOLYGONALFACE((27,32,31));
#719=IFCINDEXEDPOLYGONALFACE((31,30,29));
#720=IFCINDEXEDPOLYGONALFACE((32,30,31));
#721=IFCINDEXEDPOLYGONALFACE((34,36,33));
#722=IFCINDEXEDPOLYGONALFACE((37,34,33));
#723=IFCINDEXEDPOLYGONALFACE((33,36,35));
#724=IFCINDEXEDPOLYGONALFACE((35,37,33));
#725=IFCINDEXEDPOLYGONALFACE((34,40,36));
#726=IFCINDEXEDPOLYGONALFACE((38,34,37));
#727=IFCINDEXEDPOLYGONALFACE((38,40,34));
#728=IFCINDEXEDPOLYGONALFACE((36,40,35));
#729=IFCINDEXEDPOLYGONALFACE((39,37,35));
#730=IFCINDEXEDPOLYGONALFACE((35,40,39));
#731=IFCINDEXEDPOLYGONALFACE((39,38,37));
#732=IFCINDEXEDPOLYGONALFACE((40,38,39));
#733=IFCINDEXEDPOLYGONALFACE((42,44,41));
#734=IFCINDEXEDPOLYGONALFACE((45,42,41));
#735=IFCINDEXEDPOLYGONALFACE((41,44,43));
#736=IFCINDEXEDPOLYGONALFACE((43,45,41));
#737=IFCINDEXEDPOLYGONALFACE((42,48,44));
#738=IFCINDEXEDPOLYGONALFACE((46,42,45));
#739=IFCINDEXEDPOLYGONALFACE((46,48,42));
#740=IFCINDEXEDPOLYGONALFACE((44,48,43));
#741=IFCINDEXEDPOLYGONALFACE((47,45,43));
#742=IFCINDEXEDPOLYGONALFACE((43,48,47));
#743=IFCINDEXEDPOLYGONALFACE((47,46,45));
#744=IFCINDEXEDPOLYGONALFACE((48,46,47));
#745=IFCINDEXEDPOLYGONALFACE((50,52,49));
#746=IFCINDEXEDPOLYGONALFACE((53,50,49));
#747=IFCINDEXEDPOLYGONALFACE((49,52,51));
#748=IFCINDEXEDPOLYGONALFACE((51,53,49));
#749=IFCINDEXEDPOLYGONALFACE((50,56,52));
#750=IFCINDEXEDPOLYGONALFACE((54,50,53));
#751=IFCINDEXEDPOLYGONALFACE((54,56,50));
#752=IFCINDEXEDPOLYGONALFACE((52,56,51));
#753=IFCINDEXEDPOLYGONALFACE((55,53,51));
#754=IFCINDEXEDPOLYGONALFACE((51,56,55));
#755=IFCINDEXEDPOLYGONALFACE((55,54,53));
#756=IFCINDEXEDPOLYGONALFACE((56,54,55));
#757=IFCINDEXEDPOLYGONALFACE((58,60,57));
#758=IFCINDEXEDPOLYGONALFACE((61,58,57));
#759=IFCINDEXEDPOLYGONALFACE((57,60,59));
#760=IFCINDEXEDPOLYGONALFACE((59,61,57));
#761=IFCINDEXEDPOLYGONALFACE((58,64,60));
#762=IFCINDEXEDPOLYGONALFACE((62,58,61));
#763=IFCINDEXEDPOLYGONALFACE((62,64,58));
#764=IFCINDEXEDPOLYGONALFACE((60,64,59));
#765=IFCINDEXEDPOLYGONALFACE((63,61,59));
#766=IFCINDEXEDPOLYGONALFACE((59,64,63));
#767=IFCINDEXEDPOLYGONALFACE((63,62,61));
#768=IFCINDEXEDPOLYGONALFACE((64,62,63));
#769=IFCINDEXEDPOLYGONALFACE((66,68,65));
#770=IFCINDEXEDPOLYGONALFACE((69,66,65));
#771=IFCINDEXEDPOLYGONALFACE((65,68,67));
#772=IFCINDEXEDPOLYGONALFACE((67,69,65));
#773=IFCINDEXEDPOLYGONALFACE((66,72,68));
#774=IFCINDEXEDPOLYGONALFACE((70,66,69));
#775=IFCINDEXEDPOLYGONALFACE((70,72,66));
#776=IFCINDEXEDPOLYGONALFACE((68,72,67));
#777=IFCINDEXEDPOLYGONALFACE((71,69,67));
#778=IFCINDEXEDPOLYGONALFACE((67,72,71));
#779=IFCINDEXEDPOLYGONALFACE((71,70,69));
#780=IFCINDEXEDPOLYGONALFACE((72,70,71));
#781=IFCINDEXEDPOLYGONALFACE((74,76,73));
#782=IFCINDEXEDPOLYGONALFACE((77,74,73));
#783=IFCINDEXEDPOLYGONALFACE((73,76,75));
#784=IFCINDEXEDPOLYGONALFACE((75,77,73));
#785=IFCINDEXEDPOLYGONALFACE((74,80,76));
#786=IFCINDEXEDPOLYGONALFACE((78,74,77));
#787=IFCINDEXEDPOLYGONALFACE((78,80,74));
#788=IFCINDEXEDPOLYGONALFACE((76,80,75));
#789=IFCINDEXEDPOLYGONALFACE((79,77,75));
#790=IFCINDEXEDPOLYGONALFACE((75,80,79));
#791=IFCINDEXEDPOLYGONALFACE((79,78,77));
#792=IFCINDEXEDPOLYGONALFACE((80,78,79));
#793=IFCINDEXEDPOLYGONALFACE((82,84,81));
#794=IFCINDEXEDPOLYGONALFACE((85,82,81));
#795=IFCINDEXEDPOLYGONALFACE((81,84,83));
#796=IFCINDEXEDPOLYGONALFACE((83,85,81));
#797=IFCINDEXEDPOLYGONALFACE((82,88,84));
#798=IFCINDEXEDPOLYGONALFACE((86,82,85));
#799=IFCINDEXEDPOLYGONALFACE((86,88,82));
#800=IFCINDEXEDPOLYGONALFACE((84,88,83));
#801=IFCINDEXEDPOLYGONALFACE((87,85,83));
#802=IFCINDEXEDPOLYGONALFACE((83,88,87));
#803=IFCINDEXEDPOLYGONALFACE((87,86,85));
#804=IFCINDEXEDPOLYGONALFACE((88,86,87));
#805=IFCINDEXEDPOLYGONALFACE((90,92,89));
#806=IFCINDEXEDPOLYGONALFACE((93,90,89));
#807=IFCINDEXEDPOLYGONALFACE((89,92,91));
#808=IFCINDEXEDPOLYGONALFACE((91,93,89));
#809=IFCINDEXEDPOLYGONALFACE((90,96,92));
#810=IFCINDEXEDPOLYGONALFACE((94,90,93));
#811=IFCINDEXEDPOLYGONALFACE((94,96,90));
#812=IFCINDEXEDPOLYGONALFACE((92,96,91));
#813=IFCINDEXEDPOLYGONALFACE((95,93,91));
#814=IFCINDEXEDPOLYGONALFACE((91,96,95));
#815=IFCINDEXEDPOLYGONALFACE((95,94,93));
#816=IFCINDEXEDPOLYGONALFACE((96,94,95));
#817=IFCINDEXEDPOLYGONALFACE((98,100,97));
#818=IFCINDEXEDPOLYGONALFACE((101,98,97));
#819=IFCINDEXEDPOLYGONALFACE((97,100,99));
#820=IFCINDEXEDPOLYGONALFACE((99,101,97));
#821=IFCINDEXEDPOLYGONALFACE((98,104,100));
#822=IFCINDEXEDPOLYGONALFACE((102,98,101));
#823=IFCINDEXEDPOLYGONALFACE((102,104,98));
#824=IFCINDEXEDPOLYGONALFACE((100,104,99));
#825=IFCINDEXEDPOLYGONALFACE((103,101,99));
#826=IFCINDEXEDPOLYGONALFACE((99,104,103));
#827=IFCINDEXEDPOLYGONALFACE((103,102,101));
#828=IFCINDEXEDPOLYGONALFACE((104,102,103));
#829=IFCINDEXEDPOLYGONALFACE((106,108,105));
#830=IFCINDEXEDPOLYGONALFACE((109,106,105));
#831=IFCINDEXEDPOLYGONALFACE((105,108,107));
#832=IFCINDEXEDPOLYGONALFACE((107,109,105));
#833=IFCINDEXEDPOLYGONALFACE((106,112,108));
#834=IFCINDEXEDPOLYGONALFACE((110,106,109));
#835=IFCINDEXEDPOLYGONALFACE((110,112,106));
#836=IFCINDEXEDPOLYGONALFACE((108,112,107));
#837=IFCINDEXEDPOLYGONALFACE((111,109,107));
#838=IFCINDEXEDPOLYGONALFACE((107,112,111));
#839=IFCINDEXEDPOLYGONALFACE((111,110,109));
#840=IFCINDEXEDPOLYGONALFACE((112,110,111));
#841=IFCINDEXEDPOLYGONALFACE((114,116,113));
#842=IFCINDEXEDPOLYGONALFACE((117,114,113));
#843=IFCINDEXEDPOLYGONALFACE((113,116,115));
#844=IFCINDEXEDPOLYGONALFACE((115,117,113));
#845=IFCINDEXEDPOLYGONALFACE((114,120,116));
#846=IFCINDEXEDPOLYGONALFACE((118,114,117));
#847=IFCINDEXEDPOLYGONALFACE((118,120,114));
#848=IFCINDEXEDPOLYGONALFACE((116,120,115));
#849=IFCINDEXEDPOLYGONALFACE((119,117,115));
#850=IFCINDEXEDPOLYGONALFACE((115,120,119));
#851=IFCINDEXEDPOLYGONALFACE((119,118,117));
#852=IFCINDEXEDPOLYGONALFACE((120,118,119));
#853=IFCINDEXEDPOLYGONALFACE((122,124,121));
#854=IFCINDEXEDPOLYGONALFACE((125,122,121));
#855=IFCINDEXEDPOLYGONALFACE((121,124,123));
#856=IFCINDEXEDPOLYGONALFACE((123,125,121));
#857=IFCINDEXEDPOLYGONALFACE((122,128,124));
#858=IFCINDEXEDPOLYGONALFACE((126,122,125));
#859=IFCINDEXEDPOLYGONALFACE((126,128,122));
#860=IFCINDEXEDPOLYGONALFACE((124,128,123));
#861=IFCINDEXEDPOLYGONALFACE((127,125,123));
#862=IFCINDEXEDPOLYGONALFACE((123,128,127));
#863=IFCINDEXEDPOLYGONALFACE((127,126,125));
#864=IFCINDEXEDPOLYGONALFACE((128,126,127));
#865=IFCINDEXEDPOLYGONALFACE((130,132,129));
#866=IFCINDEXEDPOLYGONALFACE((133,130,129));
#867=IFCINDEXEDPOLYGONALFACE((129,132,131));
#868=IFCINDEXEDPOLYGONALFACE((131,133,129));
#869=IFCINDEXEDPOLYGONALFACE((130,136,132));
#870=IFCINDEXEDPOLYGONALFACE((134,130,133));
#871=IFCINDEXEDPOLYGONALFACE((134,136,130));
#872=IFCINDEXEDPOLYGONALFACE((132,136,131));
#873=IFCINDEXEDPOLYGONALFACE((135,133,131));
#874=IFCINDEXEDPOLYGONALFACE((131,136,135));
#875=IFCINDEXEDPOLYGONALFACE((135,134,133));
#876=IFCINDEXEDPOLYGONALFACE((136,134,135));
#877=IFCINDEXEDPOLYGONALFACE((138,140,137));
#878=IFCINDEXEDPOLYGONALFACE((141,138,137));
#879=IFCINDEXEDPOLYGONALFACE((137,140,139));
#880=IFCINDEXEDPOLYGONALFACE((139,141,137));
#881=IFCINDEXEDPOLYGONALFACE((138,144,140));
#882=IFCINDEXEDPOLYGONALFACE((142,138,141));
#883=IFCINDEXEDPOLYGONALFACE((142,144,138));
#884=IFCINDEXEDPOLYGONALFACE((140,144,139));
#885=IFCINDEXEDPOLYGONALFACE((143,141,139));
#886=IFCINDEXEDPOLYGONALFACE((139,144,143));
#887=IFCINDEXEDPOLYGONALFACE((143,142,141));
#888=IFCINDEXEDPOLYGONALFACE((144,142,143));
#889=IFCINDEXEDPOLYGONALFACE((146,148,145));
#890=IFCINDEXEDPOLYGONALFACE((149,146,145));
#891=IFCINDEXEDPOLYGONALFACE((145,148,147));
#892=IFCINDEXEDPOLYGONALFACE((147,149,145));
#893=IFCINDEXEDPOLYGONALFACE((146,152,148));
#894=IFCINDEXEDPOLYGONALFACE((150,146,149));
#895=IFCINDEXEDPOLYGONALFACE((150,152,146));
#896=IFCINDEXEDPOLYGONALFACE((148,152,147));
#897=IFCINDEXEDPOLYGONALFACE((151,149,147));
#898=IFCINDEXEDPOLYGONALFACE((147,152,151));
#899=IFCINDEXEDPOLYGONALFACE((151,150,149));
#900=IFCINDEXEDPOLYGONALFACE((152,150,151));
#901=IFCINDEXEDPOLYGONALFACE((154,156,153));
#902=IFCINDEXEDPOLYGONALFACE((157,154,153));
#903=IFCINDEXEDPOLYGONALFACE((153,156,155));
#904=IFCINDEXEDPOLYGONALFACE((155,157,153));
#905=IFCINDEXEDPOLYGONALFACE((154,160,156));
#906=IFCINDEXEDPOLYGONALFACE((158,154,157));
#907=IFCINDEXEDPOLYGONALFACE((158,160,154));
#908=IFCINDEXEDPOLYGONALFACE((156,160,155));
#909=IFCINDEXEDPOLYGONALFACE((159,157,155));
#910=IFCINDEXEDPOLYGONALFACE((155,160,159));
#911=IFCINDEXEDPOLYGONALFACE((159,158,157));
#912=IFCINDEXEDPOLYGONALFACE((160,158,159));
#913=IFCINDEXEDPOLYGONALFACE((162,164,161));
#914=IFCINDEXEDPOLYGONALFACE((165,162,161));
#915=IFCINDEXEDPOLYGONALFACE((161,164,163));
#916=IFCINDEXEDPOLYGONALFACE((163,165,161));
#917=IFCINDEXEDPOLYGONALFACE((162,168,164));
#918=IFCINDEXEDPOLYGONALFACE((166,162,165));
#919=IFCINDEXEDPOLYGONALFACE((166,168,162));
#920=IFCINDEXEDPOLYGONALFACE((164,168,163));
#921=IFCINDEXEDPOLYGONALFACE((167,165,163));
#922=IFCINDEXEDPOLYGONALFACE((163,168,167));
#923=IFCINDEXEDPOLYGONALFACE((167,166,165));
#924=IFCINDEXEDPOLYGONALFACE((168,166,167));
#925=IFCINDEXEDPOLYGONALFACE((170,172,169));
#926=IFCINDEXEDPOLYGONALFACE((173,170,169));
#927=IFCINDEXEDPOLYGONALFACE((169,172,171));
#928=IFCINDEXEDPOLYGONALFACE((171,173,169));
#929=IFCINDEXEDPOLYGONALFACE((170,176,172));
#930=IFCINDEXEDPOLYGONALFACE((174,170,173));
#931=IFCINDEXEDPOLYGONALFACE((174,176,170));
#932=IFCINDEXEDPOLYGONALFACE((172,176,171));
#933=IFCINDEXEDPOLYGONALFACE((175,173,171));
#934=IFCINDEXEDPOLYGONALFACE((171,176,175));
#935=IFCINDEXEDPOLYGONALFACE((175,174,173));
#936=IFCINDEXEDPOLYGONALFACE((176,174,175));
#937=IFCINDEXEDPOLYGONALFACE((178,180,177));
#938=IFCINDEXEDPOLYGONALFACE((181,178,177));
#939=IFCINDEXEDPOLYGONALFACE((177,180,179));
#940=IFCINDEXEDPOLYGONALFACE((179,181,177));
#941=IFCINDEXEDPOLYGONALFACE((178,184,180));
#942=IFCINDEXEDPOLYGONALFACE((182,178,181));
#943=IFCINDEXEDPOLYGONALFACE((182,184,178));
#944=IFCINDEXEDPOLYGONALFACE((180,184,179));
#945=IFCINDEXEDPOLYGONALFACE((183,181,179));
#946=IFCINDEXEDPOLYGONALFACE((179,184,183));
#947=IFCINDEXEDPOLYGONALFACE((183,182,181));
#948=IFCINDEXEDPOLYGONALFACE((184,182,183));
#949=IFCINDEXEDPOLYGONALFACE((186,188,185));
#950=IFCINDEXEDPOLYGONALFACE((189,186,185));
#951=IFCINDEXEDPOLYGONALFACE((185,188,187));
#952=IFCINDEXEDPOLYGONALFACE((187,189,185));
#953=IFCINDEXEDPOLYGONALFACE((186,192,188));
#954=IFCINDEXEDPOLYGONALFACE((190,186,189));
#955=IFCINDEXEDPOLYGONALFACE((190,192,186));
#956=IFCINDEXEDPOLYGONALFACE((188,192,187));
#957=IFCINDEXEDPOLYGONALFACE((191,189,187));
#958=IFCINDEXEDPOLYGONALFACE((187,192,191));
#959=IFCINDEXEDPOLYGONALFACE((191,190,189));
#960=IFCINDEXEDPOLYGONALFACE((192,190,191));
#961=IFCINDEXEDPOLYGONALFACE((194,196,193));
#962=IFCINDEXEDPOLYGONALFACE((197,194,193));
#963=IFCINDEXEDPOLYGONALFACE((193,196,195));
#964=IFCINDEXEDPOLYGONALFACE((195,197,193));
#965=IFCINDEXEDPOLYGONALFACE((194,200,196));
#966=IFCINDEXEDPOLYGONALFACE((198,194,197));
#967=IFCINDEXEDPOLYGONALFACE((198,200,194));
#968=IFCINDEXEDPOLYGONALFACE((196,200,195));
#969=IFCINDEXEDPOLYGONALFACE((199,197,195));
#970=IFCINDEXEDPOLYGONALFACE((195,200,199));
#971=IFCINDEXEDPOLYGONALFACE((199,198,197));
#972=IFCINDEXEDPOLYGONALFACE((200,198,199));
#973=IFCINDEXEDPOLYGONALFACE((202,204,201));
#974=IFCINDEXEDPOLYGONALFACE((205,202,201));
#975=IFCINDEXEDPOLYGONALFACE((201,204,203));
#976=IFCINDEXEDPOLYGONALFACE((203,205,201));
#977=IFCINDEXEDPOLYGONALFACE((202,208,204));
#978=IFCINDEXEDPOLYGONALFACE((206,202,205));
#979=IFCINDEXEDPOLYGONALFACE((206,208,202));
#980=IFCINDEXEDPOLYGONALFACE((204,208,203));
#981=IFCINDEXEDPOLYGONALFACE((207,205,203));
#982=IFCINDEXEDPOLYGONALFACE((203,208,207));
#983=IFCINDEXEDPOLYGONALFACE((207,206,205));
#984=IFCINDEXEDPOLYGONALFACE((208,206,207));
#985=IFCINDEXEDPOLYGONALFACE((210,212,209));
#986=IFCINDEXEDPOLYGONALFACE((213,210,209));
#987=IFCINDEXEDPOLYGONALFACE((209,212,211));
#988=IFCINDEXEDPOLYGONALFACE((211,213,209));
#989=IFCINDEXEDPOLYGONALFACE((210,216,212));
#990=IFCINDEXEDPOLYGONALFACE((214,210,213));
#991=IFCINDEXEDPOLYGONALFACE((214,216,210));
#992=IFCINDEXEDPOLYGONALFACE((212,216,211));
#993=IFCINDEXEDPOLYGONALFACE((215,213,211));
#994=IFCINDEXEDPOLYGONALFACE((211,216,215));
#995=IFCINDEXEDPOLYGONALFACE((215,214,213));
#996=IFCINDEXEDPOLYGONALFACE((216,214,215));
#997=IFCINDEXEDPOLYGONALFACE((218,220,217));
#998=IFCINDEXEDPOLYGONALFACE((221,218,217));
#999=IFCINDEXEDPOLYGONALFACE((217,220,219));
#1000=IFCINDEXEDPOLYGONALFACE((219,221,217));
#1001=IFCINDEXEDPOLYGONALFACE((218,224,220));
#1002=IFCINDEXEDPOLYGONALFACE((222,218,221));
#1003=IFCINDEXEDPOLYGONALFACE((222,224,218));
#1004=IFCINDEXEDPOLYGONALFACE((220,224,219));
#1005=IFCINDEXEDPOLYGONALFACE((223,221,219));
#1006=IFCINDEXEDPOLYGONALFACE((219,224,223));
#1007=IFCINDEXEDPOLYGONALFACE((223,222,221));
#1008=IFCINDEXEDPOLYGONALFACE((224,222,223));
#1009=IFCINDEXEDPOLYGONALFACE((226,228,225));
#1010=IFCINDEXEDPOLYGONALFACE((229,226,225));
#1011=IFCINDEXEDPOLYGONALFACE((225,228,227));
#1012=IFCINDEXEDPOLYGONALFACE((227,229,225));
#1013=IFCINDEXEDPOLYGONALFACE((226,232,228));
#1014=IFCINDEXEDPOLYGONALFACE((230,226,229));
#1015=IFCINDEXEDPOLYGONALFACE((230,232,226));
#1016=IFCINDEXEDPOLYGONALFACE((228,232,227));
#1017=IFCINDEXEDPOLYGONALFACE((231,229,227));
#1018=IFCINDEXEDPOLYGONALFACE((227,232,231));
#1019=IFCINDEXEDPOLYGONALFACE((231,230,229));
#1020=IFCINDEXEDPOLYGONALFACE((232,230,231));
#1021=IFCINDEXEDPOLYGONALFACE((234,236,233));
#1022=IFCINDEXEDPOLYGONALFACE((237,234,233));
#1023=IFCINDEXEDPOLYGONALFACE((233,236,235));
#1024=IFCINDEXEDPOLYGONALFACE((235,237,233));
#1025=IFCINDEXEDPOLYGONALFACE((234,240,236));
#1026=IFCINDEXEDPOLYGONALFACE((238,234,237));
#1027=IFCINDEXEDPOLYGONALFACE((238,240,234));
#1028=IFCINDEXEDPOLYGONALFACE((236,240,235));
#1029=IFCINDEXEDPOLYGONALFACE((239,237,235));
#1030=IFCINDEXEDPOLYGONALFACE((235,240,239));
#1031=IFCINDEXEDPOLYGONALFACE((239,238,237));
#1032=IFCINDEXEDPOLYGONALFACE((240,238,239));
#1033=IFCINDEXEDPOLYGONALFACE((242,244,241));
#1034=IFCINDEXEDPOLYGONALFACE((245,242,241));
#1035=IFCINDEXEDPOLYGONALFACE((241,244,243));
#1036=IFCINDEXEDPOLYGONALFACE((243,245,241));
#1037=IFCINDEXEDPOLYGONALFACE((242,248,244));
#1038=IFCINDEXEDPOLYGONALFACE((246,242,245));
#1039=IFCINDEXEDPOLYGONALFACE((246,248,242));
#1040=IFCINDEXEDPOLYGONALFACE((244,248,243));
#1041=IFCINDEXEDPOLYGONALFACE((247,245,243));
#1042=IFCINDEXEDPOLYGONALFACE((243,248,247));
#1043=IFCINDEXEDPOLYGONALFACE((247,246,245));
#1044=IFCINDEXEDPOLYGONALFACE((248,246,247));
#1045=IFCINDEXEDPOLYGONALFACE((250,252,249));
#1046=IFCINDEXEDPOLYGONALFACE((253,250,249));
#1047=IFCINDEXEDPOLYGONALFACE((249,252,251));
#1048=IFCINDEXEDPOLYGONALFACE((251,253,249));
#1049=IFCINDEXEDPOLYGONALFACE((250,256,252));
#1050=IFCINDEXEDPOLYGONALFACE((254,250,253));
#1051=IFCINDEXEDPOLYGONALFACE((254,256,250));
#1052=IFCINDEXEDPOLYGONALFACE((252,256,251));
#1053=IFCINDEXEDPOLYGONALFACE((255,253,251));
#1054=IFCINDEXEDPOLYGONALFACE((251,256,255));
#1055=IFCINDEXEDPOLYGONALFACE((255,254,253));
#1056=IFCINDEXEDPOLYGONALFACE((256,254,255));
#1057=IFCINDEXEDPOLYGONALFACE((258,260,257));
#1058=IFCINDEXEDPOLYGONALFACE((261,258,257));
#1059=IFCINDEXEDPOLYGONALFACE((257,260,259));
#1060=IFCINDEXEDPOLYGONALFACE((259,261,257));
#1061=IFCINDEXEDPOLYGONALFACE((258,264,260));
#1062=IFCINDEXEDPOLYGONALFACE((262,258,261));
#1063=IFCINDEXEDPOLYGONALFACE((262,264,258));
#1064=IFCINDEXEDPOLYGONALFACE((260,264,259));
#1065=IFCINDEXEDPOLYGONALFACE((263,261,259));
#1066=IFCINDEXEDPOLYGONALFACE((259,264,263));
#1067=IFCINDEXEDPOLYGONALFACE((263,262,261));
#1068=IFCINDEXEDPOLYGONALFACE((264,262,263));
#1069=IFCINDEXEDPOLYGONALFACE((266,268,265));
#1070=IFCINDEXEDPOLYGONALFACE((269,266,265));
#1071=IFCINDEXEDPOLYGONALFACE((265,268,267));
#1072=IFCINDEXEDPOLYGONALFACE((267,269,265));
#1073=IFCINDEXEDPOLYGONALFACE((266,272,268));
#1074=IFCINDEXEDPOLYGONALFACE((270,266,269));
#1075=IFCINDEXEDPOLYGONALFACE((270,272,266));
#1076=IFCINDEXEDPOLYGONALFACE((268,272,267));
#1077=IFCINDEXEDPOLYGONALFACE((271,269,267));
#1078=IFCINDEXEDPOLYGONALFACE((267,272,271));
#1079=IFCINDEXEDPOLYGONALFACE((271,270,269));
#1080=IFCINDEXEDPOLYGONALFACE((272,270,271));
#1081=IFCINDEXEDPOLYGONALFACE((274,276,273));
#1082=IFCINDEXEDPOLYGONALFACE((277,274,273));
#1083=IFCINDEXEDPOLYGONALFACE((273,276,275));
#1084=IFCINDEXEDPOLYGONALFACE((275,277,273));
#1085=IFCINDEXEDPOLYGONALFACE((274,280,276));
#1086=IFCINDEXEDPOLYGONALFACE((278,274,277));
#1087=IFCINDEXEDPOLYGONALFACE((278,280,274));
#1088=IFCINDEXEDPOLYGONALFACE((276,280,275));
#1089=IFCINDEXEDPOLYGONALFACE((279,277,275));
#1090=IFCINDEXEDPOLYGONALFACE((275,280,279));
#1091=IFCINDEXEDPOLYGONALFACE((279,278,277));
#1092=IFCINDEXEDPOLYGONALFACE((280,278,279));
#1093=IFCINDEXEDPOLYGONALFACE((282,284,281));
#1094=IFCINDEXEDPOLYGONALFACE((285,282,281));
#1095=IFCINDEXEDPOLYGONALFACE((281,284,283));
#1096=IFCINDEXEDPOLYGONALFACE((283,285,281));
#1097=IFCINDEXEDPOLYGONALFACE((282,288,284));
#1098=IFCINDEXEDPOLYGONALFACE((286,282,285));
#1099=IFCINDEXEDPOLYGONALFACE((286,288,282));
#1100=IFCINDEXEDPOLYGONALFACE((284,288,283));
#1101=IFCINDEXEDPOLYGONALFACE((287,285,283));
#1102=IFCINDEXEDPOLYGONALFACE((283,288,287));
#1103=IFCINDEXEDPOLYGONALFACE((287,286,285));
#1104=IFCINDEXEDPOLYGONALFACE((288,286,287));
#1105=IFCINDEXEDPOLYGONALFACE((290,292,289));
#1106=IFCINDEXEDPOLYGONALFACE((293,290,289));
#1107=IFCINDEXEDPOLYGONALFACE((289,292,291));
#1108=IFCINDEXEDPOLYGONALFACE((291,293,289));
#1109=IFCINDEXEDPOLYGONALFACE((290,296,292));
#1110=IFCINDEXEDPOLYGONALFACE((294,290,293));
#1111=IFCINDEXEDPOLYGONALFACE((294,296,290));
#1112=IFCINDEXEDPOLYGONALFACE((292,296,291));
#1113=IFCINDEXEDPOLYGONALFACE((295,293,291));
#1114=IFCINDEXEDPOLYGONALFACE((291,296,295));
#1115=IFCINDEXEDPOLYGONALFACE((295,294,293));
#1116=IFCINDEXEDPOLYGONALFACE((296,294,295));
#1117=IFCINDEXEDPOLYGONALFACE((298,300,297));
#1118=IFCINDEXEDPOLYGONALFACE((301,298,297));
#1119=IFCINDEXEDPOLYGONALFACE((297,300,299));
#1120=IFCINDEXEDPOLYGONALFACE((299,301,297));
#1121=IFCINDEXEDPOLYGONALFACE((298,304,300));
#1122=IFCINDEXEDPOLYGONALFACE((302,298,301));
#1123=IFCINDEXEDPOLYGONALFACE((302,304,298));
#1124=IFCINDEXEDPOLYGONALFACE((300,304,299));
#1125=IFCINDEXEDPOLYGONALFACE((303,301,299));
#1126=IFCINDEXEDPOLYGONALFACE((299,304,303));
#1127=IFCINDEXEDPOLYGONALFACE((303,302,301));
#1128=IFCINDEXEDPOLYGONALFACE((304,302,303));
#1129=IFCINDEXEDPOLYGONALFACE((306,308,305));
#1130=IFCINDEXEDPOLYGONALFACE((309,306,305));
#1131=IFCINDEXEDPOLYGONALFACE((305,308,307));
#1132=IFCINDEXEDPOLYGONALFACE((307,309,305));
#1133=IFCINDEXEDPOLYGONALFACE((306,312,308));
#1134=IFCINDEXEDPOLYGONALFACE((310,306,309));
#1135=IFCINDEXEDPOLYGONALFACE((310,312,306));
#1136=IFCINDEXEDPOLYGONALFACE((308,312,307));
#1137=IFCINDEXEDPOLYGONALFACE((311,309,307));
#1138=IFCINDEXEDPOLYGONALFACE((307,312,311));
#1139=IFCINDEXEDPOLYGONALFACE((311,310,309));
#1140=IFCINDEXEDPOLYGONALFACE((312,310,311));
#1141=IFCINDEXEDPOLYGONALFACE((314,316,313));
#1142=IFCINDEXEDPOLYGONALFACE((317,314,313));
#1143=IFCINDEXEDPOLYGONALFACE((313,316,315));
#1144=IFCINDEXEDPOLYGONALFACE((315,317,313));
#1145=IFCINDEXEDPOLYGONALFACE((314,320,316));
#1146=IFCINDEXEDPOLYGONALFACE((318,314,317));
#1147=IFCINDEXEDPOLYGONALFACE((318,320,314));
#1148=IFCINDEXEDPOLYGONALFACE((316,320,315));
#1149=IFCINDEXEDPOLYGONALFACE((319,317,315));
#1150=IFCINDEXEDPOLYGONALFACE((315,320,319));
#1151=IFCINDEXEDPOLYGONALFACE((319,318,317));
#1152=IFCINDEXEDPOLYGONALFACE((320,318,319));
#1153=IFCINDEXEDPOLYGONALFACE((322,324,321));
#1154=IFCINDEXEDPOLYGONALFACE((325,322,321));
#1155=IFCINDEXEDPOLYGONALFACE((321,324,323));
#1156=IFCINDEXEDPOLYGONALFACE((323,325,321));
#1157=IFCINDEXEDPOLYGONALFACE((322,328,324));
#1158=IFCINDEXEDPOLYGONALFACE((326,322,325));
#1159=IFCINDEXEDPOLYGONALFACE((326,328,322));
#1160=IFCINDEXEDPOLYGONALFACE((324,328,323));
#1161=IFCINDEXEDPOLYGONALFACE((327,325,323));
#1162=IFCINDEXEDPOLYGONALFACE((323,328,327));
#1163=IFCINDEXEDPOLYGONALFACE((327,326,325));
#1164=IFCINDEXEDPOLYGONALFACE((328,326,327));
#1165=IFCINDEXEDPOLYGONALFACE((330,332,329));
#1166=IFCINDEXEDPOLYGONALFACE((333,330,329));
#1167=IFCINDEXEDPOLYGONALFACE((329,332,331));
#1168=IFCINDEXEDPOLYGONALFACE((331,333,329));
#1169=IFCINDEXEDPOLYGONALFACE((330,336,332));
#1170=IFCINDEXEDPOLYGONALFACE((334,330,333));
#1171=IFCINDEXEDPOLYGONALFACE((334,336,330));
#1172=IFCINDEXEDPOLYGONALFACE((332,336,331));
#1173=IFCINDEXEDPOLYGONALFACE((335,333,331));
#1174=IFCINDEXEDPOLYGONALFACE((331,336,335));
#1175=IFCINDEXEDPOLYGONALFACE((335,334,333));
#1176=IFCINDEXEDPOLYGONALFACE((336,334,335));
#1177=IFCINDEXEDPOLYGONALFACE((338,340,337));
#1178=IFCINDEXEDPOLYGONALFACE((341,338,337));
#1179=IFCINDEXEDPOLYGONALFACE((337,340,339));
#1180=IFCINDEXEDPOLYGONALFACE((339,341,337));
#1181=IFCINDEXEDPOLYGONALFACE((338,344,340));
#1182=IFCINDEXEDPOLYGONALFACE((342,338,341));
#1183=IFCINDEXEDPOLYGONALFACE((342,344,338));
#1184=IFCINDEXEDPOLYGONALFACE((340,344,339));
#1185=IFCINDEXEDPOLYGONALFACE((343,341,339));
#1186=IFCINDEXEDPOLYGONALFACE((339,344,343));
#1187=IFCINDEXEDPOLYGONALFACE((343,342,341));
#1188=IFCINDEXEDPOLYGONALFACE((344,342,343));
#1189=IFCINDEXEDPOLYGONALFACE((346,348,345));
#1190=IFCINDEXEDPOLYGONALFACE((349,346,345));
#1191=IFCINDEXEDPOLYGONALFACE((345,348,347));
#1192=IFCINDEXEDPOLYGONALFACE((347,349,345));
#1193=IFCINDEXEDPOLYGONALFACE((346,352,348));
#1194=IFCINDEXEDPOLYGONALFACE((350,346,349));
#1195=IFCINDEXEDPOLYGONALFACE((350,352,346));
#1196=IFCINDEXEDPOLYGONALFACE((348,352,347));
#1197=IFCINDEXEDPOLYGONALFACE((351,349,347));
#1198=IFCINDEXEDPOLYGONALFACE((347,352,351));
#1199=IFCINDEXEDPOLYGONALFACE((351,350,349));
#1200=IFCINDEXEDPOLYGONALFACE((352,350,351));
#1201=IFCINDEXEDPOLYGONALFACE((354,356,353));
#1202=IFCINDEXEDPOLYGONALFACE((357,354,353));
#1203=IFCINDEXEDPOLYGONALFACE((353,356,355));
#1204=IFCINDEXEDPOLYGONALFACE((355,357,353));
#1205=IFCINDEXEDPOLYGONALFACE((354,360,356));
#1206=IFCINDEXEDPOLYGONALFACE((358,354,357));
#1207=IFCINDEXEDPOLYGONALFACE((358,360,354));
#1208=IFCINDEXEDPOLYGONALFACE((356,360,355));
#1209=IFCINDEXEDPOLYGONALFACE((359,357,355));
#1210=IFCINDEXEDPOLYGONALFACE((355,360,359));
#1211=IFCINDEXEDPOLYGONALFACE((359,358,357));
#1212=IFCINDEXEDPOLYGONALFACE((360,358,359));
#1213=IFCINDEXEDPOLYGONALFACE((362,364,361));
#1214=IFCINDEXEDPOLYGONALFACE((365,362,361));
#1215=IFCINDEXEDPOLYGONALFACE((361,364,363));
#1216=IFCINDEXEDPOLYGONALFACE((363,365,361));
#1217=IFCINDEXEDPOLYGONALFACE((362,368,364));
#1218=IFCINDEXEDPOLYGONALFACE((366,362,365));
#1219=IFCINDEXEDPOLYGONALFACE((366,368,362));
#1220=IFCINDEXEDPOLYGONALFACE((364,368,363));
#1221=IFCINDEXEDPOLYGONALFACE((367,365,363));
#1222=IFCINDEXEDPOLYGONALFACE((363,368,367));
#1223=IFCINDEXEDPOLYGONALFACE((367,366,365));
#1224=IFCINDEXEDPOLYGONALFACE((368,366,367));
#1225=IFCINDEXEDPOLYGONALFACE((370,372,369));
#1226=IFCINDEXEDPOLYGONALFACE((373,370,369));
#1227=IFCINDEXEDPOLYGONALFACE((369,372,371));
#1228=IFCINDEXEDPOLYGONALFACE((371,373,369));
#1229=IFCINDEXEDPOLYGONALFACE((370,376,372));
#1230=IFCINDEXEDPOLYGONALFACE((374,370,373));
#1231=IFCINDEXEDPOLYGONALFACE((374,376,370));
#1232=IFCINDEXEDPOLYGONALFACE((372,376,371));
#1233=IFCINDEXEDPOLYGONALFACE((375,373,371));
#1234=IFCINDEXEDPOLYGONALFACE((371,376,375));
#1235=IFCINDEXEDPOLYGONALFACE((375,374,373));
#1236=IFCINDEXEDPOLYGONALFACE((376,374,375));
#1237=IFCINDEXEDPOLYGONALFACE((378,380,377));
#1238=IFCINDEXEDPOLYGONALFACE((381,378,377));
#1239=IFCINDEXEDPOLYGONALFACE((377,380,379));
#1240=IFCINDEXEDPOLYGONALFACE((379,381,377));
#1241=IFCINDEXEDPOLYGONALFACE((378,384,380));
#1242=IFCINDEXEDPOLYGONALFACE((382,378,381));
#1243=IFCINDEXEDPOLYGONALFACE((382,384,378));
#1244=IFCINDEXEDPOLYGONALFACE((380,384,379));
#1245=IFCINDEXEDPOLYGONALFACE((383,381,379));
#1246=IFCINDEXEDPOLYGONALFACE((379,384,383));
#1247=IFCINDEXEDPOLYGONALFACE((383,382,381));
#1248=IFCINDEXEDPOLYGONALFACE((384,382,383));
#1249=IFCINDEXEDPOLYGONALFACE((386,388,385));
#1250=IFCINDEXEDPOLYGONALFACE((389,386,385));
#1251=IFCINDEXEDPOLYGONALFACE((385,388,387));
#1252=IFCINDEXEDPOLYGONALFACE((387,389,385));
#1253=IFCINDEXEDPOLYGONALFACE((386,392,388));
#1254=IFCINDEXEDPOLYGONALFACE((390,386,389));
#1255=IFCINDEXEDPOLYGONALFACE((390,392,386));
#1256=IFCINDEXEDPOLYGONALFACE((388,392,387));
#1257=IFCINDEXEDPOLYGONALFACE((391,389,387));
#1258=IFCINDEXEDPOLYGONALFACE((387,392,391));
#1259=IFCINDEXEDPOLYGONALFACE((391,390,389));
#1260=IFCINDEXEDPOLYGONALFACE((392,390,391));
#1261=IFCINDEXEDPOLYGONALFACE((394,396,393));
#1262=IFCINDEXEDPOLYGONALFACE((397,394,393));
#1263=IFCINDEXEDPOLYGONALFACE((393,396,395));
#1264=IFCINDEXEDPOLYGONALFACE((395,397,393));
#1265=IFCINDEXEDPOLYGONALFACE((394,400,396));
#1266=IFCINDEXEDPOLYGONALFACE((398,394,397));
#1267=IFCINDEXEDPOLYGONALFACE((398,400,394));
#1268=IFCINDEXEDPOLYGONALFACE((396,400,395));
#1269=IFCINDEXEDPOLYGONALFACE((399,397,395));
#1270=IFCINDEXEDPOLYGONALFACE((395,400,399));
#1271=IFCINDEXEDPOLYGONALFACE((399,398,397));
#1272=IFCINDEXEDPOLYGONALFACE((400,398,399));
#1273=IFCINDEXEDPOLYGONALFACE((402,404,401));
#1274=IFCINDEXEDPOLYGONALFACE((405,402,401));
#1275=IFCINDEXEDPOLYGONALFACE((401,404,403));
#1276=IFCINDEXEDPOLYGONALFACE((403,405,401));
#1277=IFCINDEXEDPOLYGONALFACE((402,408,404));
#1278=IFCINDEXEDPOLYGONALFACE((406,402,405));
#1279=IFCINDEXEDPOLYGONALFACE((406,408,402));
#1280=IFCINDEXEDPOLYGONALFACE((404,408,403));
#1281=IFCINDEXEDPOLYGONALFACE((407,405,403));
#1282=IFCINDEXEDPOLYGONALFACE((403,408,407));
#1283=IFCINDEXEDPOLYGONALFACE((407,406,405));
#1284=IFCINDEXEDPOLYGONALFACE((408,406,407));
#1285=IFCINDEXEDPOLYGONALFACE((410,412,409));
#1286=IFCINDEXEDPOLYGONALFACE((413,410,409));
#1287=IFCINDEXEDPOLYGONALFACE((409,412,411));
#1288=IFCINDEXEDPOLYGONALFACE((411,413,409));
#1289=IFCINDEXEDPOLYGONALFACE((410,416,412));
#1290=IFCINDEXEDPOLYGONALFACE((414,410,413));
#1291=IFCINDEXEDPOLYGONALFACE((414,416,410));
#1292=IFCINDEXEDPOLYGONALFACE((412,416,411));
#1293=IFCINDEXEDPOLYGONALFACE((415,413,411));
#1294=IFCINDEXEDPOLYGONALFACE((411,416,415));
#1295=IFCINDEXEDPOLYGONALFACE((415,414,413));
#1296=IFCINDEXEDPOLYGONALFACE((416,414,415));
#1297=IFCPOLYGONALFACESET(#672,$,(#673,#674,#675,#676,#677,#678,#679,#680,#681,#682,#683,#684,#685,#686,#687,#688,#689,#690,#691,#692,#693,#694,#695,#696,#697,#698,#699,#700,#701,#702,#703,#704,#705,#706,#707,#708,#709,#710,#711,#712,#713,#714,#715,#716,#717,#718,#719,#720,#721,#722,#723,#724,#725,#726,#727,#728,#729,#730,#731,#732,#733,#734,#735,#736,#737,#738,#739,#740,#741,#742,#743,#744,#745,#746,#747,#748,#749,#750,#751,#752,#753,#754,#755,#756,#757,#758,#759,#760,#761,#762,#763,#764,#765,#766,#767,#768,#769,#770,#771,#772,#773,#774,#775,#776,#777,#778,#779,#780,#781,#782,#783,#784,#785,#786,#787,#788,#789,#790,#791,#792,#793,#794,#795,#796,#797,#798,#799,#800,#801,#802,#803,#804,#805,#806,#807,#808,#809,#810,#811,#812,#813,#814,#815,#816,#817,#818,#819,#820,#821,#822,#823,#824,#825,#826,#827,#828,#829,#830,#831,#832,#833,#834,#835,#836,#837,#838,#839,#840,#841,#842,#843,#844,#845,#846,#847,#848,#849,#850,#851,#852,#853,#854,#855,#856,#857,#858,#859,#860,#861,#862,#863,#864,#865,#866,#867,#868,#869,#870,#871,#872,#873,#874,#875,#876,#877,#878,#879,#880,#881,#882,#883,#884,#885,#886,#887,#888,#889,#890,#891,#892,#893,#894,#895,#896,#897,#898,#899,#900,#901,#902,#903,#904,#905,#906,#907,#908,#909,#910,#911,#912,#913,#914,#915,#916,#917,#918,#919,#920,#921,#922,#923,#924,#925,#926,#927,#928,#929,#930,#931,#932,#933,#934,#935,#936,#937,#938,#939,#940,#941,#942,#943,#944,#945,#946,#947,#948,#949,#950,#951,#952,#953,#954,#955,#956,#957,#958,#959,#960,#961,#962,#963,#964,#965,#966,#967,#968,#969,#970,#971,#972,#973,#974,#975,#976,#977,#978,#979,#980,#981,#982,#983,#984,#985,#986,#987,#988,#989,#990,#991,#992,#993,#994,#995,#996,#997,#998,#999,#1000,#1001,#1002,#1003,#1004,#1005,#1006,#1007,#1008,#1009,#1010,#1011,#1012,#1013,#1014,#1015,#1016,#1017,#1018,#1019,#1020,#1021,#1022,#1023,#1024,#1025,#1026,#1027,#1028,#1029,#1030,#1031,#1032,#1033,#1034,#1035,#1036,#1037,#1038,#1039,#1040,#1041,#1042,#1043,#1044,#1045,#1046,#1047,#1048,#1049,#1050,#1051,#1052,#1053,#1054,#1055,#1056,#1057,#1058,#1059,#1060,#1061,#1062,#1063,#1064,#1065,#1066,#1067,#1068,#1069,#1070,#1071,#1072,#1073,#1074,#1075,#1076,#1077,#1078,#1079,#1080,#1081,#1082,#1083,#1084,#1085,#1086,#1087,#1088,#1089,#1090,#1091,#1092,#1093,#1094,#1095,#1096,#1097,#1098,#1099,#1100,#1101,#1102,#1103,#1104,#1105,#1106,#1107,#1108,#1109,#1110,#1111,#1112,#1113,#1114,#1115,#1116,#1117,#1118,#1119,#1120,#1121,#1122,#1123,#1124,#1125,#1126,#1127,#1128,#1129,#1130,#1131,#1132,#1133,#1134,#1135,#1136,#1137,#1138,#1139,#1140,#1141,#1142,#1143,#1144,#1145,#1146,#1147,#1148,#1149,#1150,#1151,#1152,#1153,#1154,#1155,#1156,#1157,#1158,#1159,#1160,#1161,#1162,#1163,#1164,#1165,#1166,#1167,#1168,#1169,#1170,#1171,#1172,#1173,#1174,#1175,#1176,#1177,#1178,#1179,#1180,#1181,#1182,#1183,#1184,#1185,#1186,#1187,#1188,#1189,#1190,#1191,#1192,#1193,#1194,#1195,#1196,#1197,#1198,#1199,#1200,#1201,#1202,#1203,#1204,#1205,#1206,#1207,#1208,#1209,#1210,#1211,#1212,#1213,#1214,#1215,#1216,#1217,#1218,#1219,#1220,#1221,#1222,#1223,#1224,#1225,#1226,#1227,#1228,#1229,#1230,#1231,#1232,#1233,#1234,#1235,#1236,#1237,#1238,#1239,#1240,#1241,#1242,#1243,#1244,#1245,#1246,#1247,#1248,#1249,#1250,#1251,#1252,#1253,#1254,#1255,#1256,#1257,#1258,#1259,#1260,#1261,#1262,#1263,#1264,#1265,#1266,#1267,#1268,#1269,#1270,#1271,#1272,#1273,#1274,#1275,#1276,#1277,#1278,#1279,#1280,#1281,#1282,#1283,#1284,#1285,#1286,#1287,#1288,#1289,#1290,#1291,#1292,#1293,#1294,#1295,#1296),$);
#1298=IFCSHAPEREPRESENTATION(#16,'Body','Tessellation',(#1297));
#1299=IFCPRODUCTDEFINITIONSHAPE($,$,(#1298));
#1300=IFCCARTESIANPOINT((0.,0.,0.));
#1301=IFCDIRECTION((0.,0.,1.));
#1302=IFCDIRECTION((1.,0.,0.));
#1303=IFCAXIS2PLACEMENT3D(#1300,#1301,#1302);
#1304=IFCLOCALPLACEMENT($,#1303);
#1305=IFCOWNERHISTORY(#5,#6,.READWRITE.,.ADDED.,1788887502,#5,#6,1788887502);
#1306=IFCPROPERTYSET('2MLRyMmWPFiRlGX3pxndD6',#1305,'Pset_TrimeshGeneration',$,(#1309,#1310,#1311,#1312,#1313));
#1307=IFCOWNERHISTORY(#5,#6,.READWRITE.,.ADDED.,1788887502,#5,#6,1788887502);
#1308=IFCRELDEFINESBYPROPERTIES('1snE489uL7EeS$P9GG$IfP',#1307,$,$,(#671),#1306);
#1309=IFCPROPERTYSINGLEVALUE('GenerationMethod',$,IFCLABEL('TRIMESH_CODE'),$);
#1310=IFCPROPERTYSINGLEVALUE('VertexCount',$,IFCINTEGER(416),$);
#1311=IFCPROPERTYSINGLEVALUE('FaceCount',$,IFCINTEGER(624),$);
#1312=IFCPROPERTYSINGLEVALUE('IsWatertight',$,IFCBOOLEAN(.T.),$);
#1313=IFCPROPERTYSINGLEVALUE('Volume',$,IFCREAL(18.331789522228522),$);
#1314=IFCOWNERHISTORY(#5,#6,.READWRITE.,.MODIFIED.,1788887503,#5,#6,1788887503);
#1315=IFCWALL('3Ku8pO1az4nOYCESiJ44Wf',#1314,'Sheet_Pile_Wall_West',$,$,#1756,#1751,$,$);
#1316=IFCCARTESIANPOINTLIST3D(((-0.1925,0.,-12.),(-0.1925,0.,5.),(-0.2475,0.,-12.),(-0.2475,0.,5.),(-0.1925,0.26666666666666666,-12.),(-0.1925,0.26666666666666666,5.),(-0.2475,0.26666666666666666,-12.),(-0.2475,0.26666666666666666,5.),(-0.20969800790445153,0.24116923623018427,-12.),(-0.20969800790445153,0.24116923623018427,5.),(-0.2303019920955484,0.292164097103149,-12.),(-0.2303019920955484,0.292164097103149,5.),(0.2303019920955484,0.418947014007962,-12.),(0.2303019920955484,0.418947014007962,5.),(0.20969800790445153,0.46994187488092676,-12.),(0.20969800790445153,0.46994187488092676,5.),(0.2475,0.4444444444444444,-12.),(0.2475,0.4444444444444444,5.),(0.1925,0.4444444444444444,-12.),(0.1925,0.4444444444444444,5.),(0.2475,0.711111111111111,-12.),(0.2475,0.711111111111111,5.),(0.1925,0.711111111111111,-12.),(0.1925,0.711111111111111,5.),(0.2303019920955484,0.7366085415475934,-12.),(0.2303019920955484,0.7366085415475934,5.),(0.20969800790445153,0.6856136806746286,-12.),(0.20969800790445153,0.6856136806746286,5.),(-0.20969800790445153,0.9143863193253713,-12.),(-0.20969800790445153,0.9143863193253713,5.),(-0.2303019920955484,0.8633914584524065,-12.),(-0.2303019920955484,0.8633914584524065,5.),(-0.1925,0.8888888888888888,-12.),(-0.1925,0.8888888888888888,5.),(-0.2475,0.8888888888888888,-12.),(-0.2475,0.8888888888888888,5.),(-0.1925,1.1555555555555554,-12.),(-0.1925,1.1555555555555554,5.),(-0.2475,1.1555555555555554,-12.),(-0.2475,1.1555555555555554,5.),(-0.20969800790445156,1.130058125119073,-12.),(-0.20969800790445156,1.130058125119073,5.),(-0.23030199209554844,1.181052985992038,-12.),(-0.23030199209554844,1.181052985992038,5.),(0.23030199209554844,1.307835902896851,-12.),(0.23030199209554844,1.307835902896851,5.),(0.20969800790445156,1.3588307637698158,-12.),(0.20969800790445156,1.3588307637698158,5.),(0.2475,1.3333333333333333,-12.),(0.2475,1.3333333333333333,5.),(0.1925,1.3333333333333333,-12.),(0.1925,1.3333333333333333,5.),(0.2475,1.5999999999999999,-12.),(0.2475,1.5999999999999999,5.),(0.1925,1.5999999999999999,-12.),(0.1925,1.5999999999999999,5.),(0.2303019920955484,1.625497430436482,-12.),(0.2303019920955484,1.625497430436482,5.),(0.20969800790445153,1.5745025695635173,-12.),(0.20969800790445153,1.5745025695635173,5.),(-0.20969800790445153,1.80327520821426,-12.),(-0.20969800790445153,1.80327520821426,5.),(-0.2303019920955484,1.7522803473412953,-12.),(-0.2303019920955484,1.7522803473412953,5.),(-0.1925,1.7777777777777777,-12.),(-0.1925,1.7777777777777777,5.),(-0.2475,1.7777777777777777,-12.),(-0.2475,1.7777777777777777,5.),(-0.1925,2.0444444444444443,-12.),(-0.1925,2.0444444444444443,5.),(-0.2475,2.0444444444444443,-12.),(-0.2475,2.0444444444444443,5.),(-0.20969800790445153,2.0189470140079617,-12.),(-0.20969800790445153,2.0189470140079617,5.),(-0.2303019920955484,2.069941874880927,-12.),(-0.2303019920955484,2.069941874880927,5.),(0.2303019920955484,2.1967247917857398,-12.),(0.2303019920955484,2.1967247917857398,5.),(0.20969800790445153,2.247719652658705,-12.),(0.20969800790445153,2.247719652658705,5.),(0.2475,2.2222222222222223,-12.),(0.2475,2.2222222222222223,5.),(0.1925,2.2222222222222223,-12.),(0.1925,2.2222222222222223,5.),(0.2475,2.488888888888889,-12.),(0.2475,2.488888888888889,5.),(0.1925,2.488888888888889,-12.),(0.1925,2.488888888888889,5.),(0.2303019920955484,2.514386319325371,-12.),(0.2303019920955484,2.514386319325371,5.),(0.20969800790445153,2.4633914584524064,-12.),(0.20969800790445153,2.4633914584524064,5.),(-0.20969800790445153,2.6921640971031486,-12.),(-0.20969800790445153,2.6921640971031486,5.),(-0.2303019920955484,2.641169236230184,-12.),(-0.2303019920955484,2.641169236230184,5.),(-0.1925,2.6666666666666665,-12.),(-0.1925,2.6666666666666665,5.),(-0.2475,2.6666666666666665,-12.),(-0.2475,2.6666666666666665,5.),(-0.1925,2.933333333333333,-12.),(-0.1925,2.933333333333333,5.),(-0.2475,2.933333333333333,-12.),(-0.2475,2.933333333333333,5.),(-0.20969800790445156,2.907835902896851,-12.),(-0.20969800790445156,2.907835902896851,5.),(-0.23030199209554839,2.9588307637698157,-12.),(-0.23030199209554839,2.9588307637698157,5.),(0.23030199209554839,3.0856136806746286,-12.),(0.23030199209554839,3.0856136806746286,5.),(0.20969800790445156,3.1366085415475933,-12.),(0.20969800790445156,3.1366085415475933,5.),(0.2475,3.1111111111111107,-12.),(0.2475,3.1111111111111107,5.),(0.1925,3.1111111111111107,-12.),(0.1925,3.1111111111111107,5.),(0.2475,3.3777777777777773,-12.),(0.2475,3.3777777777777773,5.),(0.1925,3.3777777777777773,-12.),(0.1925,3.3777777777777773,5.),(0.2303019920955484,3.4032752082142594,-12.),(0.2303019920955484,3.4032752082142594,5.),(0.20969800790445153,3.3522803473412948,-12.),(0.20969800790445153,3.3522803473412948,5.),(-0.20969800790445153,3.581052985992038,-12.),(-0.20969800790445153,3.581052985992038,5.),(-0.2303019920955484,3.5300581251190732,-12.),(-0.2303019920955484,3.5300581251190732,5.),(-0.1925,3.5555555555555554,-12.),(-0.1925,3.5555555555555554,5.),(-0.2475,3.5555555555555554,-12.),(-0.2475,3.5555555555555554,5.),(-0.1925,3.822222222222222,-12.),(-0.1925,3.822222222222222,5.),(-0.2475,3.822222222222222,-12.),(-0.2475,3.822222222222222,5.),(-0.20969800790445153,3.7967247917857394,-12.),(-0.20969800790445153,3.7967247917857394,5.),(-0.2303019920955484,3.8477196526587045,-12.),(-0.2303019920955484,3.8477196526587045,5.),(0.2303019920955484,3.9745025695635174,-12.),(0.2303019920955484,3.9745025695635174,5.),(0.20969800790445153,4.025497430436483,-12.),(0.20969800790445153,4.025497430436483,5.),(0.2475,3.9999999999999996,-12.),(0.2475,3.9999999999999996,5.),(0.1925,3.9999999999999996,-12.),(0.1925,3.9999999999999996,5.),(0.2475,4.266666666666666,-12.),(0.2475,4.266666666666666,5.),(0.1925,4.266666666666666,-12.),(0.1925,4.266666666666666,5.),(0.2303019920955484,4.292164097103149,-12.),(0.2303019920955484,4.292164097103149,5.),(0.20969800790445153,4.241169236230185,-12.),(0.20969800790445153,4.241169236230185,5.),(-0.20969800790445153,4.469941874880927,-12.),(-0.20969800790445153,4.469941874880927,5.),(-0.2303019920955484,4.418947014007963,-12.),(-0.2303019920955484,4.418947014007963,5.),(-0.1925,4.444444444444445,-12.),(-0.1925,4.444444444444445,5.),(-0.2475,4.444444444444445,-12.),(-0.2475,4.444444444444445,5.),(-0.1925,4.71111111111111,-12.),(-0.1925,4.71111111111111,5.),(-0.2475,4.71111111111111,-12.),(-0.2475,4.71111111111111,5.),(-0.20969800790445153,4.68561368067463,-12.),(-0.20969800790445153,4.68561368067463,5.),(-0.2303019920955484,4.736608541547594,-12.),(-0.2303019920955484,4.736608541547594,5.),(0.2303019920955484,4.863391458452408,-12.),(0.2303019920955484,4.863391458452408,5.),(0.20969800790445153,4.914386319325372,-12.),(0.20969800790445153,4.914386319325372,5.),(0.2475,4.888888888888889,-12.),(0.2475,4.888888888888889,5.),(0.1925,4.888888888888889,-12.),(0.1925,4.888888888888889,5.),(0.2475,5.155555555555555,-12.),(0.2475,5.155555555555555,5.),(0.1925,5.155555555555555,-12.),(0.1925,5.155555555555555,5.),(0.2303019920955484,5.1810529859920385,-12.),(0.2303019920955484,5.1810529859920385,5.),(0.20969800790445153,5.130058125119074,-12.),(0.20969800790445153,5.130058125119074,5.),(-0.20969800790445153,5.3588307637698165,-12.),(-0.20969800790445153,5.3588307637698165,5.),(-0.2303019920955484,5.307835902896852,-12.),(-0.2303019920955484,5.307835902896852,5.),(-0.1925,5.333333333333334,-12.),(-0.1925,5.333333333333334,5.),(-0.2475,5.333333333333334,-12.),(-0.2475,5.333333333333334,5.),(-0.1925,5.6,-12.),(-0.1925,5.6,5.),(-0.2475,5.6,-12.),(-0.2475,5.6,5.),(-0.20969800790445153,5.574502569563517,-12.),(-0.20969800790445153,5.574502569563517,5.),(-0.2303019920955484,5.625497430436481,-12.),(-0.2303019920955484,5.625497430436481,5.),(0.2303019920955484,5.752280347341295,-12.),(0.2303019920955484,5.752280347341295,5.),(0.20969800790445153,5.803275208214259,-12.),(0.20969800790445153,5.803275208214259,5.),(0.2475,5.777777777777779,-12.),(0.2475,5.777777777777779,5.),(0.1925,5.777777777777779,-12.),(0.1925,5.777777777777779,5.),(0.2475,6.044444444444444,-12.),(0.2475,6.044444444444444,5.),(0.1925,6.044444444444444,-12.),(0.1925,6.044444444444444,5.),(0.23030199209554839,6.069941874880927,-11.999999999999998),(0.23030199209554839,6.069941874880927,4.999999999999998),(0.20969800790445156,6.018947014007962,-11.999999999999998),(0.20969800790445156,6.018947014007962,4.999999999999998),(-0.20969800790445156,6.247719652658704,-11.999999999999998),(-0.20969800790445156,6.247719652658704,4.999999999999998),(-0.23030199209554839,6.196724791785739,-11.999999999999998),(-0.23030199209554839,6.196724791785739,4.999999999999998),(-0.1925,6.222222222222221,-12.),(-0.1925,6.222222222222221,5.),(-0.2475,6.222222222222221,-12.),(-0.2475,6.222222222222221,5.),(-0.1925,6.488888888888887,-12.),(-0.1925,6.488888888888887,5.),(-0.2475,6.488888888888887,-12.),(-0.2475,6.488888888888887,5.),(-0.20969800790445153,6.463391458452406,-12.),(-0.20969800790445153,6.463391458452406,5.),(-0.2303019920955484,6.514386319325371,-12.),(-0.2303019920955484,6.514386319325371,5.),(0.2303019920955484,6.641169236230184,-12.),(0.2303019920955484,6.641169236230184,5.),(0.20969800790445153,6.692164097103149,-12.),(0.20969800790445153,6.692164097103149,5.),(0.2475,6.666666666666666,-12.),(0.2475,6.666666666666666,5.),(0.1925,6.666666666666666,-12.),(0.1925,6.666666666666666,5.),(0.2475,6.933333333333332,-12.),(0.2475,6.933333333333332,5.),(0.1925,6.933333333333332,-12.),(0.1925,6.933333333333332,5.),(0.2303019920955484,6.958830763769815,-12.),(0.2303019920955484,6.958830763769815,5.),(0.20969800790445153,6.907835902896851,-12.),(0.20969800790445153,6.907835902896851,5.),(-0.20969800790445153,7.136608541547593,-12.),(-0.20969800790445153,7.136608541547593,5.),(-0.2303019920955484,7.085613680674629,-12.),(-0.2303019920955484,7.085613680674629,5.),(-0.1925,7.111111111111111,-12.),(-0.1925,7.111111111111111,5.),(-0.2475,7.111111111111111,-12.),(-0.2475,7.111111111111111,5.),(-0.1925,7.377777777777776,-12.),(-0.1925,7.377777777777776,5.),(-0.2475,7.377777777777776,-12.),(-0.2475,7.377777777777776,5.),(-0.20969800790445153,7.352280347341296,-12.),(-0.20969800790445153,7.352280347341296,5.),(-0.2303019920955484,7.40327520821426,-12.),(-0.2303019920955484,7.40327520821426,5.),(0.2303019920955484,7.530058125119074,-12.),(0.2303019920955484,7.530058125119074,5.),(0.20969800790445153,7.581052985992038,-12.),(0.20969800790445153,7.581052985992038,5.),(0.2475,7.555555555555555,-12.),(0.2475,7.555555555555555,5.),(0.1925,7.555555555555555,-12.),(0.1925,7.555555555555555,5.),(0.2475,7.822222222222221,-12.),(0.2475,7.822222222222221,5.),(0.1925,7.822222222222221,-12.),(0.1925,7.822222222222221,5.),(0.2303019920955484,7.8477196526587045,-12.),(0.2303019920955484,7.8477196526587045,5.),(0.20969800790445153,7.79672479178574,-12.),(0.20969800790445153,7.79672479178574,5.),(-0.20969800790445153,8.025497430436483,-12.),(-0.20969800790445153,8.025497430436483,5.),(-0.2303019920955484,7.974502569563518,-12.),(-0.2303019920955484,7.974502569563518,5.)));
#1317=IFCINDEXEDPOLYGONALFACE((2,4,1));
#1318=IFCINDEXEDPOLYGONALFACE((5,2,1));
#1319=IFCINDEXEDPOLYGONALFACE((1,4,3));
#1320=IFCINDEXEDPOLYGONALFACE((3,5,1));
#1321=IFCINDEXEDPOLYGONALFACE((2,8,4));
#1322=IFCINDEXEDPOLYGONALFACE((6,2,5));
#1323=IFCINDEXEDPOLYGONALFACE((6,8,2));
#1324=IFCINDEXEDPOLYGONALFACE((4,8,3));
#1325=IFCINDEXEDPOLYGONALFACE((7,5,3));
#1326=IFCINDEXEDPOLYGONALFACE((3,8,7));
#1327=IFCINDEXEDPOLYGONALFACE((7,6,5));
#1328=IFCINDEXEDPOLYGONALFACE((8,6,7));
#1329=IFCINDEXEDPOLYGONALFACE((10,12,9));
#1330=IFCINDEXEDPOLYGONALFACE((13,10,9));
#1331=IFCINDEXEDPOLYGONALFACE((9,12,11));
#1332=IFCINDEXEDPOLYGONALFACE((11,13,9));
#1333=IFCINDEXEDPOLYGONALFACE((10,16,12));
#1334=IFCINDEXEDPOLYGONALFACE((14,10,13));
#1335=IFCINDEXEDPOLYGONALFACE((14,16,10));
#1336=IFCINDEXEDPOLYGONALFACE((12,16,11));
#1337=IFCINDEXEDPOLYGONALFACE((15,13,11));
#1338=IFCINDEXEDPOLYGONALFACE((11,16,15));
#1339=IFCINDEXEDPOLYGONALFACE((15,14,13));
#1340=IFCINDEXEDPOLYGONALFACE((16,14,15));
#1341=IFCINDEXEDPOLYGONALFACE((18,20,17));
#1342=IFCINDEXEDPOLYGONALFACE((21,18,17));
#1343=IFCINDEXEDPOLYGONALFACE((17,20,19));
#1344=IFCINDEXEDPOLYGONALFACE((19,21,17));
#1345=IFCINDEXEDPOLYGONALFACE((18,24,20));
#1346=IFCINDEXEDPOLYGONALFACE((22,18,21));
#1347=IFCINDEXEDPOLYGONALFACE((22,24,18));
#1348=IFCINDEXEDPOLYGONALFACE((20,24,19));
#1349=IFCINDEXEDPOLYGONALFACE((23,21,19));
#1350=IFCINDEXEDPOLYGONALFACE((19,24,23));
#1351=IFCINDEXEDPOLYGONALFACE((23,22,21));
#1352=IFCINDEXEDPOLYGONALFACE((24,22,23));
#1353=IFCINDEXEDPOLYGONALFACE((26,28,25));
#1354=IFCINDEXEDPOLYGONALFACE((29,26,25));
#1355=IFCINDEXEDPOLYGONALFACE((25,28,27));
#1356=IFCINDEXEDPOLYGONALFACE((27,29,25));
#1357=IFCINDEXEDPOLYGONALFACE((26,32,28));
#1358=IFCINDEXEDPOLYGONALFACE((30,26,29));
#1359=IFCINDEXEDPOLYGONALFACE((30,32,26));
#1360=IFCINDEXEDPOLYGONALFACE((28,32,27));
#1361=IFCINDEXEDPOLYGONALFACE((31,29,27));
#1362=IFCINDEXEDPOLYGONALFACE((27,32,31));
#1363=IFCINDEXEDPOLYGONALFACE((31,30,29));
#1364=IFCINDEXEDPOLYGONALFACE((32,30,31));
#1365=IFCINDEXEDPOLYGONALFACE((34,36,33));
#1366=IFCINDEXEDPOLYGONALFACE((37,34,33));
#1367=IFCINDEXEDPOLYGONALFACE((33,36,35));
#1368=IFCINDEXEDPOLYGONALFACE((35,37,33));
#1369=IFCINDEXEDPOLYGONALFACE((34,40,36));
#1370=IFCINDEXEDPOLYGONALFACE((38,34,37));
#1371=IFCINDEXEDPOLYGONALFACE((38,40,34));
#1372=IFCINDEXEDPOLYGONALFACE((36,40,35));
#1373=IFCINDEXEDPOLYGONALFACE((39,37,35));
#1374=IFCINDEXEDPOLYGONALFACE((35,40,39));
#1375=IFCINDEXEDPOLYGONALFACE((39,38,37));
#1376=IFCINDEXEDPOLYGONALFACE((40,38,39));
#1377=IFCINDEXEDPOLYGONALFACE((42,44,41));
#1378=IFCINDEXEDPOLYGONALFACE((45,42,41));
#1379=IFCINDEXEDPOLYGONALFACE((41,44,43));
#1380=IFCINDEXEDPOLYGONALFACE((43,45,41));
#1381=IFCINDEXEDPOLYGONALFACE((42,48,44));
#1382=IFCINDEXEDPOLYGONALFACE((46,42,45));
#1383=IFCINDEXEDPOLYGONALFACE((46,48,42));
#1384=IFCINDEXEDPOLYGONALFACE((44,48,43));
#1385=IFCINDEXEDPOLYGONALFACE((47,45,43));
#1386=IFCINDEXEDPOLYGONALFACE((43,48,47));
#1387=IFCINDEXEDPOLYGONALFACE((47,46,45));
#1388=IFCINDEXEDPOLYGONALFACE((48,46,47));
#1389=IFCINDEXEDPOLYGONALFACE((50,52,49));
#1390=IFCINDEXEDPOLYGONALFACE((53,50,49));
#1391=IFCINDEXEDPOLYGONALFACE((49,52,51));
#1392=IFCINDEXEDPOLYGONALFACE((51,53,49));
#1393=IFCINDEXEDPOLYGONALFACE((50,56,52));
#1394=IFCINDEXEDPOLYGONALFACE((54,50,53));
#1395=IFCINDEXEDPOLYGONALFACE((54,56,50));
#1396=IFCINDEXEDPOLYGONALFACE((52,56,51));
#1397=IFCINDEXEDPOLYGONALFACE((55,53,51));
#1398=IFCINDEXEDPOLYGONALFACE((51,56,55));
#1399=IFCINDEXEDPOLYGONALFACE((55,54,53));
#1400=IFCINDEXEDPOLYGONALFACE((56,54,55));
#1401=IFCINDEXEDPOLYGONALFACE((58,60,57));
#1402=IFCINDEXEDPOLYGONALFACE((61,58,57));
#1403=IFCINDEXEDPOLYGONALFACE((57,60,59));
#1404=IFCINDEXEDPOLYGONALFACE((59,61,57));
#1405=IFCINDEXEDPOLYGONALFACE((58,64,60));
#1406=IFCINDEXEDPOLYGONALFACE((62,58,61));
#1407=IFCINDEXEDPOLYGONALFACE((62,64,58));
#1408=IFCINDEXEDPOLYGONALFACE((60,64,59));
#1409=IFCINDEXEDPOLYGONALFACE((63,61,59));
#1410=IFCINDEXEDPOLYGONALFACE((59,64,63));
#1411=IFCINDEXEDPOLYGONALFACE((63,62,61));
#1412=IFCINDEXEDPOLYGONALFACE((64,62,63));
#1413=IFCINDEXEDPOLYGONALFACE((66,68,65));
#1414=IFCINDEXEDPOLYGONALFACE((69,66,65));
#1415=IFCINDEXEDPOLYGONALFACE((65,68,67));
#1416=IFCINDEXEDPOLYGONALFACE((67,69,65));
#1417=IFCINDEXEDPOLYGONALFACE((66,72,68));
#1418=IFCINDEXEDPOLYGONALFACE((70,66,69));
#1419=IFCINDEXEDPOLYGONALFACE((70,72,66));
#1420=IFCINDEXEDPOLYGONALFACE((68,72,67));
#1421=IFCINDEXEDPOLYGONALFACE((71,69,67));
#1422=IFCINDEXEDPOLYGONALFACE((67,72,71));
#1423=IFCINDEXEDPOLYGONALFACE((71,70,69));
#1424=IFCINDEXEDPOLYGONALFACE((72,70,71));
#1425=IFCINDEXEDPOLYGONALFACE((74,76,73));
#1426=IFCINDEXEDPOLYGONALFACE((77,74,73));
#1427=IFCINDEXEDPOLYGONALFACE((73,76,75));
#1428=IFCINDEXEDPOLYGONALFACE((75,77,73));
#1429=IFCINDEXEDPOLYGONALFACE((74,80,76));
#1430=IFCINDEXEDPOLYGONALFACE((78,74,77));
#1431=IFCINDEXEDPOLYGONALFACE((78,80,74));
#1432=IFCINDEXEDPOLYGONALFACE((76,80,75));
#1433=IFCINDEXEDPOLYGONALFACE((79,77,75));
#1434=IFCINDEXEDPOLYGONALFACE((75,80,79));
#1435=IFCINDEXEDPOLYGONALFACE((79,78,77));
#1436=IFCINDEXEDPOLYGONALFACE((80,78,79));
#1437=IFCINDEXEDPOLYGONALFACE((82,84,81));
#1438=IFCINDEXEDPOLYGONALFACE((85,82,81));
#1439=IFCINDEXEDPOLYGONALFACE((81,84,83));
#1440=IFCINDEXEDPOLYGONALFACE((83,85,81));
#1441=IFCINDEXEDPOLYGONALFACE((82,88,84));
#1442=IFCINDEXEDPOLYGONALFACE((86,82,85));
#1443=IFCINDEXEDPOLYGONALFACE((86,88,82));
#1444=IFCINDEXEDPOLYGONALFACE((84,88,83));
#1445=IFCINDEXEDPOLYGONALFACE((87,85,83));
#1446=IFCINDEXEDPOLYGONALFACE((83,88,87));
#1447=IFCINDEXEDPOLYGONALFACE((87,86,85));
#1448=IFCINDEXEDPOLYGONALFACE((88,86,87));
#1449=IFCINDEXEDPOLYGONALFACE((90,92,89));
#1450=IFCINDEXEDPOLYGONALFACE((93,90,89));
#1451=IFCINDEXEDPOLYGONALFACE((89,92,91));
#1452=IFCINDEXEDPOLYGONALFACE((91,93,89));
#1453=IFCINDEXEDPOLYGONALFACE((90,96,92));
#1454=IFCINDEXEDPOLYGONALFACE((94,90,93));
#1455=IFCINDEXEDPOLYGONALFACE((94,96,90));
#1456=IFCINDEXEDPOLYGONALFACE((92,96,91));
#1457=IFCINDEXEDPOLYGONALFACE((95,93,91));
#1458=IFCINDEXEDPOLYGONALFACE((91,96,95));
#1459=IFCINDEXEDPOLYGONALFACE((95,94,93));
#1460=IFCINDEXEDPOLYGONALFACE((96,94,95));
#1461=IFCINDEXEDPOLYGONALFACE((98,100,97));
#1462=IFCINDEXEDPOLYGONALFACE((101,98,97));
#1463=IFCINDEXEDPOLYGONALFACE((97,100,99));
#1464=IFCINDEXEDPOLYGONALFACE((99,101,97));
#1465=IFCINDEXEDPOLYGONALFACE((98,104,100));
#1466=IFCINDEXEDPOLYGONALFACE((102,98,101));
#1467=IFCINDEXEDPOLYGONALFACE((102,104,98));
#1468=IFCINDEXEDPOLYGONALFACE((100,104,99));
#1469=IFCINDEXEDPOLYGONALFACE((103,101,99));
#1470=IFCINDEXEDPOLYGONALFACE((99,104,103));
#1471=IFCINDEXEDPOLYGONALFACE((103,102,101));
#1472=IFCINDEXEDPOLYGONALFACE((104,102,103));
#1473=IFCINDEXEDPOLYGONALFACE((106,108,105));
#1474=IFCINDEXEDPOLYGONALFACE((109,106,105));
#1475=IFCINDEXEDPOLYGONALFACE((105,108,107));
#1476=IFCINDEXEDPOLYGONALFACE((107,109,105));
#1477=IFCINDEXEDPOLYGONALFACE((106,112,108));
#1478=IFCINDEXEDPOLYGONALFACE((110,106,109));
#1479=IFCINDEXEDPOLYGONALFACE((110,112,106));
#1480=IFCINDEXEDPOLYGONALFACE((108,112,107));
#1481=IFCINDEXEDPOLYGONALFACE((111,109,107));
#1482=IFCINDEXEDPOLYGONALFACE((107,112,111));
#1483=IFCINDEXEDPOLYGONALFACE((111,110,109));
#1484=IFCINDEXEDPOLYGONALFACE((112,110,111));
#1485=IFCINDEXEDPOLYGONALFACE((114,116,113));
#1486=IFCINDEXEDPOLYGONALFACE((117,114,113));
#1487=IFCINDEXEDPOLYGONALFACE((113,116,115));
#1488=IFCINDEXEDPOLYGONALFACE((115,117,113));
#1489=IFCINDEXEDPOLYGONALFACE((114,120,116));
#1490=IFCINDEXEDPOLYGONALFACE((118,114,117));
#1491=IFCINDEXEDPOLYGONALFACE((118,120,114));
#1492=IFCINDEXEDPOLYGONALFACE((116,120,115));
#1493=IFCINDEXEDPOLYGONALFACE((119,117,115));
#1494=IFCINDEXEDPOLYGONALFACE((115,120,119));
#1495=IFCINDEXEDPOLYGONALFACE((119,118,117));
#1496=IFCINDEXEDPOLYGONALFACE((120,118,119));
#1497=IFCINDEXEDPOLYGONALFACE((122,124,121));
#1498=IFCINDEXEDPOLYGONALFACE((125,122,121));
#1499=IFCINDEXEDPOLYGONALFACE((121,124,123));
#1500=IFCINDEXEDPOLYGONALFACE((123,125,121));
#1501=IFCINDEXEDPOLYGONALFACE((122,128,124));
#1502=IFCINDEXEDPOLYGONALFACE((126,122,125));
#1503=IFCINDEXEDPOLYGONALFACE((126,128,122));
#1504=IFCINDEXEDPOLYGONALFACE((124,128,123));
#1505=IFCINDEXEDPOLYGONALFACE((127,125,123));
#1506=IFCINDEXEDPOLYGONALFACE((123,128,127));
#1507=IFCINDEXEDPOLYGONALFACE((127,126,125));
#1508=IFCINDEXEDPOLYGONALFACE((128,126,127));
#1509=IFCINDEXEDPOLYGONALFACE((130,132,129));
#1510=IFCINDEXEDPOLYGONALFACE((133,130,129));
#1511=IFCINDEXEDPOLYGONALFACE((129,132,131));
#1512=IFCINDEXEDPOLYGONALFACE((131,133,129));
#1513=IFCINDEXEDPOLYGONALFACE((130,136,132));
#1514=IFCINDEXEDPOLYGONALFACE((134,130,133));
#1515=IFCINDEXEDPOLYGONALFACE((134,136,130));
#1516=IFCINDEXEDPOLYGONALFACE((132,136,131));
#1517=IFCINDEXEDPOLYGONALFACE((135,133,131));
#1518=IFCINDEXEDPOLYGONALFACE((131,136,135));
#1519=IFCINDEXEDPOLYGONALFACE((135,134,133));
#1520=IFCINDEXEDPOLYGONALFACE((136,134,135));
#1521=IFCINDEXEDPOLYGONALFACE((138,140,137));
#1522=IFCINDEXEDPOLYGONALFACE((141,138,137));
#1523=IFCINDEXEDPOLYGONALFACE((137,140,139));
#1524=IFCINDEXEDPOLYGONALFACE((139,141,137));
#1525=IFCINDEXEDPOLYGONALFACE((138,144,140));
#1526=IFCINDEXEDPOLYGONALFACE((142,138,141));
#1527=IFCINDEXEDPOLYGONALFACE((142,144,138));
#1528=IFCINDEXEDPOLYGONALFACE((140,144,139));
#1529=IFCINDEXEDPOLYGONALFACE((143,141,139));
#1530=IFCINDEXEDPOLYGONALFACE((139,144,143));
#1531=IFCINDEXEDPOLYGONALFACE((143,142,141));
#1532=IFCINDEXEDPOLYGONALFACE((144,142,143));
#1533=IFCINDEXEDPOLYGONALFACE((146,148,145));
#1534=IFCINDEXEDPOLYGONALFACE((149,146,145));
#1535=IFCINDEXEDPOLYGONALFACE((145,148,147));
#1536=IFCINDEXEDPOLYGONALFACE((147,149,145));
#1537=IFCINDEXEDPOLYGONALFACE((146,152,148));
#1538=IFCINDEXEDPOLYGONALFACE((150,146,149));
#1539=IFCINDEXEDPOLYGONALFACE((150,152,146));
#1540=IFCINDEXEDPOLYGONALFACE((148,152,147));
#1541=IFCINDEXEDPOLYGONALFACE((151,149,147));
#1542=IFCINDEXEDPOLYGONALFACE((147,152,151));
#1543=IFCINDEXEDPOLYGONALFACE((151,150,149));
#1544=IFCINDEXEDPOLYGONALFACE((152,150,151));
#1545=IFCINDEXEDPOLYGONALFACE((154,156,153));
#1546=IFCINDEXEDPOLYGONALFACE((157,154,153));
#1547=IFCINDEXEDPOLYGONALFACE((153,156,155));
#1548=IFCINDEXEDPOLYGONALFACE((155,157,153));
#1549=IFCINDEXEDPOLYGONALFACE((154,160,156));
#1550=IFCINDEXEDPOLYGONALFACE((158,154,157));
#1551=IFCINDEXEDPOLYGONALFACE((158,160,154));
#1552=IFCINDEXEDPOLYGONALFACE((156,160,155));
#1553=IFCINDEXEDPOLYGONALFACE((159,157,155));
#1554=IFCINDEXEDPOLYGONALFACE((155,160,159));
#1555=IFCINDEXEDPOLYGONALFACE((159,158,157));
#1556=IFCINDEXEDPOLYGONALFACE((160,158,159));
#1557=IFCINDEXEDPOLYGONALFACE((162,164,161));
#1558=IFCINDEXEDPOLYGONALFACE((165,162,161));
#1559=IFCINDEXEDPOLYGONALFACE((161,164,163));
#1560=IFCINDEXEDPOLYGONALFACE((163,165,161));
#1561=IFCINDEXEDPOLYGONALFACE((162,168,164));
#1562=IFCINDEXEDPOLYGONALFACE((166,162,165));
#1563=IFCINDEXEDPOLYGONALFACE((166,168,162));
#1564=IFCINDEXEDPOLYGONALFACE((164,168,163));
#1565=IFCINDEXEDPOLYGONALFACE((167,165,163));
#1566=IFCINDEXEDPOLYGONALFACE((163,168,167));
#1567=IFCINDEXEDPOLYGONALFACE((167,166,165));
#1568=IFCINDEXEDPOLYGONALFACE((168,166,167));
#1569=IFCINDEXEDPOLYGONALFACE((170,172,169));
#1570=IFCINDEXEDPOLYGONALFACE((173,170,169));
#1571=IFCINDEXEDPOLYGONALFACE((169,172,171));
#1572=IFCINDEXEDPOLYGONALFACE((171,173,169));
#1573=IFCINDEXEDPOLYGONALFACE((170,176,172));
#1574=IFCINDEXEDPOLYGONALFACE((174,170,173));
#1575=IFCINDEXEDPOLYGONALFACE((174,176,170));
#1576=IFCINDEXEDPOLYGONALFACE((172,176,171));
#1577=IFCINDEXEDPOLYGONALFACE((175,173,171));
#1578=IFCINDEXEDPOLYGONALFACE((171,176,175));
#1579=IFCINDEXEDPOLYGONALFACE((175,174,173));
#1580=IFCINDEXEDPOLYGONALFACE((176,174,175));
#1581=IFCINDEXEDPOLYGONALFACE((178,180,177));
#1582=IFCINDEXEDPOLYGONALFACE((181,178,177));
#1583=IFCINDEXEDPOLYGONALFACE((177,180,179));
#1584=IFCINDEXEDPOLYGONALFACE((179,181,177));
#1585=IFCINDEXEDPOLYGONALFACE((178,184,180));
#1586=IFCINDEXEDPOLYGONALFACE((182,178,181));
#1587=IFCINDEXEDPOLYGONALFACE((182,184,178));
#1588=IFCINDEXEDPOLYGONALFACE((180,184,179));
#1589=IFCINDEXEDPOLYGONALFACE((183,181,179));
#1590=IFCINDEXEDPOLYGONALFACE((179,184,183));
#1591=IFCINDEXEDPOLYGONALFACE((183,182,181));
#1592=IFCINDEXEDPOLYGONALFACE((184,182,183));
#1593=IFCINDEXEDPOLYGONALFACE((186,188,185));
#1594=IFCINDEXEDPOLYGONALFACE((189,186,185));
#1595=IFCINDEXEDPOLYGONALFACE((185,188,187));
#1596=IFCINDEXEDPOLYGONALFACE((187,189,185));
#1597=IFCINDEXEDPOLYGONALFACE((186,192,188));
#1598=IFCINDEXEDPOLYGONALFACE((190,186,189));
#1599=IFCINDEXEDPOLYGONALFACE((190,192,186));
#1600=IFCINDEXEDPOLYGONALFACE((188,192,187));
#1601=IFCINDEXEDPOLYGONALFACE((191,189,187));
#1602=IFCINDEXEDPOLYGONALFACE((187,192,191));
#1603=IFCINDEXEDPOLYGONALFACE((191,190,189));
#1604=IFCINDEXEDPOLYGONALFACE((192,190,191));
#1605=IFCINDEXEDPOLYGONALFACE((194,196,193));
#1606=IFCINDEXEDPOLYGONALFACE((197,194,193));
#1607=IFCINDEXEDPOLYGONALFACE((193,196,195));
#1608=IFCINDEXEDPOLYGONALFACE((195,197,193));
#1609=IFCINDEXEDPOLYGONALFACE((194,200,196));
#1610=IFCINDEXEDPOLYGONALFACE((198,194,197));
#1611=IFCINDEXEDPOLYGONALFACE((198,200,194));
#1612=IFCINDEXEDPOLYGONALFACE((196,200,195));
#1613=IFCINDEXEDPOLYGONALFACE((199,197,195));
#1614=IFCINDEXEDPOLYGONALFACE((195,200,199));
#1615=IFCINDEXEDPOLYGONALFACE((199,198,197));
#1616=IFCINDEXEDPOLYGONALFACE((200,198,199));
#1617=IFCINDEXEDPOLYGONALFACE((202,204,201));
#1618=IFCINDEXEDPOLYGONALFACE((205,202,201));
#1619=IFCINDEXEDPOLYGONALFACE((201,204,203));
#1620=IFCINDEXEDPOLYGONALFACE((203,205,201));
#1621=IFCINDEXEDPOLYGONALFACE((202,208,204));
#1622=IFCINDEXEDPOLYGONALFACE((206,202,205));
#1623=IFCINDEXEDPOLYGONALFACE((206,208,202));
#1624=IFCINDEXEDPOLYGONALFACE((204,208,203));
#1625=IFCINDEXEDPOLYGONALFACE((207,205,203));
#1626=IFCINDEXEDPOLYGONALFACE((203,208,207));
#1627=IFCINDEXEDPOLYGONALFACE((207,206,205));
#1628=IFCINDEXEDPOLYGONALFACE((208,206,207));
#1629=IFCINDEXEDPOLYGONALFACE((210,212,209));
#1630=IFCINDEXEDPOLYGONALFACE((213,210,209));
#1631=IFCINDEXEDPOLYGONALFACE((209,212,211));
#1632=IFCINDEXEDPOLYGONALFACE((211,213,209));
#1633=IFCINDEXEDPOLYGONALFACE((210,216,212));
#1634=IFCINDEXEDPOLYGONALFACE((214,210,213));
#1635=IFCINDEXEDPOLYGONALFACE((214,216,210));
#1636=IFCINDEXEDPOLYGONALFACE((212,216,211));
#1637=IFCINDEXEDPOLYGONALFACE((215,213,211));
#1638=IFCINDEXEDPOLYGONALFACE((211,216,215));
#1639=IFCINDEXEDPOLYGONALFACE((215,214,213));
#1640=IFCINDEXEDPOLYGONALFACE((216,214,215));
#1641=IFCINDEXEDPOLYGONALFACE((218,220,217));
#1642=IFCINDEXEDPOLYGONALFACE((221,218,217));
#1643=IFCINDEXEDPOLYGONALFACE((217,220,219));
#1644=IFCINDEXEDPOLYGONALFACE((219,221,217));
#1645=IFCINDEXEDPOLYGONALFACE((218,224,220));
#1646=IFCINDEXEDPOLYGONALFACE((222,218,221));
#1647=IFCINDEXEDPOLYGONALFACE((222,224,218));
#1648=IFCINDEXEDPOLYGONALFACE((220,224,219));
#1649=IFCINDEXEDPOLYGONALFACE((223,221,219));
#1650=IFCINDEXEDPOLYGONALFACE((219,224,223));
#1651=IFCINDEXEDPOLYGONALFACE((223,222,221));
#1652=IFCINDEXEDPOLYGONALFACE((224,222,223));
#1653=IFCINDEXEDPOLYGONALFACE((226,228,225));
#1654=IFCINDEXEDPOLYGONALFACE((229,226,225));
#1655=IFCINDEXEDPOLYGONALFACE((225,228,227));
#1656=IFCINDEXEDPOLYGONALFACE((227,229,225));
#1657=IFCINDEXEDPOLYGONALFACE((226,232,228));
#1658=IFCINDEXEDPOLYGONALFACE((230,226,229));
#1659=IFCINDEXEDPOLYGONALFACE((230,232,226));
#1660=IFCINDEXEDPOLYGONALFACE((228,232,227));
#1661=IFCINDEXEDPOLYGONALFACE((231,229,227));
#1662=IFCINDEXEDPOLYGONALFACE((227,232,231));
#1663=IFCINDEXEDPOLYGONALFACE((231,230,229));
#1664=IFCINDEXEDPOLYGONALFACE((232,230,231));
#1665=IFCINDEXEDPOLYGONALFACE((234,236,233));
#1666=IFCINDEXEDPOLYGONALFACE((237,234,233));
#1667=IFCINDEXEDPOLYGONALFACE((233,236,235));
#1668=IFCINDEXEDPOLYGONALFACE((235,237,233));
#1669=IFCINDEXEDPOLYGONALFACE((234,240,236));
#1670=IFCINDEXEDPOLYGONALFACE((238,234,237));
#1671=IFCINDEXEDPOLYGONALFACE((238,240,234));
#1672=IFCINDEXEDPOLYGONALFACE((236,240,235));
#1673=IFCINDEXEDPOLYGONALFACE((239,237,235));
#1674=IFCINDEXEDPOLYGONALFACE((235,240,239));
#1675=IFCINDEXEDPOLYGONALFACE((239,238,237));
#1676=IFCINDEXEDPOLYGONALFACE((240,238,239));
#1677=IFCINDEXEDPOLYGONALFACE((242,244,241));
#1678=IFCINDEXEDPOLYGONALFACE((245,242,241));
#1679=IFCINDEXEDPOLYGONALFACE((241,244,243));
#1680=IFCINDEXEDPOLYGONALFACE((243,245,241));
#1681=IFCINDEXEDPOLYGONALFACE((242,248,244));
#1682=IFCINDEXEDPOLYGONALFACE((246,242,245));
#1683=IFCINDEXEDPOLYGONALFACE((246,248,242));
#1684=IFCINDEXEDPOLYGONALFACE((244,248,243));
#1685=IFCINDEXEDPOLYGONALFACE((247,245,243));
#1686=IFCINDEXEDPOLYGONALFACE((243,248,247));
#1687=IFCINDEXEDPOLYGONALFACE((247,246,245));
#1688=IFCINDEXEDPOLYGONALFACE((248,246,247));
#1689=IFCINDEXEDPOLYGONALFACE((250,252,249));
#1690=IFCINDEXEDPOLYGONALFACE((253,250,249));
#1691=IFCINDEXEDPOLYGONALFACE((249,252,251));
#1692=IFCINDEXEDPOLYGONALFACE((251,253,249));
#1693=IFCINDEXEDPOLYGONALFACE((250,256,252));
#1694=IFCINDEXEDPOLYGONALFACE((254,250,253));
#1695=IFCINDEXEDPOLYGONALFACE((254,256,250));
#1696=IFCINDEXEDPOLYGONALFACE((252,256,251));
#1697=IFCINDEXEDPOLYGONALFACE((255,253,251));
#1698=IFCINDEXEDPOLYGONALFACE((251,256,255));
#1699=IFCINDEXEDPOLYGONALFACE((255,254,253));
#1700=IFCINDEXEDPOLYGONALFACE((256,254,255));
#1701=IFCINDEXEDPOLYGONALFACE((258,260,257));
#1702=IFCINDEXEDPOLYGONALFACE((261,258,257));
#1703=IFCINDEXEDPOLYGONALFACE((257,260,259));
#1704=IFCINDEXEDPOLYGONALFACE((259,261,257));
#1705=IFCINDEXEDPOLYGONALFACE((258,264,260));
#1706=IFCINDEXEDPOLYGONALFACE((262,258,261));
#1707=IFCINDEXEDPOLYGONALFACE((262,264,258));
#1708=IFCINDEXEDPOLYGONALFACE((260,264,259));
#1709=IFCINDEXEDPOLYGONALFACE((263,261,259));
#1710=IFCINDEXEDPOLYGONALFACE((259,264,263));
#1711=IFCINDEXEDPOLYGONALFACE((263,262,261));
#1712=IFCINDEXEDPOLYGONALFACE((264,262,263));
#1713=IFCINDEXEDPOLYGONALFACE((266,268,265));
#1714=IFCINDEXEDPOLYGONALFACE((269,266,265));
#1715=IFCINDEXEDPOLYGONALFACE((265,268,267));
#1716=IFCINDEXEDPOLYGONALFACE((267,269,265));
#1717=IFCINDEXEDPOLYGONALFACE((266,272,268));
#1718=IFCINDEXEDPOLYGONALFACE((270,266,269));
#1719=IFCINDEXEDPOLYGONALFACE((270,272,266));
#1720=IFCINDEXEDPOLYGONALFACE((268,272,267));
#1721=IFCINDEXEDPOLYGONALFACE((271,269,267));
#1722=IFCINDEXEDPOLYGONALFACE((267,272,271));
#1723=IFCINDEXEDPOLYGONALFACE((271,270,269));
#1724=IFCINDEXEDPOLYGONALFACE((272,270,271));
#1725=IFCINDEXEDPOLYGONALFACE((274,276,273));
#1726=IFCINDEXEDPOLYGONALFACE((277,274,273));
#1727=IFCINDEXEDPOLYGONALFACE((273,276,275));
#1728=IFCINDEXEDPOLYGONALFACE((275,277,273));
#1729=IFCINDEXEDPOLYGONALFACE((274,280,276));
#1730=IFCINDEXEDPOLYGONALFACE((278,274,277));
#1731=IFCINDEXEDPOLYGONALFACE((278,280,274));
#1732=IFCINDEXEDPOLYGONALFACE((276,280,275));
#1733=IFCINDEXEDPOLYGONALFACE((279,277,275));
#1734=IFCINDEXEDPOLYGONALFACE((275,280,279));
#1735=IFCINDEXEDPOLYGONALFACE((279,278,277));
#1736=IFCINDEXEDPOLYGONALFACE((280,278,279));
#1737=IFCINDEXEDPOLYGONALFACE((282,284,281));
#1738=IFCINDEXEDPOLYGONALFACE((285,282,281));
#1739=IFCINDEXEDPOLYGONALFACE((281,284,283));
#1740=IFCINDEXEDPOLYGONALFACE((283,285,281));
#1741=IFCINDEXEDPOLYGONALFACE((282,288,284));
#1742=IFCINDEXEDPOLYGONALFACE((286,282,285));
#1743=IFCINDEXEDPOLYGONALFACE((286,288,282));
#1744=IFCINDEXEDPOLYGONALFACE((284,288,283));
#1745=IFCINDEXEDPOLYGONALFACE((287,285,283));
#1746=IFCINDEXEDPOLYGONALFACE((283,288,287));
#1747=IFCINDEXEDPOLYGONALFACE((287,286,285));
#1748=IFCINDEXEDPOLYGONALFACE((288,286,287));
#1749=IFCPOLYGONALFACESET(#1316,$,(#1317,#1318,#1319,#1320,#1321,#1322,#1323,#1324,#1325,#1326,#1327,#1328,#1329,#1330,#1331,#1332,#1333,#1334,#1335,#1336,#1337,#1338,#1339,#1340,#1341,#1342,#1343,#1344,#1345,#1346,#1347,#1348,#1349,#1350,#1351,#1352,#1353,#1354,#1355,#1356,#1357,#1358,#1359,#1360,#1361,#1362,#1363,#1364,#1365,#1366,#1367,#1368,#1369,#1370,#1371,#1372,#1373,#1374,#1375,#1376,#1377,#1378,#1379,#1380,#1381,#1382,#1383,#1384,#1385,#1386,#1387,#1388,#1389,#1390,#1391,#1392,#1393,#1394,#1395,#1396,#1397,#1398,#1399,#1400,#1401,#1402,#1403,#1404,#1405,#1406,#1407,#1408,#1409,#1410,#1411,#1412,#1413,#1414,#1415,#1416,#1417,#1418,#1419,#1420,#1421,#1422,#1423,#1424,#1425,#1426,#1427,#1428,#1429,#1430,#1431,#1432,#1433,#1434,#1435,#1436,#1437,#1438,#1439,#1440,#1441,#1442,#1443,#1444,#1445,#1446,#1447,#1448,#1449,#1450,#1451,#1452,#1453,#1454,#1455,#1456,#1457,#1458,#1459,#1460,#1461,#1462,#1463,#1464,#1465,#1466,#1467,#1468,#1469,#1470,#1471,#1472,#1473,#1474,#1475,#1476,#1477,#1478,#1479,#1480,#1481,#1482,#1483,#1484,#1485,#1486,#1487,#1488,#1489,#1490,#1491,#1492,#1493,#1494,#1495,#1496,#1497,#1498,#1499,#1500,#1501,#1502,#1503,#1504,#1505,#1506,#1507,#1508,#1509,#1510,#1511,#1512,#1513,#1514,#1515,#1516,#1517,#1518,#1519,#1520,#1521,#1522,#1523,#1524,#1525,#1526,#1527,#1528,#1529,#1530,#1531,#1532,#1533,#1534,#1535,#1536,#1537,#1538,#1539,#1540,#1541,#1542,#1543,#1544,#1545,#1546,#1547,#1548,#1549,#1550,#1551,#1552,#1553,#1554,#1555,#1556,#1557,#1558,#1559,#1560,#1561,#1562,#1563,#1564,#1565,#1566,#1567,#1568,#1569,#1570,#1571,#1572,#1573,#1574,#1575,#1576,#1577,#1578,#1579,#1580,#1581,#1582,#1583,#1584,#1585,#1586,#1587,#1588,#1589,#1590,#1591,#1592,#1593,#1594,#1595,#1596,#1597,#1598,#1599,#1600,#1601,#1602,#1603,#1604,#1605,#1606,#1607,#1608,#1609,#1610,#1611,#1612,#1613,#1614,#1615,#1616,#1617,#1618,#1619,#1620,#1621,#1622,#1623,#1624,#1625,#1626,#1627,#1628,#1629,#1630,#1631,#1632,#1633,#1634,#1635,#1636,#1637,#1638,#1639,#1640,#1641,#1642,#1643,#1644,#1645,#1646,#1647,#1648,#1649,#1650,#1651,#1652,#1653,#1654,#1655,#1656,#1657,#1658,#1659,#1660,#1661,#1662,#1663,#1664,#1665,#1666,#1667,#1668,#1669,#1670,#1671,#1672,#1673,#1674,#1675,#1676,#1677,#1678,#1679,#1680,#1681,#1682,#1683,#1684,#1685,#1686,#1687,#1688,#1689,#1690,#1691,#1692,#1693,#1694,#1695,#1696,#1697,#1698,#1699,#1700,#1701,#1702,#1703,#1704,#1705,#1706,#1707,#1708,#1709,#1710,#1711,#1712,#1713,#1714,#1715,#1716,#1717,#1718,#1719,#1720,#1721,#1722,#1723,#1724,#1725,#1726,#1727,#1728,#1729,#1730,#1731,#1732,#1733,#1734,#1735,#1736,#1737,#1738,#1739,#1740,#1741,#1742,#1743,#1744,#1745,#1746,#1747,#1748),$);
#1750=IFCSHAPEREPRESENTATION(#16,'Body','Tessellation',(#1749));
#1751=IFCPRODUCTDEFINITIONSHAPE($,$,(#1750));
#1752=IFCCARTESIANPOINT((0.,0.,0.));
#1753=IFCDIRECTION((0.,0.,1.));
#1754=IFCDIRECTION((1.,0.,0.));
#1755=IFCAXIS2PLACEMENT3D(#1752,#1753,#1754);
#1756=IFCLOCALPLACEMENT($,#1755);
#1757=IFCOWNERHISTORY(#5,#6,.READWRITE.,.ADDED.,1788887503,#5,#6,1788887503);
#1758=IFCPROPERTYSET('0alxHum7L7OfbtawbXeHte',#1757,'Pset_TrimeshGeneration',$,(#1761,#1762,#1763,#1764,#1765));
#1759=IFCOWNERHISTORY(#5,#6,.READWRITE.,.ADDED.,1788887503,#5,#6,1788887503);
#1760=IFCRELDEFINESBYPROPERTIES('0EGFZ75uH8HRsSX7kQY7KD',#1759,$,$,(#1315),#1758);
#1761=IFCPROPERTYSINGLEVALUE('GenerationMethod',$,IFCLABEL('TRIMESH_CODE'),$);
#1762=IFCPROPERTYSINGLEVALUE('VertexCount',$,IFCINTEGER(288),$);
#1763=IFCPROPERTYSINGLEVALUE('FaceCount',$,IFCINTEGER(432),$);
#1764=IFCPROPERTYSINGLEVALUE('IsWatertight',$,IFCBOOLEAN(.T.),$);
#1765=IFCPROPERTYSINGLEVALUE('Volume',$,IFCREAL(12.47480480793161),$);
#1766=IFCOWNERHISTORY(#5,#6,.READWRITE.,.MODIFIED.,1788887504,#5,#6,1788887504);
#1767=IFCWALL('2kJvmpYmnDNPeuereFQo5h',#1766,'Sheet_Pile_Wall_East',$,$,#2208,#2203,$,$);
#1768=IFCCARTESIANPOINTLIST3D(((11.8075,0.,-12.),(11.8075,0.,5.),(11.7525,0.,-12.),(11.7525,0.,5.),(11.8075,0.26666666666666666,-12.),(11.8075,0.26666666666666666,5.),(11.7525,0.26666666666666666,-12.),(11.7525,0.26666666666666666,5.),(11.790301992095548,0.24116923623018427,-12.),(11.790301992095548,0.24116923623018427,5.),(11.76969800790445,0.292164097103149,-12.),(11.76969800790445,0.292164097103149,5.),(12.23030199209555,0.418947014007962,-12.),(12.23030199209555,0.418947014007962,5.),(12.209698007904452,0.46994187488092676,-12.),(12.209698007904452,0.46994187488092676,5.),(12.2475,0.4444444444444444,-12.),(12.2475,0.4444444444444444,5.),(12.1925,0.4444444444444444,-12.),(12.1925,0.4444444444444444,5.),(12.2475,0.711111111111111,-12.),(12.2475,0.711111111111111,5.),(12.1925,0.711111111111111,-12.),(12.1925,0.711111111111111,5.),(12.23030199209555,0.7366085415475935,-11.999999999999998),(12.23030199209555,0.7366085415475935,4.999999999999998),(12.209698007904452,0.6856136806746287,-11.999999999999998),(12.209698007904452,0.6856136806746287,4.999999999999998),(11.790301992095548,0.9143863193253712,-11.999999999999998),(11.790301992095548,0.9143863193253712,4.999999999999998),(11.76969800790445,0.8633914584524064,-11.999999999999998),(11.76969800790445,0.8633914584524064,4.999999999999998),(11.8075,0.8888888888888888,-12.),(11.8075,0.8888888888888888,5.),(11.7525,0.8888888888888888,-12.),(11.7525,0.8888888888888888,5.),(11.8075,1.1555555555555554,-12.),(11.8075,1.1555555555555554,5.),(11.7525,1.1555555555555554,-12.),(11.7525,1.1555555555555554,5.),(11.790301992095548,1.130058125119073,-12.),(11.790301992095548,1.130058125119073,5.),(11.76969800790445,1.181052985992038,-12.),(11.76969800790445,1.181052985992038,5.),(12.23030199209555,1.307835902896851,-12.),(12.23030199209555,1.307835902896851,5.),(12.209698007904452,1.3588307637698158,-12.),(12.209698007904452,1.3588307637698158,5.),(12.2475,1.3333333333333333,-12.),(12.2475,1.3333333333333333,5.),(12.1925,1.3333333333333333,-12.),(12.1925,1.3333333333333333,5.),(12.2475,1.5999999999999999,-12.),(12.2475,1.5999999999999999,5.),(12.1925,1.5999999999999999,-12.),(12.1925,1.5999999999999999,5.),(12.23030199209555,1.6254974304364822,-11.999999999999998),(12.23030199209555,1.6254974304364822,4.999999999999998),(12.209698007904452,1.5745025695635173,-11.999999999999998),(12.209698007904452,1.5745025695635173,4.999999999999998),(11.790301992095548,1.80327520821426,-11.999999999999998),(11.790301992095548,1.80327520821426,4.999999999999998),(11.76969800790445,1.7522803473412951,-11.999999999999998),(11.76969800790445,1.7522803473412951,4.999999999999998),(11.8075,1.7777777777777777,-12.),(11.8075,1.7777777777777777,5.),(11.7525,1.7777777777777777,-12.),(11.7525,1.7777777777777777,5.),(11.8075,2.0444444444444443,-12.),(11.8075,2.0444444444444443,5.),(11.7525,2.0444444444444443,-12.),(11.7525,2.0444444444444443,5.),(11.790301992095548,2.0189470140079617,-12.),(11.790301992095548,2.0189470140079617,5.),(11.76969800790445,2.069941874880927,-12.),(11.76969800790445,2.069941874880927,5.),(12.23030199209555,2.1967247917857398,-12.),(12.23030199209555,2.1967247917857398,5.),(12.209698007904452,2.247719652658705,-12.),(12.209698007904452,2.247719652658705,5.),(12.2475,2.2222222222222223,-12.),(12.2475,2.2222222222222223,5.),(12.1925,2.2222222222222223,-12.),(12.1925,2.2222222222222223,5.),(12.2475,2.488888888888889,-12.),(12.2475,2.488888888888889,5.),(12.1925,2.488888888888889,-12.),(12.1925,2.488888888888889,5.),(12.23030199209555,2.514386319325371,-12.),(12.23030199209555,2.514386319325371,5.),(12.209698007904452,2.4633914584524064,-12.),(12.209698007904452,2.4633914584524064,5.),(11.790301992095548,2.6921640971031486,-12.),(11.790301992095548,2.6921640971031486,5.),(11.76969800790445,2.641169236230184,-12.),(11.76969800790445,2.641169236230184,5.),(11.8075,2.6666666666666665,-12.),(11.8075,2.6666666666666665,5.),(11.7525,2.6666666666666665,-12.),(11.7525,2.6666666666666665,5.),(11.8075,2.933333333333333,-12.),(11.8075,2.933333333333333,5.),(11.7525,2.933333333333333,-12.),(11.7525,2.933333333333333,5.),(11.790301992095548,2.907835902896851,-12.),(11.790301992095548,2.907835902896851,5.),(11.76969800790445,2.9588307637698157,-12.),(11.76969800790445,2.9588307637698157,5.),(12.23030199209555,3.0856136806746286,-12.),(12.23030199209555,3.0856136806746286,5.),(12.209698007904452,3.1366085415475933,-12.),(12.209698007904452,3.1366085415475933,5.),(12.2475,3.1111111111111107,-12.),(12.2475,3.1111111111111107,5.),(12.1925,3.1111111111111107,-12.),(12.1925,3.1111111111111107,5.),(12.2475,3.3777777777777773,-12.),(12.2475,3.3777777777777773,5.),(12.1925,3.3777777777777773,-12.),(12.1925,3.3777777777777773,5.),(12.23030199209555,3.40327520821426,-12.),(12.23030199209555,3.40327520821426,5.),(12.209698007904452,3.3522803473412948,-12.),(12.209698007904452,3.3522803473412948,5.),(11.790301992095548,3.581052985992038,-12.),(11.790301992095548,3.581052985992038,5.),(11.76969800790445,3.530058125119073,-12.),(11.76969800790445,3.530058125119073,5.),(11.8075,3.5555555555555554,-12.),(11.8075,3.5555555555555554,5.),(11.7525,3.5555555555555554,-12.),(11.7525,3.5555555555555554,5.),(11.8075,3.822222222222222,-12.),(11.8075,3.822222222222222,5.),(11.7525,3.822222222222222,-12.),(11.7525,3.822222222222222,5.),(11.790301992095548,3.7967247917857394,-12.),(11.790301992095548,3.7967247917857394,5.),(11.76969800790445,3.8477196526587045,-12.),(11.76969800790445,3.8477196526587045,5.),(12.23030199209555,3.9745025695635174,-12.),(12.23030199209555,3.9745025695635174,5.),(12.209698007904452,4.025497430436483,-12.),(12.209698007904452,4.025497430436483,5.),(12.2475,3.9999999999999996,-12.),(12.2475,3.9999999999999996,5.),(12.1925,3.9999999999999996,-12.),(12.1925,3.9999999999999996,5.),(12.2475,4.266666666666666,-12.),(12.2475,4.266666666666666,5.),(12.1925,4.266666666666666,-12.),(12.1925,4.266666666666666,5.),(12.23030199209555,4.292164097103149,-12.),(12.23030199209555,4.292164097103149,5.),(12.209698007904452,4.241169236230185,-12.),(12.209698007904452,4.241169236230185,5.),(11.790301992095548,4.469941874880927,-12.),(11.790301992095548,4.469941874880927,5.),(11.76969800790445,4.418947014007963,-12.),(11.76969800790445,4.418947014007963,5.),(11.8075,4.444444444444445,-12.),(11.8075,4.444444444444445,5.),(11.7525,4.444444444444445,-12.),(11.7525,4.444444444444445,5.),(11.8075,4.71111111111111,-12.),(11.8075,4.71111111111111,5.),(11.7525,4.71111111111111,-12.),(11.7525,4.71111111111111,5.),(11.790301992095548,4.68561368067463,-12.),(11.790301992095548,4.68561368067463,5.),(11.76969800790445,4.736608541547594,-12.),(11.76969800790445,4.736608541547594,5.),(12.23030199209555,4.863391458452408,-12.),(12.23030199209555,4.863391458452408,5.),(12.209698007904452,4.914386319325372,-12.),(12.209698007904452,4.914386319325372,5.),(12.2475,4.888888888888889,-12.),(12.2475,4.888888888888889,5.),(12.1925,4.888888888888889,-12.),(12.1925,4.888888888888889,5.),(12.2475,5.155555555555555,-12.),(12.2475,5.155555555555555,5.),(12.1925,5.155555555555555,-12.),(12.1925,5.155555555555555,5.),(12.23030199209555,5.1810529859920385,-12.),(12.23030199209555,5.1810529859920385,5.),(12.209698007904452,5.130058125119074,-12.),(12.209698007904452,5.130058125119074,5.),(11.790301992095548,5.3588307637698165,-12.),(11.790301992095548,5.3588307637698165,5.),(11.76969800790445,5.307835902896852,-12.),(11.76969800790445,5.307835902896852,5.),(11.8075,5.333333333333334,-12.),(11.8075,5.333333333333334,5.),(11.7525,5.333333333333334,-12.),(11.7525,5.333333333333334,5.),(11.8075,5.6,-12.),(11.8075,5.6,5.),(11.7525,5.6,-12.),(11.7525,5.6,5.),(11.790301992095548,5.574502569563517,-12.),(11.790301992095548,5.574502569563517,5.),(11.76969800790445,5.625497430436481,-12.),(11.76969800790445,5.625497430436481,5.),(12.23030199209555,5.752280347341295,-12.),(12.23030199209555,5.752280347341295,5.),(12.209698007904452,5.803275208214259,-12.),(12.209698007904452,5.803275208214259,5.),(12.2475,5.777777777777779,-12.),(12.2475,5.777777777777779,5.),(12.1925,5.777777777777779,-12.),(12.1925,5.777777777777779,5.),(12.2475,6.044444444444444,-12.),(12.2475,6.044444444444444,5.),(12.1925,6.044444444444444,-12.),(12.1925,6.044444444444444,5.),(12.23030199209555,6.069941874880927,-11.999999999999998),(12.23030199209555,6.069941874880927,4.999999999999998),(12.209698007904452,6.018947014007962,-11.999999999999998),(12.209698007904452,6.018947014007962,4.999999999999998),(11.790301992095548,6.247719652658704,-11.999999999999998),(11.790301992095548,6.247719652658704,4.999999999999998),(11.76969800790445,6.196724791785739,-11.999999999999998),(11.76969800790445,6.196724791785739,4.999999999999998),(11.8075,6.222222222222221,-12.),(11.8075,6.222222222222221,5.),(11.7525,6.222222222222221,-12.),(11.7525,6.222222222222221,5.),(11.8075,6.488888888888887,-12.),(11.8075,6.488888888888887,5.),(11.7525,6.488888888888887,-12.),(11.7525,6.488888888888887,5.),(11.790301992095548,6.463391458452406,-12.),(11.790301992095548,6.463391458452406,5.),(11.76969800790445,6.514386319325371,-12.),(11.76969800790445,6.514386319325371,5.),(12.23030199209555,6.641169236230184,-12.),(12.23030199209555,6.641169236230184,5.),(12.209698007904452,6.692164097103149,-12.),(12.209698007904452,6.692164097103149,5.),(12.2475,6.666666666666666,-12.),(12.2475,6.666666666666666,5.),(12.1925,6.666666666666666,-12.),(12.1925,6.666666666666666,5.),(12.2475,6.933333333333332,-12.),(12.2475,6.933333333333332,5.),(12.1925,6.933333333333332,-12.),(12.1925,6.933333333333332,5.),(12.23030199209555,6.958830763769815,-12.),(12.23030199209555,6.958830763769815,5.),(12.209698007904452,6.907835902896851,-12.),(12.209698007904452,6.907835902896851,5.),(11.790301992095548,7.136608541547593,-12.),(11.790301992095548,7.136608541547593,5.),(11.76969800790445,7.085613680674629,-12.),(11.76969800790445,7.085613680674629,5.),(11.8075,7.111111111111111,-12.),(11.8075,7.111111111111111,5.),(11.7525,7.111111111111111,-12.),(11.7525,7.111111111111111,5.),(11.8075,7.377777777777776,-12.),(11.8075,7.377777777777776,5.),(11.7525,7.377777777777776,-12.),(11.7525,7.377777777777776,5.),(11.790301992095548,7.352280347341296,-12.),(11.790301992095548,7.352280347341296,5.),(11.76969800790445,7.40327520821426,-12.),(11.76969800790445,7.40327520821426,5.),(12.23030199209555,7.530058125119074,-12.),(12.23030199209555,7.530058125119074,5.),(12.209698007904452,7.581052985992038,-12.),(12.209698007904452,7.581052985992038,5.),(12.2475,7.555555555555555,-12.),(12.2475,7.555555555555555,5.),(12.1925,7.555555555555555,-12.),(12.1925,7.555555555555555,5.),(12.2475,7.822222222222221,-12.),(12.2475,7.822222222222221,5.),(12.1925,7.822222222222221,-12.),(12.1925,7.822222222222221,5.),(12.23030199209555,7.8477196526587045,-12.),(12.23030199209555,7.8477196526587045,5.),(12.209698007904452,7.79672479178574,-12.),(12.209698007904452,7.79672479178574,5.),(11.790301992095548,8.025497430436483,-12.),(11.790301992095548,8.025497430436483,5.),(11.76969800790445,7.974502569563518,-12.),(11.76969800790445,7.974502569563518,5.)));
#1769=IFCINDEXEDPOLYGONALFACE((2,4,1));
#1770=IFCINDEXEDPOLYGONALFACE((5,2,1));
#1771=IFCINDEXEDPOLYGONALFACE((1,4,3));
#1772=IFCINDEXEDPOLYGONALFACE((3,5,1));
#1773=IFCINDEXEDPOLYGONALFACE((2,8,4));
#1774=IFCINDEXEDPOLYGONALFACE((6,2,5));
#1775=IFCINDEXEDPOLYGONALFACE((6,8,2));
#1776=IFCINDEXEDPOLYGONALFACE((4,8,3));
#1777=IFCINDEXEDPOLYGONALFACE((7,5,3));
#1778=IFCINDEXEDPOLYGONALFACE((3,8,7));
#1779=IFCINDEXEDPOLYGONALFACE((7,6,5));
#1780=IFCINDEXEDPOLYGONALFACE((8,6,7));
#1781=IFCINDEXEDPOLYGONALFACE((10,12,9));
#1782=IFCINDEXEDPOLYGONALFACE((13,10,9));
#1783=IFCINDEXEDPOLYGONALFACE((9,12,11));
#1784=IFCINDEXEDPOLYGONALFACE((11,13,9));
#1785=IFCINDEXEDPOLYGONALFACE((10,16,12));
#1786=IFCINDEXEDPOLYGONALFACE((14,10,13));
#1787=IFCINDEXEDPOLYGONALFACE((14,16,10));
#1788=IFCINDEXEDPOLYGONALFACE((12,16,11));
#1789=IFCINDEXEDPOLYGONALFACE((15,13,11));
#1790=IFCINDEXEDPOLYGONALFACE((11,16,15));
#1791=IFCINDEXEDPOLYGONALFACE((15,14,13));
#1792=IFCINDEXEDPOLYGONALFACE((16,14,15));
#1793=IFCINDEXEDPOLYGONALFACE((18,20,17));
#1794=IFCINDEXEDPOLYGONALFACE((21,18,17));
#1795=IFCINDEXEDPOLYGONALFACE((17,20,19));
#1796=IFCINDEXEDPOLYGONALFACE((19,21,17));
#1797=IFCINDEXEDPOLYGONALFACE((18,24,20));
#1798=IFCINDEXEDPOLYGONALFACE((22,18,21));
#1799=IFCINDEXEDPOLYGONALFACE((22,24,18));
#1800=IFCINDEXEDPOLYGONALFACE((20,24,19));
#1801=IFCINDEXEDPOLYGONALFACE((23,21,19));
#1802=IFCINDEXEDPOLYGONALFACE((19,24,23));
#1803=IFCINDEXEDPOLYGONALFACE((23,22,21));
#1804=IFCINDEXEDPOLYGONALFACE((24,22,23));
#1805=IFCINDEXEDPOLYGONALFACE((26,28,25));
#1806=IFCINDEXEDPOLYGONALFACE((29,26,25));
#1807=IFCINDEXEDPOLYGONALFACE((25,28,27));
#1808=IFCINDEXEDPOLYGONALFACE((27,29,25));
#1809=IFCINDEXEDPOLYGONALFACE((26,32,28));
#1810=IFCINDEXEDPOLYGONALFACE((30,26,29));
#1811=IFCINDEXEDPOLYGONALFACE((30,32,26));
#1812=IFCINDEXEDPOLYGONALFACE((28,32,27));
#1813=IFCINDEXEDPOLYGONALFACE((31,29,27));
#1814=IFCINDEXEDPOLYGONALFACE((27,32,31));
#1815=IFCINDEXEDPOLYGONALFACE((31,30,29));
#1816=IFCINDEXEDPOLYGONALFACE((32,30,31));
#1817=IFCINDEXEDPOLYGONALFACE((34,36,33));
#1818=IFCINDEXEDPOLYGONALFACE((37,34,33));
#1819=IFCINDEXEDPOLYGONALFACE((33,36,35));
#1820=IFCINDEXEDPOLYGONALFACE((35,37,33));
#1821=IFCINDEXEDPOLYGONALFACE((34,40,36));
#1822=IFCINDEXEDPOLYGONALFACE((38,34,37));
#1823=IFCINDEXEDPOLYGONALFACE((38,40,34));
#1824=IFCINDEXEDPOLYGONALFACE((36,40,35));
#1825=IFCINDEXEDPOLYGONALFACE((39,37,35));
#1826=IFCINDEXEDPOLYGONALFACE((35,40,39));
#1827=IFCINDEXEDPOLYGONALFACE((39,38,37));
#1828=IFCINDEXEDPOLYGONALFACE((40,38,39));
#1829=IFCINDEXEDPOLYGONALFACE((42,44,41));
#1830=IFCINDEXEDPOLYGONALFACE((45,42,41));
#1831=IFCINDEXEDPOLYGONALFACE((41,44,43));
#1832=IFCINDEXEDPOLYGONALFACE((43,45,41));
#1833=IFCINDEXEDPOLYGONALFACE((42,48,44));
#1834=IFCINDEXEDPOLYGONALFACE((46,42,45));
#1835=IFCINDEXEDPOLYGONALFACE((46,48,42));
#1836=IFCINDEXEDPOLYGONALFACE((44,48,43));
#1837=IFCINDEXEDPOLYGONALFACE((47,45,43));
#1838=IFCINDEXEDPOLYGONALFACE((43,48,47));
#1839=IFCINDEXEDPOLYGONALFACE((47,46,45));
#1840=IFCINDEXEDPOLYGONALFACE((48,46,47));
#1841=IFCINDEXEDPOLYGONALFACE((50,52,49));
#1842=IFCINDEXEDPOLYGONALFACE((53,50,49));
#1843=IFCINDEXEDPOLYGONALFACE((49,52,51));
#1844=IFCINDEXEDPOLYGONALFACE((51,53,49));
#1845=IFCINDEXEDPOLYGONALFACE((50,56,52));
#1846=IFCINDEXEDPOLYGONALFACE((54,50,53));
#1847=IFCINDEXEDPOLYGONALFACE((54,56,50));
#1848=IFCINDEXEDPOLYGONALFACE((52,56,51));
#1849=IFCINDEXEDPOLYGONALFACE((55,53,51));
#1850=IFCINDEXEDPOLYGONALFACE((51,56,55));
#1851=IFCINDEXEDPOLYGONALFACE((55,54,53));
#1852=IFCINDEXEDPOLYGONALFACE((56,54,55));
#1853=IFCINDEXEDPOLYGONALFACE((58,60,57));
#1854=IFCINDEXEDPOLYGONALFACE((61,58,57));
#1855=IFCINDEXEDPOLYGONALFACE((57,60,59));
#1856=IFCINDEXEDPOLYGONALFACE((59,61,57));
#1857=IFCINDEXEDPOLYGONALFACE((58,64,60));
#1858=IFCINDEXEDPOLYGONALFACE((62,58,61));
#1859=IFCINDEXEDPOLYGONALFACE((62,64,58));
#1860=IFCINDEXEDPOLYGONALFACE((60,64,59));
#1861=IFCINDEXEDPOLYGONALFACE((63,61,59));
#1862=IFCINDEXEDPOLYGONALFACE((59,64,63));
#1863=IFCINDEXEDPOLYGONALFACE((63,62,61));
#1864=IFCINDEXEDPOLYGONALFACE((64,62,63));
#1865=IFCINDEXEDPOLYGONALFACE((66,68,65));
#1866=IFCINDEXEDPOLYGONALFACE((69,66,65));
#1867=IFCINDEXEDPOLYGONALFACE((65,68,67));
#1868=IFCINDEXEDPOLYGONALFACE((67,69,65));
#1869=IFCINDEXEDPOLYGONALFACE((66,72,68));
#1870=IFCINDEXEDPOLYGONALFACE((70,66,69));
#1871=IFCINDEXEDPOLYGONALFACE((70,72,66));
#1872=IFCINDEXEDPOLYGONALFACE((68,72,67));
#1873=IFCINDEXEDPOLYGONALFACE((71,69,67));
#1874=IFCINDEXEDPOLYGONALFACE((67,72,71));
#1875=IFCINDEXEDPOLYGONALFACE((71,70,69));
#1876=IFCINDEXEDPOLYGONALFACE((72,70,71));
#1877=IFCINDEXEDPOLYGONALFACE((74,76,73));
#1878=IFCINDEXEDPOLYGONALFACE((77,74,73));
#1879=IFCINDEXEDPOLYGONALFACE((73,76,75));
#1880=IFCINDEXEDPOLYGONALFACE((75,77,73));
#1881=IFCINDEXEDPOLYGONALFACE((74,80,76));
#1882=IFCINDEXEDPOLYGONALFACE((78,74,77));
#1883=IFCINDEXEDPOLYGONALFACE((78,80,74));
#1884=IFCINDEXEDPOLYGONALFACE((76,80,75));
#1885=IFCINDEXEDPOLYGONALFACE((79,77,75));
#1886=IFCINDEXEDPOLYGONALFACE((75,80,79));
#1887=IFCINDEXEDPOLYGONALFACE((79,78,77));
#1888=IFCINDEXEDPOLYGONALFACE((80,78,79));
#1889=IFCINDEXEDPOLYGONALFACE((82,84,81));
#1890=IFCINDEXEDPOLYGONALFACE((85,82,81));
#1891=IFCINDEXEDPOLYGONALFACE((81,84,83));
#1892=IFCINDEXEDPOLYGONALFACE((83,85,81));
#1893=IFCINDEXEDPOLYGONALFACE((82,88,84));
#1894=IFCINDEXEDPOLYGONALFACE((86,82,85));
#1895=IFCINDEXEDPOLYGONALFACE((86,88,82));
#1896=IFCINDEXEDPOLYGONALFACE((84,88,83));
#1897=IFCINDEXEDPOLYGONALFACE((87,85,83));
#1898=IFCINDEXEDPOLYGONALFACE((83,88,87));
#1899=IFCINDEXEDPOLYGONALFACE((87,86,85));
#1900=IFCINDEXEDPOLYGONALFACE((88,86,87));
#1901=IFCINDEXEDPOLYGONALFACE((90,92,89));
#1902=IFCINDEXEDPOLYGONALFACE((93,90,89));
#1903=IFCINDEXEDPOLYGONALFACE((89,92,91));
#1904=IFCINDEXEDPOLYGONALFACE((91,93,89));
#1905=IFCINDEXEDPOLYGONALFACE((90,96,92));
#1906=IFCINDEXEDPOLYGONALFACE((94,90,93));
#1907=IFCINDEXEDPOLYGONALFACE((94,96,90));
#1908=IFCINDEXEDPOLYGONALFACE((92,96,91));
#1909=IFCINDEXEDPOLYGONALFACE((95,93,91));
#1910=IFCINDEXEDPOLYGONALFACE((91,96,95));
#1911=IFCINDEXEDPOLYGONALFACE((95,94,93));
#1912=IFCINDEXEDPOLYGONALFACE((96,94,95));
#1913=IFCINDEXEDPOLYGONALFACE((98,100,97));
#1914=IFCINDEXEDPOLYGONALFACE((101,98,97));
#1915=IFCINDEXEDPOLYGONALFACE((97,100,99));
#1916=IFCINDEXEDPOLYGONALFACE((99,101,97));
#1917=IFCINDEXEDPOLYGONALFACE((98,104,100));
#1918=IFCINDEXEDPOLYGONALFACE((102,98,101));
#1919=IFCINDEXEDPOLYGONALFACE((102,104,98));
#1920=IFCINDEXEDPOLYGONALFACE((100,104,99));
#1921=IFCINDEXEDPOLYGONALFACE((103,101,99));
#1922=IFCINDEXEDPOLYGONALFACE((99,104,103));
#1923=IFCINDEXEDPOLYGONALFACE((103,102,101));
#1924=IFCINDEXEDPOLYGONALFACE((104,102,103));
#1925=IFCINDEXEDPOLYGONALFACE((106,108,105));
#1926=IFCINDEXEDPOLYGONALFACE((109,106,105));
#1927=IFCINDEXEDPOLYGONALFACE((105,108,107));
#1928=IFCINDEXEDPOLYGONALFACE((107,109,105));
#1929=IFCINDEXEDPOLYGONALFACE((106,112,108));
#1930=IFCINDEXEDPOLYGONALFACE((110,106,109));
#1931=IFCINDEXEDPOLYGONALFACE((110,112,106));
#1932=IFCINDEXEDPOLYGONALFACE((108,112,107));
#1933=IFCINDEXEDPOLYGONALFACE((111,109,107));
#1934=IFCINDEXEDPOLYGONALFACE((107,112,111));
#1935=IFCINDEXEDPOLYGONALFACE((111,110,109));
#1936=IFCINDEXEDPOLYGONALFACE((112,110,111));
#1937=IFCINDEXEDPOLYGONALFACE((114,116,113));
#1938=IFCINDEXEDPOLYGONALFACE((117,114,113));
#1939=IFCINDEXEDPOLYGONALFACE((113,116,115));
#1940=IFCINDEXEDPOLYGONALFACE((115,117,113));
#1941=IFCINDEXEDPOLYGONALFACE((114,120,116));
#1942=IFCINDEXEDPOLYGONALFACE((118,114,117));
#1943=IFCINDEXEDPOLYGONALFACE((118,120,114));
#1944=IFCINDEXEDPOLYGONALFACE((116,120,115));
#1945=IFCINDEXEDPOLYGONALFACE((119,117,115));
#1946=IFCINDEXEDPOLYGONALFACE((115,120,119));
#1947=IFCINDEXEDPOLYGONALFACE((119,118,117));
#1948=IFCINDEXEDPOLYGONALFACE((120,118,119));
#1949=IFCINDEXEDPOLYGONALFACE((122,124,121));
#1950=IFCINDEXEDPOLYGONALFACE((125,122,121));
#1951=IFCINDEXEDPOLYGONALFACE((121,124,123));
#1952=IFCINDEXEDPOLYGONALFACE((123,125,121));
#1953=IFCINDEXEDPOLYGONALFACE((122,128,124));
#1954=IFCINDEXEDPOLYGONALFACE((126,122,125));
#1955=IFCINDEXEDPOLYGONALFACE((126,128,122));
#1956=IFCINDEXEDPOLYGONALFACE((124,128,123));
#1957=IFCINDEXEDPOLYGONALFACE((127,125,123));
#1958=IFCINDEXEDPOLYGONALFACE((123,128,127));
#1959=IFCINDEXEDPOLYGONALFACE((127,126,125));
#1960=IFCINDEXEDPOLYGONALFACE((128,126,127));
#1961=IFCINDEXEDPOLYGONALFACE((130,132,129));
#1962=IFCINDEXEDPOLYGONALFACE((133,130,129));
#1963=IFCINDEXEDPOLYGONALFACE((129,132,131));
#1964=IFCINDEXEDPOLYGONALFACE((131,133,129));
#1965=IFCINDEXEDPOLYGONALFACE((130,136,132));
#1966=IFCINDEXEDPOLYGONALFACE((134,130,133));
#1967=IFCINDEXEDPOLYGONALFACE((134,136,130));
#1968=IFCINDEXEDPOLYGONALFACE((132,136,131));
#1969=IFCINDEXEDPOLYGONALFACE((135,133,131));
#1970=IFCINDEXEDPOLYGONALFACE((131,136,135));
#1971=IFCINDEXEDPOLYGONALFACE((135,134,133));
#1972=IFCINDEXEDPOLYGONALFACE((136,134,135));
#1973=IFCINDEXEDPOLYGONALFACE((138,140,137));
#1974=IFCINDEXEDPOLYGONALFACE((141,138,137));
#1975=IFCINDEXEDPOLYGONALFACE((137,140,139));
#1976=IFCINDEXEDPOLYGONALFACE((139,141,137));
#1977=IFCINDEXEDPOLYGONALFACE((138,144,140));
#1978=IFCINDEXEDPOLYGONALFACE((142,138,141));
#1979=IFCINDEXEDPOLYGONALFACE((142,144,138));
#1980=IFCINDEXEDPOLYGONALFACE((140,144,139));
#1981=IFCINDEXEDPOLYGONALFACE((143,141,139));
#1982=IFCINDEXEDPOLYGONALFACE((139,144,143));
#1983=IFCINDEXEDPOLYGONALFACE((143,142,141));
#1984=IFCINDEXEDPOLYGONALFACE((144,142,143));
#1985=IFCINDEXEDPOLYGONALFACE((146,148,145));
#1986=IFCINDEXEDPOLYGONALFACE((149,146,145));
#1987=IFCINDEXEDPOLYGONALFACE((145,148,147));
#1988=IFCINDEXEDPOLYGONALFACE((147,149,145));
#1989=IFCINDEXEDPOLYGONALFACE((146,152,148));
#1990=IFCINDEXEDPOLYGONALFACE((150,146,149));
#1991=IFCINDEXEDPOLYGONALFACE((150,152,146));
#1992=IFCINDEXEDPOLYGONALFACE((148,152,147));
#1993=IFCINDEXEDPOLYGONALFACE((151,149,147));
#1994=IFCINDEXEDPOLYGONALFACE((147,152,151));
#1995=IFCINDEXEDPOLYGONALFACE((151,150,149));
#1996=IFCINDEXEDPOLYGONALFACE((152,150,151));
#1997=IFCINDEXEDPOLYGONALFACE((154,156,153));
#1998=IFCINDEXEDPOLYGONALFACE((157,154,153));
#1999=IFCINDEXEDPOLYGONALFACE((153,156,155));
#2000=IFCINDEXEDPOLYGONALFACE((155,157,153));
#2001=IFCINDEXEDPOLYGONALFACE((154,160,156));
#2002=IFCINDEXEDPOLYGONALFACE((158,154,157));
#2003=IFCINDEXEDPOLYGONALFACE((158,160,154));
#2004=IFCINDEXEDPOLYGONALFACE((156,160,155));
#2005=IFCINDEXEDPOLYGONALFACE((159,157,155));
#2006=IFCINDEXEDPOLYGONALFACE((155,160,159));
#2007=IFCINDEXEDPOLYGONALFACE((159,158,157));
#2008=IFCINDEXEDPOLYGONALFACE((160,158,159));
#2009=IFCINDEXEDPOLYGONALFACE((162,164,161));
#2010=IFCINDEXEDPOLYGONALFACE((165,162,161));
#2011=IFCINDEXEDPOLYGONALFACE((161,164,163));
#2012=IFCINDEXEDPOLYGONALFACE((163,165,161));
#2013=IFCINDEXEDPOLYGONALFACE((162,168,164));
#2014=IFCINDEXEDPOLYGONALFACE((166,162,165));
#2015=IFCINDEXEDPOLYGONALFACE((166,168,162));
#2016=IFCINDEXEDPOLYGONALFACE((164,168,163));
#2017=IFCINDEXEDPOLYGONALFACE((167,165,163));
#2018=IFCINDEXEDPOLYGONALFACE((163,168,167));
#2019=IFCINDEXEDPOLYGONALFACE((167,166,165));
#2020=IFCINDEXEDPOLYGONALFACE((168,166,167));
#2021=IFCINDEXEDPOLYGONALFACE((170,172,169));
#2022=IFCINDEXEDPOLYGONALFACE((173,170,169));
#2023=IFCINDEXEDPOLYGONALFACE((169,172,171));
#2024=IFCINDEXEDPOLYGONALFACE((171,173,169));
#2025=IFCINDEXEDPOLYGONALFACE((170,176,172));
#2026=IFCINDEXEDPOLYGONALFACE((174,170,173));
#2027=IFCINDEXEDPOLYGONALFACE((174,176,170));
#2028=IFCINDEXEDPOLYGONALFACE((172,176,171));
#2029=IFCINDEXEDPOLYGONALFACE((175,173,171));
#2030=IFCINDEXEDPOLYGONALFACE((171,176,175));
#2031=IFCINDEXEDPOLYGONALFACE((175,174,173));
#2032=IFCINDEXEDPOLYGONALFACE((176,174,175));
#2033=IFCINDEXEDPOLYGONALFACE((178,180,177));
#2034=IFCINDEXEDPOLYGONALFACE((181,178,177));
#2035=IFCINDEXEDPOLYGONALFACE((177,180,179));
#2036=IFCINDEXEDPOLYGONALFACE((179,181,177));
#2037=IFCINDEXEDPOLYGONALFACE((178,184,180));
#2038=IFCINDEXEDPOLYGONALFACE((182,178,181));
#2039=IFCINDEXEDPOLYGONALFACE((182,184,178));
#2040=IFCINDEXEDPOLYGONALFACE((180,184,179));
#2041=IFCINDEXEDPOLYGONALFACE((183,181,179));
#2042=IFCINDEXEDPOLYGONALFACE((179,184,183));
#2043=IFCINDEXEDPOLYGONALFACE((183,182,181));
#2044=IFCINDEXEDPOLYGONALFACE((184,182,183));
#2045=IFCINDEXEDPOLYGONALFACE((186,188,185));
#2046=IFCINDEXEDPOLYGONALFACE((189,186,185));
#2047=IFCINDEXEDPOLYGONALFACE((185,188,187));
#2048=IFCINDEXEDPOLYGONALFACE((187,189,185));
#2049=IFCINDEXEDPOLYGONALFACE((186,192,188));
#2050=IFCINDEXEDPOLYGONALFACE((190,186,189));
#2051=IFCINDEXEDPOLYGONALFACE((190,192,186));
#2052=IFCINDEXEDPOLYGONALFACE((188,192,187));
#2053=IFCINDEXEDPOLYGONALFACE((191,189,187));
#2054=IFCINDEXEDPOLYGONALFACE((187,192,191));
#2055=IFCINDEXEDPOLYGONALFACE((191,190,189));
#2056=IFCINDEXEDPOLYGONALFACE((192,190,191));
#2057=IFCINDEXEDPOLYGONALFACE((194,196,193));
#2058=IFCINDEXEDPOLYGONALFACE((197,194,193));
#2059=IFCINDEXEDPOLYGONALFACE((193,196,195));
#2060=IFCINDEXEDPOLYGONALFACE((195,197,193));
#2061=IFCINDEXEDPOLYGONALFACE((194,200,196));
#2062=IFCINDEXEDPOLYGONALFACE((198,194,197));
#2063=IFCINDEXEDPOLYGONALFACE((198,200,194));
#2064=IFCINDEXEDPOLYGONALFACE((196,200,195));
#2065=IFCINDEXEDPOLYGONALFACE((199,197,195));
#2066=IFCINDEXEDPOLYGONALFACE((195,200,199));
#2067=IFCINDEXEDPOLYGONALFACE((199,198,197));
#2068=IFCINDEXEDPOLYGONALFACE((200,198,199));
#2069=IFCINDEXEDPOLYGONALFACE((202,204,201));
#2070=IFCINDEXEDPOLYGONALFACE((205,202,201));
#2071=IFCINDEXEDPOLYGONALFACE((201,204,203));
#2072=IFCINDEXEDPOLYGONALFACE((203,205,201));
#2073=IFCINDEXEDPOLYGONALFACE((202,208,204));
#2074=IFCINDEXEDPOLYGONALFACE((206,202,205));
#2075=IFCINDEXEDPOLYGONALFACE((206,208,202));
#2076=IFCINDEXEDPOLYGONALFACE((204,208,203));
#2077=IFCINDEXEDPOLYGONALFACE((207,205,203));
#2078=IFCINDEXEDPOLYGONALFACE((203,208,207));
#2079=IFCINDEXEDPOLYGONALFACE((207,206,205));
#2080=IFCINDEXEDPOLYGONALFACE((208,206,207));
#2081=IFCINDEXEDPOLYGONALFACE((210,212,209));
#2082=IFCINDEXEDPOLYGONALFACE((213,210,209));
#2083=IFCINDEXEDPOLYGONALFACE((209,212,211));
#2084=IFCINDEXEDPOLYGONALFACE((211,213,209));
#2085=IFCINDEXEDPOLYGONALFACE((210,216,212));
#2086=IFCINDEXEDPOLYGONALFACE((214,210,213));
#2087=IFCINDEXEDPOLYGONALFACE((214,216,210));
#2088=IFCINDEXEDPOLYGONALFACE((212,216,211));
#2089=IFCINDEXEDPOLYGONALFACE((215,213,211));
#2090=IFCINDEXEDPOLYGONALFACE((211,216,215));
#2091=IFCINDEXEDPOLYGONALFACE((215,214,213));
#2092=IFCINDEXEDPOLYGONALFACE((216,214,215));
#2093=IFCINDEXEDPOLYGONALFACE((218,220,217));
#2094=IFCINDEXEDPOLYGONALFACE((221,218,217));
#2095=IFCINDEXEDPOLYGONALFACE((217,220,219));
#2096=IFCINDEXEDPOLYGONALFACE((219,221,217));
#2097=IFCINDEXEDPOLYGONALFACE((218,224,220));
#2098=IFCINDEXEDPOLYGONALFACE((222,218,221));
#2099=IFCINDEXEDPOLYGONALFACE((222,224,218));
#2100=IFCINDEXEDPOLYGONALFACE((220,224,219));
#2101=IFCINDEXEDPOLYGONALFACE((223,221,219));
#2102=IFCINDEXEDPOLYGONALFACE((219,224,223));
#2103=IFCINDEXEDPOLYGONALFACE((223,222,221));
#2104=IFCINDEXEDPOLYGONALFACE((224,222,223));
#2105=IFCINDEXEDPOLYGONALFACE((226,228,225));
#2106=IFCINDEXEDPOLYGONALFACE((229,226,225));
#2107=IFCINDEXEDPOLYGONALFACE((225,228,227));
#2108=IFCINDEXEDPOLYGONALFACE((227,229,225));
#2109=IFCINDEXEDPOLYGONALFACE((226,232,228));
#2110=IFCINDEXEDPOLYGONALFACE((230,226,229));
#2111=IFCINDEXEDPOLYGONALFACE((230,232,226));
#2112=IFCINDEXEDPOLYGONALFACE((228,232,227));
#2113=IFCINDEXEDPOLYGONALFACE((231,229,227));
#2114=IFCINDEXEDPOLYGONALFACE((227,232,231));
#2115=IFCINDEXEDPOLYGONALFACE((231,230,229));
#2116=IFCINDEXEDPOLYGONALFACE((232,230,231));
#2117=IFCINDEXEDPOLYGONALFACE((234,236,233));
#2118=IFCINDEXEDPOLYGONALFACE((237,234,233));
#2119=IFCINDEXEDPOLYGONALFACE((233,236,235));
#2120=IFCINDEXEDPOLYGONALFACE((235,237,233));
#2121=IFCINDEXEDPOLYGONALFACE((234,240,236));
#2122=IFCINDEXEDPOLYGONALFACE((238,234,237));
#2123=IFCINDEXEDPOLYGONALFACE((238,240,234));
#2124=IFCINDEXEDPOLYGONALFACE((236,240,235));
#2125=IFCINDEXEDPOLYGONALFACE((239,237,235));
#2126=IFCINDEXEDPOLYGONALFACE((235,240,239));
#2127=IFCINDEXEDPOLYGONALFACE((239,238,237));
#2128=IFCINDEXEDPOLYGONALFACE((240,238,239));
#2129=IFCINDEXEDPOLYGONALFACE((242,244,241));
#2130=IFCINDEXEDPOLYGONALFACE((245,242,241));
#2131=IFCINDEXEDPOLYGONALFACE((241,244,243));
#2132=IFCINDEXEDPOLYGONALFACE((243,245,241));
#2133=IFCINDEXEDPOLYGONALFACE((242,248,244));
#2134=IFCINDEXEDPOLYGONALFACE((246,242,245));
#2135=IFCINDEXEDPOLYGONALFACE((246,248,242));
#2136=IFCINDEXEDPOLYGONALFACE((244,248,243));
#2137=IFCINDEXEDPOLYGONALFACE((247,245,243));
#2138=IFCINDEXEDPOLYGONALFACE((243,248,247));
#2139=IFCINDEXEDPOLYGONALFACE((247,246,245));
#2140=IFCINDEXEDPOLYGONALFACE((248,246,247));
#2141=IFCINDEXEDPOLYGONALFACE((250,252,249));
#2142=IFCINDEXEDPOLYGONALFACE((253,250,249));
#2143=IFCINDEXEDPOLYGONALFACE((249,252,251));
#2144=IFCINDEXEDPOLYGONALFACE((251,253,249));
#2145=IFCINDEXEDPOLYGONALFACE((250,256,252));
#2146=IFCINDEXEDPOLYGONALFACE((254,250,253));
#2147=IFCINDEXEDPOLYGONALFACE((254,256,250));
#2148=IFCINDEXEDPOLYGONALFACE((252,256,251));
#2149=IFCINDEXEDPOLYGONALFACE((255,253,251));
#2150=IFCINDEXEDPOLYGONALFACE((251,256,255));
#2151=IFCINDEXEDPOLYGONALFACE((255,254,253));
#2152=IFCINDEXEDPOLYGONALFACE((256,254,255));
#2153=IFCINDEXEDPOLYGONALFACE((258,260,257));
#2154=IFCINDEXEDPOLYGONALFACE((261,258,257));
#2155=IFCINDEXEDPOLYGONALFACE((257,260,259));
#2156=IFCINDEXEDPOLYGONALFACE((259,261,257));
#2157=IFCINDEXEDPOLYGONALFACE((258,264,260));
#2158=IFCINDEXEDPOLYGONALFACE((262,258,261));
#2159=IFCINDEXEDPOLYGONALFACE((262,264,258));
#2160=IFCINDEXEDPOLYGONALFACE((260,264,259));
#2161=IFCINDEXEDPOLYGONALFACE((263,261,259));
#2162=IFCINDEXEDPOLYGONALFACE((259,264,263));
#2163=IFCINDEXEDPOLYGONALFACE((263,262,261));
#2164=IFCINDEXEDPOLYGONALFACE((264,262,263));
#2165=IFCINDEXEDPOLYGONALFACE((266,268,265));
#2166=IFCINDEXEDPOLYGONALFACE((269,266,265));
#2167=IFCINDEXEDPOLYGONALFACE((265,268,267));
#2168=IFCINDEXEDPOLYGONALFACE((267,269,265));
#2169=IFCINDEXEDPOLYGONALFACE((266,272,268));
#2170=IFCINDEXEDPOLYGONALFACE((270,266,269));
#2171=IFCINDEXEDPOLYGONALFACE((270,272,266));
#2172=IFCINDEXEDPOLYGONALFACE((268,272,267));
#2173=IFCINDEXEDPOLYGONALFACE((271,269,267));
#2174=IFCINDEXEDPOLYGONALFACE((267,272,271));
#2175=IFCINDEXEDPOLYGONALFACE((271,270,269));
#2176=IFCINDEXEDPOLYGONALFACE((272,270,271));
#2177=IFCINDEXEDPOLYGONALFACE((274,276,273));
#2178=IFCINDEXEDPOLYGONALFACE((277,274,273));
#2179=IFCINDEXEDPOLYGONALFACE((273,276,275));
#2180=IFCINDEXEDPOLYGONALFACE((275,277,273));
#2181=IFCINDEXEDPOLYGONALFACE((274,280,276));
#2182=IFCINDEXEDPOLYGONALFACE((278,274,277));
#2183=IFCINDEXEDPOLYGONALFACE((278,280,274));
#2184=IFCINDEXEDPOLYGONALFACE((276,280,275));
#2185=IFCINDEXEDPOLYGONALFACE((279,277,275));
#2186=IFCINDEXEDPOLYGONALFACE((275,280,279));
#2187=IFCINDEXEDPOLYGONALFACE((279,278,277));
#2188=IFCINDEXEDPOLYGONALFACE((280,278,279));
#2189=IFCINDEXEDPOLYGONALFACE((282,284,281));
#2190=IFCINDEXEDPOLYGONALFACE((285,282,281));
#2191=IFCINDEXEDPOLYGONALFACE((281,284,283));
#2192=IFCINDEXEDPOLYGONALFACE((283,285,281));
#2193=IFCINDEXEDPOLYGONALFACE((282,288,284));
#2194=IFCINDEXEDPOLYGONALFACE((286,282,285));
#2195=IFCINDEXEDPOLYGONALFACE((286,288,282));
#2196=IFCINDEXEDPOLYGONALFACE((284,288,283));
#2197=IFCINDEXEDPOLYGONALFACE((287,285,283));
#2198=IFCINDEXEDPOLYGONALFACE((283,288,287));
#2199=IFCINDEXEDPOLYGONALFACE((287,286,285));
#2200=IFCINDEXEDPOLYGONALFACE((288,286,287));
#2201=IFCPOLYGONALFACESET(#1768,$,(#1769,#1770,#1771,#1772,#1773,#1774,#1775,#1776,#1777,#1778,#1779,#1780,#1781,#1782,#1783,#1784,#1785,#1786,#1787,#1788,#1789,#1790,#1791,#1792,#1793,#1794,#1795,#1796,#1797,#1798,#1799,#1800,#1801,#1802,#1803,#1804,#1805,#1806,#1807,#1808,#1809,#1810,#1811,#1812,#1813,#1814,#1815,#1816,#1817,#1818,#1819,#1820,#1821,#1822,#1823,#1824,#1825,#1826,#1827,#1828,#1829,#1830,#1831,#1832,#1833,#1834,#1835,#1836,#1837,#1838,#1839,#1840,#1841,#1842,#1843,#1844,#1845,#1846,#1847,#1848,#1849,#1850,#1851,#1852,#1853,#1854,#1855,#1856,#1857,#1858,#1859,#1860,#1861,#1862,#1863,#1864,#1865,#1866,#1867,#1868,#1869,#1870,#1871,#1872,#1873,#1874,#1875,#1876,#1877,#1878,#1879,#1880,#1881,#1882,#1883,#1884,#1885,#1886,#1887,#1888,#1889,#1890,#1891,#1892,#1893,#1894,#1895,#1896,#1897,#1898,#1899,#1900,#1901,#1902,#1903,#1904,#1905,#1906,#1907,#1908,#1909,#1910,#1911,#1912,#1913,#1914,#1915,#1916,#1917,#1918,#1919,#1920,#1921,#1922,#1923,#1924,#1925,#1926,#1927,#1928,#1929,#1930,#1931,#1932,#1933,#1934,#1935,#1936,#1937,#1938,#1939,#1940,#1941,#1942,#1943,#1944,#1945,#1946,#1947,#1948,#1949,#1950,#1951,#1952,#1953,#1954,#1955,#1956,#1957,#1958,#1959,#1960,#1961,#1962,#1963,#1964,#1965,#1966,#1967,#1968,#1969,#1970,#1971,#1972,#1973,#1974,#1975,#1976,#1977,#1978,#1979,#1980,#1981,#1982,#1983,#1984,#1985,#1986,#1987,#1988,#1989,#1990,#1991,#1992,#1993,#1994,#1995,#1996,#1997,#1998,#1999,#2000,#2001,#2002,#2003,#2004,#2005,#2006,#2007,#2008,#2009,#2010,#2011,#2012,#2013,#2014,#2015,#2016,#2017,#2018,#2019,#2020,#2021,#2022,#2023,#2024,#2025,#2026,#2027,#2028,#2029,#2030,#2031,#2032,#2033,#2034,#2035,#2036,#2037,#2038,#2039,#2040,#2041,#2042,#2043,#2044,#2045,#2046,#2047,#2048,#2049,#2050,#2051,#2052,#2053,#2054,#2055,#2056,#2057,#2058,#2059,#2060,#2061,#2062,#2063,#2064,#2065,#2066,#2067,#2068,#2069,#2070,#2071,#2072,#2073,#2074,#2075,#2076,#2077,#2078,#2079,#2080,#2081,#2082,#2083,#2084,#2085,#2086,#2087,#2088,#2089,#2090,#2091,#2092,#2093,#2094,#2095,#2096,#2097,#2098,#2099,#2100,#2101,#2102,#2103,#2104,#2105,#2106,#2107,#2108,#2109,#2110,#2111,#2112,#2113,#2114,#2115,#2116,#2117,#2118,#2119,#2120,#2121,#2122,#2123,#2124,#2125,#2126,#2127,#2128,#2129,#2130,#2131,#2132,#2133,#2134,#2135,#2136,#2137,#2138,#2139,#2140,#2141,#2142,#2143,#2144,#2145,#2146,#2147,#2148,#2149,#2150,#2151,#2152,#2153,#2154,#2155,#2156,#2157,#2158,#2159,#2160,#2161,#2162,#2163,#2164,#2165,#2166,#2167,#2168,#2169,#2170,#2171,#2172,#2173,#2174,#2175,#2176,#2177,#2178,#2179,#2180,#2181,#2182,#2183,#2184,#2185,#2186,#2187,#2188,#2189,#2190,#2191,#2192,#2193,#2194,#2195,#2196,#2197,#2198,#2199,#2200),$);
#2202=IFCSHAPEREPRESENTATION(#16,'Body','Tessellation',(#2201));
#2203=IFCPRODUCTDEFINITIONSHAPE($,$,(#2202));
#2204=IFCCARTESIANPOINT((0.,0.,0.));
#2205=IFCDIRECTION((0.,0.,1.));
#2206=IFCDIRECTION((1.,0.,0.));
#2207=IFCAXIS2PLACEMENT3D(#2204,#2205,#2206);
#2208=IFCLOCALPLACEMENT($,#2207);
#2209=IFCOWNERHISTORY(#5,#6,.READWRITE.,.ADDED.,1788887504,#5,#6,1788887504);
#2210=IFCPROPERTYSET('0BN$lKhFHBuxvSWs9Ii9UU',#2209,'Pset_TrimeshGeneration',$,(#2213,#2214,#2215,#2216,#2217));
#2211=IFCOWNERHISTORY(#5,#6,.READWRITE.,.ADDED.,1788887504,#5,#6,1788887504);
#2212=IFCRELDEFINESBYPROPERTIES('33E9gn0uH9ewpBqDrfIg2t',#2211,$,$,(#1767),#2210);
#2213=IFCPROPERTYSINGLEVALUE('GenerationMethod',$,IFCLABEL('TRIMESH_CODE'),$);
#2214=IFCPROPERTYSINGLEVALUE('VertexCount',$,IFCINTEGER(288),$);
#2215=IFCPROPERTYSINGLEVALUE('FaceCount',$,IFCINTEGER(432),$);
#2216=IFCPROPERTYSINGLEVALUE('IsWatertight',$,IFCBOOLEAN(.T.),$);
#2217=IFCPROPERTYSINGLEVALUE('Volume',$,IFCREAL(12.474804807931767),$);
#2218=IFCOWNERHISTORY(#5,#6,.READWRITE.,.MODIFIED.,1788887537,#5,#6,1788887537);
#2219=IFCBEAM('2loPVJAKf6cwM7Xmmci0Gj',#2218,'Waling_Ring_L1_plus3600',$,$,#2372,#2367,$,$);
#2220=IFCCARTESIANPOINTLIST3D(((0.3000000000000007,0.87,3.4250000000000003),(0.3000000000000007,0.87,3.775),(0.3000000000000007,0.9,3.4250000000000003),(0.3000000000000007,0.9,3.775),(11.7,0.87,3.4250000000000003),(11.7,0.87,3.775),(11.7,0.9,3.4250000000000003),(11.7,0.9,3.775),(0.3000000000000007,0.3,3.4250000000000003),(0.3000000000000007,0.3,3.775),(0.3000000000000007,0.33,3.4250000000000003),(0.3000000000000007,0.33,3.775),(11.7,0.3,3.4250000000000003),(11.7,0.3,3.775),(11.7,0.33,3.4250000000000003),(11.7,0.33,3.775),(0.3000000000000007,0.3,3.589),(0.3000000000000007,0.3,3.611),(0.3000000000000007,0.8999999999999999,3.589),(0.3000000000000007,0.8999999999999999,3.611),(11.7,0.3,3.589),(11.7,0.3,3.611),(11.7,0.8999999999999999,3.589),(11.7,0.8999999999999999,3.611),(0.3000000000000007,7.670000000000001,3.4250000000000003),(0.3000000000000007,7.670000000000001,3.775),(0.3000000000000007,7.7,3.4250000000000003),(0.3000000000000007,7.7,3.775),(11.7,7.670000000000001,3.4250000000000003),(11.7,7.670000000000001,3.775),(11.7,7.7,3.4250000000000003),(11.7,7.7,3.775),(0.3000000000000007,7.1000000000000005,3.4250000000000003),(0.3000000000000007,7.1000000000000005,3.775),(0.3000000000000007,7.13,3.4250000000000003),(0.3000000000000007,7.13,3.775),(11.7,7.1000000000000005,3.4250000000000003),(11.7,7.1000000000000005,3.775),(11.7,7.13,3.4250000000000003),(11.7,7.13,3.775),(0.3000000000000007,7.1000000000000005,3.589),(0.3000000000000007,7.1000000000000005,3.611),(0.3000000000000007,7.7,3.589),(0.3000000000000007,7.7,3.611),(11.7,7.1000000000000005,3.589),(11.7,7.1000000000000005,3.611),(11.7,7.7,3.589),(11.7,7.7,3.611),(0.3299999999999998,0.9000000000000004,3.4250000000000003),(0.3299999999999998,0.9000000000000004,3.775),(0.2999999999999998,0.9000000000000004,3.4250000000000003),(0.2999999999999998,0.9000000000000004,3.775),(0.3300000000000002,7.1,3.4250000000000003),(0.3300000000000002,7.1,3.775),(0.3000000000000002,7.1,3.4250000000000003),(0.3000000000000002,7.1,3.775),(0.8999999999999998,0.9000000000000004,3.4250000000000003),(0.8999999999999998,0.9000000000000004,3.775),(0.8699999999999998,0.9000000000000004,3.4250000000000003),(0.8699999999999998,0.9000000000000004,3.775),(0.9000000000000002,7.1,3.4250000000000003),(0.9000000000000002,7.1,3.775),(0.8700000000000002,7.1,3.4250000000000003),(0.8700000000000002,7.1,3.775),(0.8999999999999998,0.9000000000000004,3.589),(0.8999999999999998,0.9000000000000004,3.611),(0.2999999999999998,0.9000000000000004,3.589),(0.2999999999999998,0.9000000000000004,3.611),(0.9000000000000001,7.1,3.589),(0.9000000000000001,7.1,3.611),(0.30000000000000016,7.1,3.589),(0.30000000000000016,7.1,3.611),(11.13,0.9000000000000004,3.4250000000000003),(11.13,0.9000000000000004,3.775),(11.1,0.9000000000000004,3.4250000000000003),(11.1,0.9000000000000004,3.775),(11.13,7.1,3.4250000000000003),(11.13,7.1,3.775),(11.1,7.1,3.4250000000000003),(11.1,7.1,3.775),(11.700000000000001,0.9000000000000004,3.4250000000000003),(11.700000000000001,0.9000000000000004,3.775),(11.67,0.9000000000000004,3.4250000000000003),(11.67,0.9000000000000004,3.775),(11.700000000000001,7.1,3.4250000000000003),(11.700000000000001,7.1,3.775),(11.67,7.1,3.4250000000000003),(11.67,7.1,3.775),(11.7,0.9000000000000004,3.589),(11.7,0.9000000000000004,3.611),(11.1,0.9000000000000004,3.589),(11.1,0.9000000000000004,3.611),(11.700000000000001,7.1,3.589),(11.700000000000001,7.1,3.611),(11.100000000000001,7.1,3.589),(11.100000000000001,7.1,3.611)));
#2221=IFCINDEXEDPOLYGONALFACE((2,4,1));
#2222=IFCINDEXEDPOLYGONALFACE((5,2,1));
#2223=IFCINDEXEDPOLYGONALFACE((1,4,3));
#2224=IFCINDEXEDPOLYGONALFACE((3,5,1));
#2225=IFCINDEXEDPOLYGONALFACE((2,8,4));
#2226=IFCINDEXEDPOLYGONALFACE((6,2,5));
#2227=IFCINDEXEDPOLYGONALFACE((6,8,2));
#2228=IFCINDEXEDPOLYGONALFACE((4,8,3));
#2229=IFCINDEXEDPOLYGONALFACE((7,5,3));
#2230=IFCINDEXEDPOLYGONALFACE((3,8,7));
#2231=IFCINDEXEDPOLYGONALFACE((7,6,5));
#2232=IFCINDEXEDPOLYGONALFACE((8,6,7));
#2233=IFCINDEXEDPOLYGONALFACE((10,12,9));
#2234=IFCINDEXEDPOLYGONALFACE((13,10,9));
#2235=IFCINDEXEDPOLYGONALFACE((9,12,11));
#2236=IFCINDEXEDPOLYGONALFACE((11,13,9));
#2237=IFCINDEXEDPOLYGONALFACE((10,16,12));
#2238=IFCINDEXEDPOLYGONALFACE((14,10,13));
#2239=IFCINDEXEDPOLYGONALFACE((14,16,10));
#2240=IFCINDEXEDPOLYGONALFACE((12,16,11));
#2241=IFCINDEXEDPOLYGONALFACE((15,13,11));
#2242=IFCINDEXEDPOLYGONALFACE((11,16,15));
#2243=IFCINDEXEDPOLYGONALFACE((15,14,13));
#2244=IFCINDEXEDPOLYGONALFACE((16,14,15));
#2245=IFCINDEXEDPOLYGONALFACE((18,20,17));
#2246=IFCINDEXEDPOLYGONALFACE((21,18,17));
#2247=IFCINDEXEDPOLYGONALFACE((17,20,19));
#2248=IFCINDEXEDPOLYGONALFACE((19,21,17));
#2249=IFCINDEXEDPOLYGONALFACE((18,24,20));
#2250=IFCINDEXEDPOLYGONALFACE((22,18,21));
#2251=IFCINDEXEDPOLYGONALFACE((22,24,18));
#2252=IFCINDEXEDPOLYGONALFACE((20,24,19));
#2253=IFCINDEXEDPOLYGONALFACE((23,21,19));
#2254=IFCINDEXEDPOLYGONALFACE((19,24,23));
#2255=IFCINDEXEDPOLYGONALFACE((23,22,21));
#2256=IFCINDEXEDPOLYGONALFACE((24,22,23));
#2257=IFCINDEXEDPOLYGONALFACE((26,28,25));
#2258=IFCINDEXEDPOLYGONALFACE((29,26,25));
#2259=IFCINDEXEDPOLYGONALFACE((25,28,27));
#2260=IFCINDEXEDPOLYGONALFACE((27,29,25));
#2261=IFCINDEXEDPOLYGONALFACE((26,32,28));
#2262=IFCINDEXEDPOLYGONALFACE((30,26,29));
#2263=IFCINDEXEDPOLYGONALFACE((30,32,26));
#2264=IFCINDEXEDPOLYGONALFACE((28,32,27));
#2265=IFCINDEXEDPOLYGONALFACE((31,29,27));
#2266=IFCINDEXEDPOLYGONALFACE((27,32,31));
#2267=IFCINDEXEDPOLYGONALFACE((31,30,29));
#2268=IFCINDEXEDPOLYGONALFACE((32,30,31));
#2269=IFCINDEXEDPOLYGONALFACE((34,36,33));
#2270=IFCINDEXEDPOLYGONALFACE((37,34,33));
#2271=IFCINDEXEDPOLYGONALFACE((33,36,35));
#2272=IFCINDEXEDPOLYGONALFACE((35,37,33));
#2273=IFCINDEXEDPOLYGONALFACE((34,40,36));
#2274=IFCINDEXEDPOLYGONALFACE((38,34,37));
#2275=IFCINDEXEDPOLYGONALFACE((38,40,34));
#2276=IFCINDEXEDPOLYGONALFACE((36,40,35));
#2277=IFCINDEXEDPOLYGONALFACE((39,37,35));
#2278=IFCINDEXEDPOLYGONALFACE((35,40,39));
#2279=IFCINDEXEDPOLYGONALFACE((39,38,37));
#2280=IFCINDEXEDPOLYGONALFACE((40,38,39));
#2281=IFCINDEXEDPOLYGONALFACE((42,44,41));
#2282=IFCINDEXEDPOLYGONALFACE((45,42,41));
#2283=IFCINDEXEDPOLYGONALFACE((41,44,43));
#2284=IFCINDEXEDPOLYGONALFACE((43,45,41));
#2285=IFCINDEXEDPOLYGONALFACE((42,48,44));
#2286=IFCINDEXEDPOLYGONALFACE((46,42,45));
#2287=IFCINDEXEDPOLYGONALFACE((46,48,42));
#2288=IFCINDEXEDPOLYGONALFACE((44,48,43));
#2289=IFCINDEXEDPOLYGONALFACE((47,45,43));
#2290=IFCINDEXEDPOLYGONALFACE((43,48,47));
#2291=IFCINDEXEDPOLYGONALFACE((47,46,45));
#2292=IFCINDEXEDPOLYGONALFACE((48,46,47));
#2293=IFCINDEXEDPOLYGONALFACE((50,52,49));
#2294=IFCINDEXEDPOLYGONALFACE((53,50,49));
#2295=IFCINDEXEDPOLYGONALFACE((49,52,51));
#2296=IFCINDEXEDPOLYGONALFACE((51,53,49));
#2297=IFCINDEXEDPOLYGONALFACE((50,56,52));
#2298=IFCINDEXEDPOLYGONALFACE((54,50,53));
#2299=IFCINDEXEDPOLYGONALFACE((54,56,50));
#2300=IFCINDEXEDPOLYGONALFACE((52,56,51));
#2301=IFCINDEXEDPOLYGONALFACE((55,53,51));
#2302=IFCINDEXEDPOLYGONALFACE((51,56,55));
#2303=IFCINDEXEDPOLYGONALFACE((55,54,53));
#2304=IFCINDEXEDPOLYGONALFACE((56,54,55));
#2305=IFCINDEXEDPOLYGONALFACE((58,60,57));
#2306=IFCINDEXEDPOLYGONALFACE((61,58,57));
#2307=IFCINDEXEDPOLYGONALFACE((57,60,59));
#2308=IFCINDEXEDPOLYGONALFACE((59,61,57));
#2309=IFCINDEXEDPOLYGONALFACE((58,64,60));
#2310=IFCINDEXEDPOLYGONALFACE((62,58,61));
#2311=IFCINDEXEDPOLYGONALFACE((62,64,58));
#2312=IFCINDEXEDPOLYGONALFACE((60,64,59));
#2313=IFCINDEXEDPOLYGONALFACE((63,61,59));
#2314=IFCINDEXEDPOLYGONALFACE((59,64,63));
#2315=IFCINDEXEDPOLYGONALFACE((63,62,61));
#2316=IFCINDEXEDPOLYGONALFACE((64,62,63));
#2317=IFCINDEXEDPOLYGONALFACE((66,68,65));
#2318=IFCINDEXEDPOLYGONALFACE((69,66,65));
#2319=IFCINDEXEDPOLYGONALFACE((65,68,67));
#2320=IFCINDEXEDPOLYGONALFACE((67,69,65));
#2321=IFCINDEXEDPOLYGONALFACE((66,72,68));
#2322=IFCINDEXEDPOLYGONALFACE((70,66,69));
#2323=IFCINDEXEDPOLYGONALFACE((70,72,66));
#2324=IFCINDEXEDPOLYGONALFACE((68,72,67));
#2325=IFCINDEXEDPOLYGONALFACE((71,69,67));
#2326=IFCINDEXEDPOLYGONALFACE((67,72,71));
#2327=IFCINDEXEDPOLYGONALFACE((71,70,69));
#2328=IFCINDEXEDPOLYGONALFACE((72,70,71));
#2329=IFCINDEXEDPOLYGONALFACE((74,76,73));
#2330=IFCINDEXEDPOLYGONALFACE((77,74,73));
#2331=IFCINDEXEDPOLYGONALFACE((73,76,75));
#2332=IFCINDEXEDPOLYGONALFACE((75,77,73));
#2333=IFCINDEXEDPOLYGONALFACE((74,80,76));
#2334=IFCINDEXEDPOLYGONALFACE((78,74,77));
#2335=IFCINDEXEDPOLYGONALFACE((78,80,74));
#2336=IFCINDEXEDPOLYGONALFACE((76,80,75));
#2337=IFCINDEXEDPOLYGONALFACE((79,77,75));
#2338=IFCINDEXEDPOLYGONALFACE((75,80,79));
#2339=IFCINDEXEDPOLYGONALFACE((79,78,77));
#2340=IFCINDEXEDPOLYGONALFACE((80,78,79));
#2341=IFCINDEXEDPOLYGONALFACE((82,84,81));
#2342=IFCINDEXEDPOLYGONALFACE((85,82,81));
#2343=IFCINDEXEDPOLYGONALFACE((81,84,83));
#2344=IFCINDEXEDPOLYGONALFACE((83,85,81));
#2345=IFCINDEXEDPOLYGONALFACE((82,88,84));
#2346=IFCINDEXEDPOLYGONALFACE((86,82,85));
#2347=IFCINDEXEDPOLYGONALFACE((86,88,82));
#2348=IFCINDEXEDPOLYGONALFACE((84,88,83));
#2349=IFCINDEXEDPOLYGONALFACE((87,85,83));
#2350=IFCINDEXEDPOLYGONALFACE((83,88,87));
#2351=IFCINDEXEDPOLYGONALFACE((87,86,85));
#2352=IFCINDEXEDPOLYGONALFACE((88,86,87));
#2353=IFCINDEXEDPOLYGONALFACE((90,92,89));
#2354=IFCINDEXEDPOLYGONALFACE((93,90,89));
#2355=IFCINDEXEDPOLYGONALFACE((89,92,91));
#2356=IFCINDEXEDPOLYGONALFACE((91,93,89));
#2357=IFCINDEXEDPOLYGONALFACE((90,96,92));
#2358=IFCINDEXEDPOLYGONALFACE((94,90,93));
#2359=IFCINDEXEDPOLYGONALFACE((94,96,90));
#2360=IFCINDEXEDPOLYGONALFACE((92,96,91));
#2361=IFCINDEXEDPOLYGONALFACE((95,93,91));
#2362=IFCINDEXEDPOLYGONALFACE((91,96,95));
#2363=IFCINDEXEDPOLYGONALFACE((95,94,93));
#2364=IFCINDEXEDPOLYGONALFACE((96,94,95));
#2365=IFCPOLYGONALFACESET(#2220,$,(#2221,#2222,#2223,#2224,#2225,#2226,#2227,#2228,#2229,#2230,#2231,#2232,#2233,#2234,#2235,#2236,#2237,#2238,#2239,#2240,#2241,#2242,#2243,#2244,#2245,#2246,#2247,#2248,#2249,#2250,#2251,#2252,#2253,#2254,#2255,#2256,#2257,#2258,#2259,#2260,#2261,#2262,#2263,#2264,#2265,#2266,#2267,#2268,#2269,#2270,#2271,#2272,#2273,#2274,#2275,#2276,#2277,#2278,#2279,#2280,#2281,#2282,#2283,#2284,#2285,#2286,#2287,#2288,#2289,#2290,#2291,#2292,#2293,#2294,#2295,#2296,#2297,#2298,#2299,#2300,#2301,#2302,#2303,#2304,#2305,#2306,#2307,#2308,#2309,#2310,#2311,#2312,#2313,#2314,#2315,#2316,#2317,#2318,#2319,#2320,#2321,#2322,#2323,#2324,#2325,#2326,#2327,#2328,#2329,#2330,#2331,#2332,#2333,#2334,#2335,#2336,#2337,#2338,#2339,#2340,#2341,#2342,#2343,#2344,#2345,#2346,#2347,#2348,#2349,#2350,#2351,#2352,#2353,#2354,#2355,#2356,#2357,#2358,#2359,#2360,#2361,#2362,#2363,#2364),$);
#2366=IFCSHAPEREPRESENTATION(#16,'Body','Tessellation',(#2365));
#2367=IFCPRODUCTDEFINITIONSHAPE($,$,(#2366));
#2368=IFCCARTESIANPOINT((0.,0.,0.));
#2369=IFCDIRECTION((0.,0.,1.));
#2370=IFCDIRECTION((1.,0.,0.));
#2371=IFCAXIS2PLACEMENT3D(#2368,#2369,#2370);
#2372=IFCLOCALPLACEMENT($,#2371);
#2373=IFCOWNERHISTORY(#5,#6,.READWRITE.,.ADDED.,1788887537,#5,#6,1788887537);
#2374=IFCPROPERTYSET('2UK4WMgEvC1ejr_hT3nPqv',#2373,'Pset_TrimeshGeneration',$,(#2377,#2378,#2379,#2380,#2381));
#2375=IFCOWNERHISTORY(#5,#6,.READWRITE.,.ADDED.,1788887537,#5,#6,1788887537);
#2376=IFCRELDEFINESBYPROPERTIES('3Zx5HJ7VjCER61MBR3LX$A',#2375,$,$,(#2219),#2374);
#2377=IFCPROPERTYSINGLEVALUE('GenerationMethod',$,IFCLABEL('TRIMESH_CODE'),$);
#2378=IFCPROPERTYSINGLEVALUE('VertexCount',$,IFCINTEGER(96),$);
#2379=IFCPROPERTYSINGLEVALUE('FaceCount',$,IFCINTEGER(144),$);
#2380=IFCPROPERTYSINGLEVALUE('IsWatertight',$,IFCBOOLEAN(.T.),$);
#2381=IFCPROPERTYSINGLEVALUE('Volume',$,IFCREAL(1.2038399999999987),$);
#2382=IFCOWNERHISTORY(#5,#6,.READWRITE.,.MODIFIED.,1788887537,#5,#6,1788887537);
#2383=IFCBEAM('14sCs4xAX7zhxJj16oNz1Z',#2382,'Waling_Ring_L2_plus1500',$,$,#2536,#2531,$,$);
#2384=IFCCARTESIANPOINTLIST3D(((0.3000000000000007,0.87,1.325),(0.3000000000000007,0.87,1.675),(0.3000000000000007,0.9,1.325),(0.3000000000000007,0.9,1.675),(11.7,0.87,1.325),(11.7,0.87,1.675),(11.7,0.9,1.325),(11.7,0.9,1.675),(0.3000000000000007,0.3,1.325),(0.3000000000000007,0.3,1.675),(0.3000000000000007,0.33,1.325),(0.3000000000000007,0.33,1.675),(11.7,0.3,1.325),(11.7,0.3,1.675),(11.7,0.33,1.325),(11.7,0.33,1.675),(0.3000000000000007,0.3,1.489),(0.3000000000000007,0.3,1.511),(0.3000000000000007,0.8999999999999999,1.489),(0.3000000000000007,0.8999999999999999,1.511),(11.7,0.3,1.489),(11.7,0.3,1.511),(11.7,0.8999999999999999,1.489),(11.7,0.8999999999999999,1.511),(0.3000000000000007,7.670000000000001,1.325),(0.3000000000000007,7.670000000000001,1.675),(0.3000000000000007,7.7,1.325),(0.3000000000000007,7.7,1.675),(11.7,7.670000000000001,1.325),(11.7,7.670000000000001,1.675),(11.7,7.7,1.325),(11.7,7.7,1.675),(0.3000000000000007,7.1000000000000005,1.325),(0.3000000000000007,7.1000000000000005,1.675),(0.3000000000000007,7.13,1.325),(0.3000000000000007,7.13,1.675),(11.7,7.1000000000000005,1.325),(11.7,7.1000000000000005,1.675),(11.7,7.13,1.325),(11.7,7.13,1.675),(0.3000000000000007,7.1000000000000005,1.489),(0.3000000000000007,7.1000000000000005,1.511),(0.3000000000000007,7.7,1.489),(0.3000000000000007,7.7,1.511),(11.7,7.1000000000000005,1.489),(11.7,7.1000000000000005,1.511),(11.7,7.7,1.489),(11.7,7.7,1.511),(0.3299999999999998,0.9000000000000004,1.325),(0.3299999999999998,0.9000000000000004,1.675),(0.2999999999999998,0.9000000000000004,1.325),(0.2999999999999998,0.9000000000000004,1.675),(0.3300000000000002,7.1,1.325),(0.3300000000000002,7.1,1.675),(0.3000000000000002,7.1,1.325),(0.3000000000000002,7.1,1.675),(0.8999999999999998,0.9000000000000004,1.325),(0.8999999999999998,0.9000000000000004,1.675),(0.8699999999999998,0.9000000000000004,1.325),(0.8699999999999998,0.9000000000000004,1.675),(0.9000000000000002,7.1,1.325),(0.9000000000000002,7.1,1.675),(0.8700000000000002,7.1,1.325),(0.8700000000000002,7.1,1.675),(0.8999999999999998,0.9000000000000004,1.489),(0.8999999999999998,0.9000000000000004,1.511),(0.2999999999999998,0.9000000000000004,1.489),(0.2999999999999998,0.9000000000000004,1.511),(0.9000000000000001,7.1,1.489),(0.9000000000000001,7.1,1.511),(0.30000000000000016,7.1,1.489),(0.30000000000000016,7.1,1.511),(11.13,0.9000000000000004,1.325),(11.13,0.9000000000000004,1.675),(11.1,0.9000000000000004,1.325),(11.1,0.9000000000000004,1.675),(11.13,7.1,1.325),(11.13,7.1,1.675),(11.1,7.1,1.325),(11.1,7.1,1.675),(11.700000000000001,0.9000000000000004,1.325),(11.700000000000001,0.9000000000000004,1.675),(11.67,0.9000000000000004,1.325),(11.67,0.9000000000000004,1.675),(11.700000000000001,7.1,1.325),(11.700000000000001,7.1,1.675),(11.67,7.1,1.325),(11.67,7.1,1.675),(11.7,0.9000000000000004,1.489),(11.7,0.9000000000000004,1.511),(11.1,0.9000000000000004,1.489),(11.1,0.9000000000000004,1.511),(11.700000000000001,7.1,1.489),(11.700000000000001,7.1,1.511),(11.100000000000001,7.1,1.489),(11.100000000000001,7.1,1.511)));
#2385=IFCINDEXEDPOLYGONALFACE((2,4,1));
#2386=IFCINDEXEDPOLYGONALFACE((5,2,1));
#2387=IFCINDEXEDPOLYGONALFACE((1,4,3));
#2388=IFCINDEXEDPOLYGONALFACE((3,5,1));
#2389=IFCINDEXEDPOLYGONALFACE((2,8,4));
#2390=IFCINDEXEDPOLYGONALFACE((6,2,5));
#2391=IFCINDEXEDPOLYGONALFACE((6,8,2));
#2392=IFCINDEXEDPOLYGONALFACE((4,8,3));
#2393=IFCINDEXEDPOLYGONALFACE((7,5,3));
#2394=IFCINDEXEDPOLYGONALFACE((3,8,7));
#2395=IFCINDEXEDPOLYGONALFACE((7,6,5));
#2396=IFCINDEXEDPOLYGONALFACE((8,6,7));
#2397=IFCINDEXEDPOLYGONALFACE((10,12,9));
#2398=IFCINDEXEDPOLYGONALFACE((13,10,9));
#2399=IFCINDEXEDPOLYGONALFACE((9,12,11));
#2400=IFCINDEXEDPOLYGONALFACE((11,13,9));
#2401=IFCINDEXEDPOLYGONALFACE((10,16,12));
#2402=IFCINDEXEDPOLYGONALFACE((14,10,13));
#2403=IFCINDEXEDPOLYGONALFACE((14,16,10));
#2404=IFCINDEXEDPOLYGONALFACE((12,16,11));
#2405=IFCINDEXEDPOLYGONALFACE((15,13,11));
#2406=IFCINDEXEDPOLYGONALFACE((11,16,15));
#2407=IFCINDEXEDPOLYGONALFACE((15,14,13));
#2408=IFCINDEXEDPOLYGONALFACE((16,14,15));
#2409=IFCINDEXEDPOLYGONALFACE((18,20,17));
#2410=IFCINDEXEDPOLYGONALFACE((21,18,17));
#2411=IFCINDEXEDPOLYGONALFACE((17,20,19));
#2412=IFCINDEXEDPOLYGONALFACE((19,21,17));
#2413=IFCINDEXEDPOLYGONALFACE((18,24,20));
#2414=IFCINDEXEDPOLYGONALFACE((22,18,21));
#2415=IFCINDEXEDPOLYGONALFACE((22,24,18));
#2416=IFCINDEXEDPOLYGONALFACE((20,24,19));
#2417=IFCINDEXEDPOLYGONALFACE((23,21,19));
#2418=IFCINDEXEDPOLYGONALFACE((19,24,23));
#2419=IFCINDEXEDPOLYGONALFACE((23,22,21));
#2420=IFCINDEXEDPOLYGONALFACE((24,22,23));
#2421=IFCINDEXEDPOLYGONALFACE((26,28,25));
#2422=IFCINDEXEDPOLYGONALFACE((29,26,25));
#2423=IFCINDEXEDPOLYGONALFACE((25,28,27));
#2424=IFCINDEXEDPOLYGONALFACE((27,29,25));
#2425=IFCINDEXEDPOLYGONALFACE((26,32,28));
#2426=IFCINDEXEDPOLYGONALFACE((30,26,29));
#2427=IFCINDEXEDPOLYGONALFACE((30,32,26));
#2428=IFCINDEXEDPOLYGONALFACE((28,32,27));
#2429=IFCINDEXEDPOLYGONALFACE((31,29,27));
#2430=IFCINDEXEDPOLYGONALFACE((27,32,31));
#2431=IFCINDEXEDPOLYGONALFACE((31,30,29));
#2432=IFCINDEXEDPOLYGONALFACE((32,30,31));
#2433=IFCINDEXEDPOLYGONALFACE((34,36,33));
#2434=IFCINDEXEDPOLYGONALFACE((37,34,33));
#2435=IFCINDEXEDPOLYGONALFACE((33,36,35));
#2436=IFCINDEXEDPOLYGONALFACE((35,37,33));
#2437=IFCINDEXEDPOLYGONALFACE((34,40,36));
#2438=IFCINDEXEDPOLYGONALFACE((38,34,37));
#2439=IFCINDEXEDPOLYGONALFACE((38,40,34));
#2440=IFCINDEXEDPOLYGONALFACE((36,40,35));
#2441=IFCINDEXEDPOLYGONALFACE((39,37,35));
#2442=IFCINDEXEDPOLYGONALFACE((35,40,39));
#2443=IFCINDEXEDPOLYGONALFACE((39,38,37));
#2444=IFCINDEXEDPOLYGONALFACE((40,38,39));
#2445=IFCINDEXEDPOLYGONALFACE((42,44,41));
#2446=IFCINDEXEDPOLYGONALFACE((45,42,41));
#2447=IFCINDEXEDPOLYGONALFACE((41,44,43));
#2448=IFCINDEXEDPOLYGONALFACE((43,45,41));
#2449=IFCINDEXEDPOLYGONALFACE((42,48,44));
#2450=IFCINDEXEDPOLYGONALFACE((46,42,45));
#2451=IFCINDEXEDPOLYGONALFACE((46,48,42));
#2452=IFCINDEXEDPOLYGONALFACE((44,48,43));
#2453=IFCINDEXEDPOLYGONALFACE((47,45,43));
#2454=IFCINDEXEDPOLYGONALFACE((43,48,47));
#2455=IFCINDEXEDPOLYGONALFACE((47,46,45));
#2456=IFCINDEXEDPOLYGONALFACE((48,46,47));
#2457=IFCINDEXEDPOLYGONALFACE((50,52,49));
#2458=IFCINDEXEDPOLYGONALFACE((53,50,49));
#2459=IFCINDEXEDPOLYGONALFACE((49,52,51));
#2460=IFCINDEXEDPOLYGONALFACE((51,53,49));
#2461=IFCINDEXEDPOLYGONALFACE((50,56,52));
#2462=IFCINDEXEDPOLYGONALFACE((54,50,53));
#2463=IFCINDEXEDPOLYGONALFACE((54,56,50));
#2464=IFCINDEXEDPOLYGONALFACE((52,56,51));
#2465=IFCINDEXEDPOLYGONALFACE((55,53,51));
#2466=IFCINDEXEDPOLYGONALFACE((51,56,55));
#2467=IFCINDEXEDPOLYGONALFACE((55,54,53));
#2468=IFCINDEXEDPOLYGONALFACE((56,54,55));
#2469=IFCINDEXEDPOLYGONALFACE((58,60,57));
#2470=IFCINDEXEDPOLYGONALFACE((61,58,57));
#2471=IFCINDEXEDPOLYGONALFACE((57,60,59));
#2472=IFCINDEXEDPOLYGONALFACE((59,61,57));
#2473=IFCINDEXEDPOLYGONALFACE((58,64,60));
#2474=IFCINDEXEDPOLYGONALFACE((62,58,61));
#2475=IFCINDEXEDPOLYGONALFACE((62,64,58));
#2476=IFCINDEXEDPOLYGONALFACE((60,64,59));
#2477=IFCINDEXEDPOLYGONALFACE((63,61,59));
#2478=IFCINDEXEDPOLYGONALFACE((59,64,63));
#2479=IFCINDEXEDPOLYGONALFACE((63,62,61));
#2480=IFCINDEXEDPOLYGONALFACE((64,62,63));
#2481=IFCINDEXEDPOLYGONALFACE((66,68,65));
#2482=IFCINDEXEDPOLYGONALFACE((69,66,65));
#2483=IFCINDEXEDPOLYGONALFACE((65,68,67));
#2484=IFCINDEXEDPOLYGONALFACE((67,69,65));
#2485=IFCINDEXEDPOLYGONALFACE((66,72,68));
#2486=IFCINDEXEDPOLYGONALFACE((70,66,69));
#2487=IFCINDEXEDPOLYGONALFACE((70,72,66));
#2488=IFCINDEXEDPOLYGONALFACE((68,72,67));
#2489=IFCINDEXEDPOLYGONALFACE((71,69,67));
#2490=IFCINDEXEDPOLYGONALFACE((67,72,71));
#2491=IFCINDEXEDPOLYGONALFACE((71,70,69));
#2492=IFCINDEXEDPOLYGONALFACE((72,70,71));
#2493=IFCINDEXEDPOLYGONALFACE((74,76,73));
#2494=IFCINDEXEDPOLYGONALFACE((77,74,73));
#2495=IFCINDEXEDPOLYGONALFACE((73,76,75));
#2496=IFCINDEXEDPOLYGONALFACE((75,77,73));
#2497=IFCINDEXEDPOLYGONALFACE((74,80,76));
#2498=IFCINDEXEDPOLYGONALFACE((78,74,77));
#2499=IFCINDEXEDPOLYGONALFACE((78,80,74));
#2500=IFCINDEXEDPOLYGONALFACE((76,80,75));
#2501=IFCINDEXEDPOLYGONALFACE((79,77,75));
#2502=IFCINDEXEDPOLYGONALFACE((75,80,79));
#2503=IFCINDEXEDPOLYGONALFACE((79,78,77));
#2504=IFCINDEXEDPOLYGONALFACE((80,78,79));
#2505=IFCINDEXEDPOLYGONALFACE((82,84,81));
#2506=IFCINDEXEDPOLYGONALFACE((85,82,81));
#2507=IFCINDEXEDPOLYGONALFACE((81,84,83));
#2508=IFCINDEXEDPOLYGONALFACE((83,85,81));
#2509=IFCINDEXEDPOLYGONALFACE((82,88,84));
#2510=IFCINDEXEDPOLYGONALFACE((86,82,85));
#2511=IFCINDEXEDPOLYGONALFACE((86,88,82));
#2512=IFCINDEXEDPOLYGONALFACE((84,88,83));
#2513=IFCINDEXEDPOLYGONALFACE((87,85,83));
#2514=IFCINDEXEDPOLYGONALFACE((83,88,87));
#2515=IFCINDEXEDPOLYGONALFACE((87,86,85));
#2516=IFCINDEXEDPOLYGONALFACE((88,86,87));
#2517=IFCINDEXEDPOLYGONALFACE((90,92,89));
#2518=IFCINDEXEDPOLYGONALFACE((93,90,89));
#2519=IFCINDEXEDPOLYGONALFACE((89,92,91));
#2520=IFCINDEXEDPOLYGONALFACE((91,93,89));
#2521=IFCINDEXEDPOLYGONALFACE((90,96,92));
#2522=IFCINDEXEDPOLYGONALFACE((94,90,93));
#2523=IFCINDEXEDPOLYGONALFACE((94,96,90));
#2524=IFCINDEXEDPOLYGONALFACE((92,96,91));
#2525=IFCINDEXEDPOLYGONALFACE((95,93,91));
#2526=IFCINDEXEDPOLYGONALFACE((91,96,95));
#2527=IFCINDEXEDPOLYGONALFACE((95,94,93));
#2528=IFCINDEXEDPOLYGONALFACE((96,94,95));
#2529=IFCPOLYGONALFACESET(#2384,$,(#2385,#2386,#2387,#2388,#2389,#2390,#2391,#2392,#2393,#2394,#2395,#2396,#2397,#2398,#2399,#2400,#2401,#2402,#2403,#2404,#2405,#2406,#2407,#2408,#2409,#2410,#2411,#2412,#2413,#2414,#2415,#2416,#2417,#2418,#2419,#2420,#2421,#2422,#2423,#2424,#2425,#2426,#2427,#2428,#2429,#2430,#2431,#2432,#2433,#2434,#2435,#2436,#2437,#2438,#2439,#2440,#2441,#2442,#2443,#2444,#2445,#2446,#2447,#2448,#2449,#2450,#2451,#2452,#2453,#2454,#2455,#2456,#2457,#2458,#2459,#2460,#2461,#2462,#2463,#2464,#2465,#2466,#2467,#2468,#2469,#2470,#2471,#2472,#2473,#2474,#2475,#2476,#2477,#2478,#2479,#2480,#2481,#2482,#2483,#2484,#2485,#2486,#2487,#2488,#2489,#2490,#2491,#2492,#2493,#2494,#2495,#2496,#2497,#2498,#2499,#2500,#2501,#2502,#2503,#2504,#2505,#2506,#2507,#2508,#2509,#2510,#2511,#2512,#2513,#2514,#2515,#2516,#2517,#2518,#2519,#2520,#2521,#2522,#2523,#2524,#2525,#2526,#2527,#2528),$);
#2530=IFCSHAPEREPRESENTATION(#16,'Body','Tessellation',(#2529));
#2531=IFCPRODUCTDEFINITIONSHAPE($,$,(#2530));
#2532=IFCCARTESIANPOINT((0.,0.,0.));
#2533=IFCDIRECTION((0.,0.,1.));
#2534=IFCDIRECTION((1.,0.,0.));
#2535=IFCAXIS2PLACEMENT3D(#2532,#2533,#2534);
#2536=IFCLOCALPLACEMENT($,#2535);
#2537=IFCOWNERHISTORY(#5,#6,.READWRITE.,.ADDED.,1788887537,#5,#6,1788887537);
#2538=IFCPROPERTYSET('1Ax_JpCyT12eFnhwjCKymX',#2537,'Pset_TrimeshGeneration',$,(#2541,#2542,#2543,#2544,#2545));
#2539=IFCOWNERHISTORY(#5,#6,.READWRITE.,.ADDED.,1788887537,#5,#6,1788887537);
#2540=IFCRELDEFINESBYPROPERTIES('0qrtd3c1P9_gaF6wkpQ0Ri',#2539,$,$,(#2383),#2538);
#2541=IFCPROPERTYSINGLEVALUE('GenerationMethod',$,IFCLABEL('TRIMESH_CODE'),$);
#2542=IFCPROPERTYSINGLEVALUE('VertexCount',$,IFCINTEGER(96),$);
#2543=IFCPROPERTYSINGLEVALUE('FaceCount',$,IFCINTEGER(144),$);
#2544=IFCPROPERTYSINGLEVALUE('IsWatertight',$,IFCBOOLEAN(.T.),$);
#2545=IFCPROPERTYSINGLEVALUE('Volume',$,IFCREAL(1.2038399999999934),$);
#2546=IFCOWNERHISTORY(#5,#6,.READWRITE.,.MODIFIED.,1788887538,#5,#6,1788887538);
#2547=IFCBEAM('3gBKzUcWf48upMw7U2MXsL',#2546,'Waling_Ring_L3_minus1000',$,$,#2700,#2695,$,$);
#2548=IFCCARTESIANPOINTLIST3D(((0.3000000000000007,0.87,-1.175),(0.3000000000000007,0.87,-0.825),(0.3000000000000007,0.9,-1.175),(0.3000000000000007,0.9,-0.825),(11.7,0.87,-1.175),(11.7,0.87,-0.825),(11.7,0.9,-1.175),(11.7,0.9,-0.825),(0.3000000000000007,0.3,-1.175),(0.3000000000000007,0.3,-0.825),(0.3000000000000007,0.33,-1.175),(0.3000000000000007,0.33,-0.825),(11.7,0.3,-1.175),(11.7,0.3,-0.825),(11.7,0.33,-1.175),(11.7,0.33,-0.825),(0.3000000000000007,0.3,-1.011),(0.3000000000000007,0.3,-0.989),(0.3000000000000007,0.8999999999999999,-1.011),(0.3000000000000007,0.8999999999999999,-0.989),(11.7,0.3,-1.011),(11.7,0.3,-0.989),(11.7,0.8999999999999999,-1.011),(11.7,0.8999999999999999,-0.989),(0.3000000000000007,7.670000000000001,-1.175),(0.3000000000000007,7.670000000000001,-0.825),(0.3000000000000007,7.7,-1.175),(0.3000000000000007,7.7,-0.825),(11.7,7.670000000000001,-1.175),(11.7,7.670000000000001,-0.825),(11.7,7.7,-1.175),(11.7,7.7,-0.825),(0.3000000000000007,7.1000000000000005,-1.175),(0.3000000000000007,7.1000000000000005,-0.825),(0.3000000000000007,7.13,-1.175),(0.3000000000000007,7.13,-0.825),(11.7,7.1000000000000005,-1.175),(11.7,7.1000000000000005,-0.825),(11.7,7.13,-1.175),(11.7,7.13,-0.825),(0.3000000000000007,7.1000000000000005,-1.011),(0.3000000000000007,7.1000000000000005,-0.989),(0.3000000000000007,7.7,-1.011),(0.3000000000000007,7.7,-0.989),(11.7,7.1000000000000005,-1.011),(11.7,7.1000000000000005,-0.989),(11.7,7.7,-1.011),(11.7,7.7,-0.989),(0.3299999999999998,0.9000000000000004,-1.175),(0.3299999999999998,0.9000000000000004,-0.825),(0.2999999999999998,0.9000000000000004,-1.175),(0.2999999999999998,0.9000000000000004,-0.825),(0.3300000000000002,7.1,-1.175),(0.3300000000000002,7.1,-0.825),(0.3000000000000002,7.1,-1.175),(0.3000000000000002,7.1,-0.825),(0.8999999999999998,0.9000000000000004,-1.175),(0.8999999999999998,0.9000000000000004,-0.825),(0.8699999999999998,0.9000000000000004,-1.175),(0.8699999999999998,0.9000000000000004,-0.825),(0.9000000000000002,7.1,-1.175),(0.9000000000000002,7.1,-0.825),(0.8700000000000002,7.1,-1.175),(0.8700000000000002,7.1,-0.825),(0.8999999999999998,0.9000000000000004,-1.011),(0.8999999999999998,0.9000000000000004,-0.989),(0.2999999999999998,0.9000000000000004,-1.011),(0.2999999999999998,0.9000000000000004,-0.989),(0.9000000000000001,7.1,-1.011),(0.9000000000000001,7.1,-0.989),(0.30000000000000016,7.1,-1.011),(0.30000000000000016,7.1,-0.989),(11.13,0.9000000000000004,-1.175),(11.13,0.9000000000000004,-0.825),(11.1,0.9000000000000004,-1.175),(11.1,0.9000000000000004,-0.825),(11.13,7.1,-1.175),(11.13,7.1,-0.825),(11.1,7.1,-1.175),(11.1,7.1,-0.825),(11.700000000000001,0.9000000000000004,-1.175),(11.700000000000001,0.9000000000000004,-0.825),(11.67,0.9000000000000004,-1.175),(11.67,0.9000000000000004,-0.825),(11.700000000000001,7.1,-1.175),(11.700000000000001,7.1,-0.825),(11.67,7.1,-1.175),(11.67,7.1,-0.825),(11.7,0.9000000000000004,-1.011),(11.7,0.9000000000000004,-0.989),(11.1,0.9000000000000004,-1.011),(11.1,0.9000000000000004,-0.989),(11.700000000000001,7.1,-1.011),(11.700000000000001,7.1,-0.989),(11.100000000000001,7.1,-1.011),(11.100000000000001,7.1,-0.989)));
#2549=IFCINDEXEDPOLYGONALFACE((2,4,1));
#2550=IFCINDEXEDPOLYGONALFACE((5,2,1));
#2551=IFCINDEXEDPOLYGONALFACE((1,4,3));
#2552=IFCINDEXEDPOLYGONALFACE((3,5,1));
#2553=IFCINDEXEDPOLYGONALFACE((2,8,4));
#2554=IFCINDEXEDPOLYGONALFACE((6,2,5));
#2555=IFCINDEXEDPOLYGONALFACE((6,8,2));
#2556=IFCINDEXEDPOLYGONALFACE((4,8,3));
#2557=IFCINDEXEDPOLYGONALFACE((7,5,3));
#2558=IFCINDEXEDPOLYGONALFACE((3,8,7));
#2559=IFCINDEXEDPOLYGONALFACE((7,6,5));
#2560=IFCINDEXEDPOLYGONALFACE((8,6,7));
#2561=IFCINDEXEDPOLYGONALFACE((10,12,9));
#2562=IFCINDEXEDPOLYGONALFACE((13,10,9));
#2563=IFCINDEXEDPOLYGONALFACE((9,12,11));
#2564=IFCINDEXEDPOLYGONALFACE((11,13,9));
#2565=IFCINDEXEDPOLYGONALFACE((10,16,12));
#2566=IFCINDEXEDPOLYGONALFACE((14,10,13));
#2567=IFCINDEXEDPOLYGONALFACE((14,16,10));
#2568=IFCINDEXEDPOLYGONALFACE((12,16,11));
#2569=IFCINDEXEDPOLYGONALFACE((15,13,11));
#2570=IFCINDEXEDPOLYGONALFACE((11,16,15));
#2571=IFCINDEXEDPOLYGONALFACE((15,14,13));
#2572=IFCINDEXEDPOLYGONALFACE((16,14,15));
#2573=IFCINDEXEDPOLYGONALFACE((18,20,17));
#2574=IFCINDEXEDPOLYGONALFACE((21,18,17));
#2575=IFCINDEXEDPOLYGONALFACE((17,20,19));
#2576=IFCINDEXEDPOLYGONALFACE((19,21,17));
#2577=IFCINDEXEDPOLYGONALFACE((18,24,20));
#2578=IFCINDEXEDPOLYGONALFACE((22,18,21));
#2579=IFCINDEXEDPOLYGONALFACE((22,24,18));
#2580=IFCINDEXEDPOLYGONALFACE((20,24,19));
#2581=IFCINDEXEDPOLYGONALFACE((23,21,19));
#2582=IFCINDEXEDPOLYGONALFACE((19,24,23));
#2583=IFCINDEXEDPOLYGONALFACE((23,22,21));
#2584=IFCINDEXEDPOLYGONALFACE((24,22,23));
#2585=IFCINDEXEDPOLYGONALFACE((26,28,25));
#2586=IFCINDEXEDPOLYGONALFACE((29,26,25));
#2587=IFCINDEXEDPOLYGONALFACE((25,28,27));
#2588=IFCINDEXEDPOLYGONALFACE((27,29,25));
#2589=IFCINDEXEDPOLYGONALFACE((26,32,28));
#2590=IFCINDEXEDPOLYGONALFACE((30,26,29));
#2591=IFCINDEXEDPOLYGONALFACE((30,32,26));
#2592=IFCINDEXEDPOLYGONALFACE((28,32,27));
#2593=IFCINDEXEDPOLYGONALFACE((31,29,27));
#2594=IFCINDEXEDPOLYGONALFACE((27,32,31));
#2595=IFCINDEXEDPOLYGONALFACE((31,30,29));
#2596=IFCINDEXEDPOLYGONALFACE((32,30,31));
#2597=IFCINDEXEDPOLYGONALFACE((34,36,33));
#2598=IFCINDEXEDPOLYGONALFACE((37,34,33));
#2599=IFCINDEXEDPOLYGONALFACE((33,36,35));
#2600=IFCINDEXEDPOLYGONALFACE((35,37,33));
#2601=IFCINDEXEDPOLYGONALFACE((34,40,36));
#2602=IFCINDEXEDPOLYGONALFACE((38,34,37));
#2603=IFCINDEXEDPOLYGONALFACE((38,40,34));
#2604=IFCINDEXEDPOLYGONALFACE((36,40,35));
#2605=IFCINDEXEDPOLYGONALFACE((39,37,35));
#2606=IFCINDEXEDPOLYGONALFACE((35,40,39));
#2607=IFCINDEXEDPOLYGONALFACE((39,38,37));
#2608=IFCINDEXEDPOLYGONALFACE((40,38,39));
#2609=IFCINDEXEDPOLYGONALFACE((42,44,41));
#2610=IFCINDEXEDPOLYGONALFACE((45,42,41));
#2611=IFCINDEXEDPOLYGONALFACE((41,44,43));
#2612=IFCINDEXEDPOLYGONALFACE((43,45,41));
#2613=IFCINDEXEDPOLYGONALFACE((42,48,44));
#2614=IFCINDEXEDPOLYGONALFACE((46,42,45));
#2615=IFCINDEXEDPOLYGONALFACE((46,48,42));
#2616=IFCINDEXEDPOLYGONALFACE((44,48,43));
#2617=IFCINDEXEDPOLYGONALFACE((47,45,43));
#2618=IFCINDEXEDPOLYGONALFACE((43,48,47));
#2619=IFCINDEXEDPOLYGONALFACE((47,46,45));
#2620=IFCINDEXEDPOLYGONALFACE((48,46,47));
#2621=IFCINDEXEDPOLYGONALFACE((50,52,49));
#2622=IFCINDEXEDPOLYGONALFACE((53,50,49));
#2623=IFCINDEXEDPOLYGONALFACE((49,52,51));
#2624=IFCINDEXEDPOLYGONALFACE((51,53,49));
#2625=IFCINDEXEDPOLYGONALFACE((50,56,52));
#2626=IFCINDEXEDPOLYGONALFACE((54,50,53));
#2627=IFCINDEXEDPOLYGONALFACE((54,56,50));
#2628=IFCINDEXEDPOLYGONALFACE((52,56,51));
#2629=IFCINDEXEDPOLYGONALFACE((55,53,51));
#2630=IFCINDEXEDPOLYGONALFACE((51,56,55));
#2631=IFCINDEXEDPOLYGONALFACE((55,54,53));
#2632=IFCINDEXEDPOLYGONALFACE((56,54,55));
#2633=IFCINDEXEDPOLYGONALFACE((58,60,57));
#2634=IFCINDEXEDPOLYGONALFACE((61,58,57));
#2635=IFCINDEXEDPOLYGONALFACE((57,60,59));
#2636=IFCINDEXEDPOLYGONALFACE((59,61,57));
#2637=IFCINDEXEDPOLYGONALFACE((58,64,60));
#2638=IFCINDEXEDPOLYGONALFACE((62,58,61));
#2639=IFCINDEXEDPOLYGONALFACE((62,64,58));
#2640=IFCINDEXEDPOLYGONALFACE((60,64,59));
#2641=IFCINDEXEDPOLYGONALFACE((63,61,59));
#2642=IFCINDEXEDPOLYGONALFACE((59,64,63));
#2643=IFCINDEXEDPOLYGONALFACE((63,62,61));
#2644=IFCINDEXEDPOLYGONALFACE((64,62,63));
#2645=IFCINDEXEDPOLYGONALFACE((66,68,65));
#2646=IFCINDEXEDPOLYGONALFACE((69,66,65));
#2647=IFCINDEXEDPOLYGONALFACE((65,68,67));
#2648=IFCINDEXEDPOLYGONALFACE((67,69,65));
#2649=IFCINDEXEDPOLYGONALFACE((66,72,68));
#2650=IFCINDEXEDPOLYGONALFACE((70,66,69));
#2651=IFCINDEXEDPOLYGONALFACE((70,72,66));
#2652=IFCINDEXEDPOLYGONALFACE((68,72,67));
#2653=IFCINDEXEDPOLYGONALFACE((71,69,67));
#2654=IFCINDEXEDPOLYGONALFACE((67,72,71));
#2655=IFCINDEXEDPOLYGONALFACE((71,70,69));
#2656=IFCINDEXEDPOLYGONALFACE((72,70,71));
#2657=IFCINDEXEDPOLYGONALFACE((74,76,73));
#2658=IFCINDEXEDPOLYGONALFACE((77,74,73));
#2659=IFCINDEXEDPOLYGONALFACE((73,76,75));
#2660=IFCINDEXEDPOLYGONALFACE((75,77,73));
#2661=IFCINDEXEDPOLYGONALFACE((74,80,76));
#2662=IFCINDEXEDPOLYGONALFACE((78,74,77));
#2663=IFCINDEXEDPOLYGONALFACE((78,80,74));
#2664=IFCINDEXEDPOLYGONALFACE((76,80,75));
#2665=IFCINDEXEDPOLYGONALFACE((79,77,75));
#2666=IFCINDEXEDPOLYGONALFACE((75,80,79));
#2667=IFCINDEXEDPOLYGONALFACE((79,78,77));
#2668=IFCINDEXEDPOLYGONALFACE((80,78,79));
#2669=IFCINDEXEDPOLYGONALFACE((82,84,81));
#2670=IFCINDEXEDPOLYGONALFACE((85,82,81));
#2671=IFCINDEXEDPOLYGONALFACE((81,84,83));
#2672=IFCINDEXEDPOLYGONALFACE((83,85,81));
#2673=IFCINDEXEDPOLYGONALFACE((82,88,84));
#2674=IFCINDEXEDPOLYGONALFACE((86,82,85));
#2675=IFCINDEXEDPOLYGONALFACE((86,88,82));
#2676=IFCINDEXEDPOLYGONALFACE((84,88,83));
#2677=IFCINDEXEDPOLYGONALFACE((87,85,83));
#2678=IFCINDEXEDPOLYGONALFACE((83,88,87));
#2679=IFCINDEXEDPOLYGONALFACE((87,86,85));
#2680=IFCINDEXEDPOLYGONALFACE((88,86,87));
#2681=IFCINDEXEDPOLYGONALFACE((90,92,89));
#2682=IFCINDEXEDPOLYGONALFACE((93,90,89));
#2683=IFCINDEXEDPOLYGONALFACE((89,92,91));
#2684=IFCINDEXEDPOLYGONALFACE((91,93,89));
#2685=IFCINDEXEDPOLYGONALFACE((90,96,92));
#2686=IFCINDEXEDPOLYGONALFACE((94,90,93));
#2687=IFCINDEXEDPOLYGONALFACE((94,96,90));
#2688=IFCINDEXEDPOLYGONALFACE((92,96,91));
#2689=IFCINDEXEDPOLYGONALFACE((95,93,91));
#2690=IFCINDEXEDPOLYGONALFACE((91,96,95));
#2691=IFCINDEXEDPOLYGONALFACE((95,94,93));
#2692=IFCINDEXEDPOLYGONALFACE((96,94,95));
#2693=IFCPOLYGONALFACESET(#2548,$,(#2549,#2550,#2551,#2552,#2553,#2554,#2555,#2556,#2557,#2558,#2559,#2560,#2561,#2562,#2563,#2564,#2565,#2566,#2567,#2568,#2569,#2570,#2571,#2572,#2573,#2574,#2575,#2576,#2577,#2578,#2579,#2580,#2581,#2582,#2583,#2584,#2585,#2586,#2587,#2588,#2589,#2590,#2591,#2592,#2593,#2594,#2595,#2596,#2597,#2598,#2599,#2600,#2601,#2602,#2603,#2604,#2605,#2606,#2607,#2608,#2609,#2610,#2611,#2612,#2613,#2614,#2615,#2616,#2617,#2618,#2619,#2620,#2621,#2622,#2623,#2624,#2625,#2626,#2627,#2628,#2629,#2630,#2631,#2632,#2633,#2634,#2635,#2636,#2637,#2638,#2639,#2640,#2641,#2642,#2643,#2644,#2645,#2646,#2647,#2648,#2649,#2650,#2651,#2652,#2653,#2654,#2655,#2656,#2657,#2658,#2659,#2660,#2661,#2662,#2663,#2664,#2665,#2666,#2667,#2668,#2669,#2670,#2671,#2672,#2673,#2674,#2675,#2676,#2677,#2678,#2679,#2680,#2681,#2682,#2683,#2684,#2685,#2686,#2687,#2688,#2689,#2690,#2691,#2692),$);
#2694=IFCSHAPEREPRESENTATION(#16,'Body','Tessellation',(#2693));
#2695=IFCPRODUCTDEFINITIONSHAPE($,$,(#2694));
#2696=IFCCARTESIANPOINT((0.,0.,0.));
#2697=IFCDIRECTION((0.,0.,1.));
#2698=IFCDIRECTION((1.,0.,0.));
#2699=IFCAXIS2PLACEMENT3D(#2696,#2697,#2698);
#2700=IFCLOCALPLACEMENT($,#2699);
#2701=IFCOWNERHISTORY(#5,#6,.READWRITE.,.ADDED.,1788887538,#5,#6,1788887538);
#2702=IFCPROPERTYSET('3ildgvpx57IBu6ZNeomuve',#2701,'Pset_TrimeshGeneration',$,(#2705,#2706,#2707,#2708,#2709));
#2703=IFCOWNERHISTORY(#5,#6,.READWRITE.,.ADDED.,1788887538,#5,#6,1788887538);
#2704=IFCRELDEFINESBYPROPERTIES('2kzMIJSlHEdge0ymK4lTeS',#2703,$,$,(#2547),#2702);
#2705=IFCPROPERTYSINGLEVALUE('GenerationMethod',$,IFCLABEL('TRIMESH_CODE'),$);
#2706=IFCPROPERTYSINGLEVALUE('VertexCount',$,IFCINTEGER(96),$);
#2707=IFCPROPERTYSINGLEVALUE('FaceCount',$,IFCINTEGER(144),$);
#2708=IFCPROPERTYSINGLEVALUE('IsWatertight',$,IFCBOOLEAN(.T.),$);
#2709=IFCPROPERTYSINGLEVALUE('Volume',$,IFCREAL(1.203839999999995),$);
#2710=IFCOWNERHISTORY(#5,#6,.READWRITE.,.MODIFIED.,1788887538,#5,#6,1788887538);
#2711=IFCMEMBER('2JL2J1iOXD6AVQeXN_FEEz',#2710,'Strut_Frame_L1_plus3600',$,$,#3104,#3099,$,$);
#2712=IFCCARTESIANPOINTLIST3D(((3.,0.8999999999999999,3.6),(3.,0.8999999999999999,3.35),(3.,7.1,3.35),(3.,7.1,3.6),(2.9043291419087276,0.8999999999999999,3.3690301168721786),(2.9043291419087276,7.1,3.3690301168721786),(2.823223304703363,0.8999999999999999,3.423223304703363),(2.823223304703363,7.1,3.423223304703363),(2.7690301168721785,0.8999999999999999,3.5043291419087277),(2.7690301168721785,7.1,3.5043291419087277),(2.75,0.8999999999999999,3.6),(2.75,7.1,3.6),(2.7690301168721785,0.8999999999999999,3.6956708580912725),(2.7690301168721785,7.1,3.6956708580912725),(2.823223304703363,0.8999999999999999,3.776776695296637),(2.823223304703363,7.1,3.776776695296637),(2.9043291419087276,0.8999999999999999,3.8309698831278216),(2.9043291419087276,7.1,3.8309698831278216),(3.,0.8999999999999999,3.85),(3.,7.1,3.85),(3.0956708580912724,0.8999999999999999,3.8309698831278216),(3.0956708580912724,7.1,3.8309698831278216),(3.176776695296637,0.8999999999999999,3.776776695296637),(3.176776695296637,7.1,3.776776695296637),(3.2309698831278215,0.8999999999999999,3.6956708580912725),(3.2309698831278215,7.1,3.6956708580912725),(3.25,0.8999999999999999,3.6),(3.25,7.1,3.6),(3.2309698831278215,0.8999999999999999,3.5043291419087277),(3.2309698831278215,7.1,3.5043291419087277),(3.176776695296637,0.8999999999999999,3.423223304703363),(3.176776695296637,7.1,3.423223304703363),(3.0956708580912724,0.8999999999999999,3.3690301168721786),(3.0956708580912724,7.1,3.3690301168721786),(6.,0.8999999999999999,3.6),(6.,0.8999999999999999,3.35),(6.,7.1,3.35),(6.,7.1,3.6),(5.904329141908727,0.8999999999999999,3.3690301168721786),(5.904329141908727,7.1,3.3690301168721786),(5.8232233047033635,0.8999999999999999,3.423223304703363),(5.8232233047033635,7.1,3.423223304703363),(5.7690301168721785,0.8999999999999999,3.5043291419087277),(5.7690301168721785,7.1,3.5043291419087277),(5.75,0.8999999999999999,3.6),(5.75,7.1,3.6),(5.7690301168721785,0.8999999999999999,3.6956708580912725),(5.7690301168721785,7.1,3.6956708580912725),(5.8232233047033635,0.8999999999999999,3.776776695296637),(5.8232233047033635,7.1,3.776776695296637),(5.904329141908727,0.8999999999999999,3.8309698831278216),(5.904329141908727,7.1,3.8309698831278216),(6.,0.8999999999999999,3.85),(6.,7.1,3.85),(6.095670858091273,0.8999999999999999,3.8309698831278216),(6.095670858091273,7.1,3.8309698831278216),(6.1767766952966365,0.8999999999999999,3.776776695296637),(6.1767766952966365,7.1,3.776776695296637),(6.2309698831278215,0.8999999999999999,3.6956708580912725),(6.2309698831278215,7.1,3.6956708580912725),(6.25,0.8999999999999999,3.6),(6.25,7.1,3.6),(6.2309698831278215,0.8999999999999999,3.5043291419087277),(6.2309698831278215,7.1,3.5043291419087277),(6.1767766952966365,0.8999999999999999,3.423223304703363),(6.1767766952966365,7.1,3.423223304703363),(6.095670858091273,0.8999999999999999,3.3690301168721786),(6.095670858091273,7.1,3.3690301168721786),(9.,0.8999999999999999,3.6),(9.,0.8999999999999999,3.35),(9.,7.1,3.35),(9.,7.1,3.6),(8.904329141908727,0.8999999999999999,3.3690301168721786),(8.904329141908727,7.1,3.3690301168721786),(8.823223304703363,0.8999999999999999,3.423223304703363),(8.823223304703363,7.1,3.423223304703363),(8.769030116872178,0.8999999999999999,3.5043291419087277),(8.769030116872178,7.1,3.5043291419087277),(8.75,0.8999999999999999,3.6),(8.75,7.1,3.6),(8.769030116872178,0.8999999999999999,3.6956708580912725),(8.769030116872178,7.1,3.6956708580912725),(8.823223304703363,0.8999999999999999,3.776776695296637),(8.823223304703363,7.1,3.776776695296637),(8.904329141908727,0.8999999999999999,3.8309698831278216),(8.904329141908727,7.1,3.8309698831278216),(9.,0.8999999999999999,3.85),(9.,7.1,3.85),(9.095670858091273,0.8999999999999999,3.8309698831278216),(9.095670858091273,7.1,3.8309698831278216),(9.176776695296637,0.8999999999999999,3.776776695296637),(9.176776695296637,7.1,3.776776695296637),(9.230969883127822,0.8999999999999999,3.6956708580912725),(9.230969883127822,7.1,3.6956708580912725),(9.25,0.8999999999999999,3.6),(9.25,7.1,3.6),(9.230969883127822,0.8999999999999999,3.5043291419087277),(9.230969883127822,7.1,3.5043291419087277),(9.176776695296637,0.8999999999999999,3.423223304703363),(9.176776695296637,7.1,3.423223304703363),(9.095670858091273,0.8999999999999999,3.3690301168721786),(9.095670858091273,7.1,3.3690301168721786),(0.9000000000000004,2.2,3.6),(0.9000000000000004,2.2,3.4),(2.2,0.9,3.4),(2.2,0.9,3.6),(0.9707106781186551,2.270710678118655,3.4267949192431124),(2.270710678118655,0.9707106781186549,3.4267949192431124),(1.0224744871391591,2.322474487139159,3.5),(2.322474487139159,1.0224744871391591,3.5),(1.04142135623731,2.3414213562373094,3.6),(2.3414213562373094,1.0414213562373096,3.6),(1.0224744871391593,2.322474487139159,3.7),(2.322474487139159,1.0224744871391591,3.7),(0.9707106781186552,2.270710678118655,3.7732050807568878),(2.270710678118655,0.9707106781186549,3.7732050807568878),(0.9000000000000005,2.2,3.8000000000000003),(2.2,0.9000000000000001,3.8000000000000003),(0.8292893218813457,2.1292893218813456,3.7732050807568878),(2.1292893218813456,0.8292893218813453,3.7732050807568878),(0.7775255128608416,2.0775255128608414,3.7),(2.0775255128608414,0.7775255128608412,3.7),(0.7585786437626909,2.0585786437626905,3.6),(2.0585786437626905,0.7585786437626906,3.6),(0.7775255128608415,2.077525512860841,3.5),(2.0775255128608414,0.7775255128608412,3.5),(0.8292893218813456,2.129289321881345,3.4267949192431124),(2.1292893218813456,0.8292893218813453,3.4267949192431124),(11.099999999999998,2.2,3.6),(11.099999999999998,2.2,3.8000000000000003),(9.8,0.8999999999999999,3.8000000000000003),(9.8,0.8999999999999999,3.6),(11.029289321881343,2.270710678118655,3.7732050807568878),(9.729289321881346,0.9707106781186546,3.7732050807568878),(10.97752551286084,2.322474487139159,3.7),(9.677525512860841,1.0224744871391587,3.7),(10.958578643762689,2.3414213562373094,3.6),(9.65857864376269,1.0414213562373091,3.6),(10.97752551286084,2.322474487139159,3.5),(9.677525512860841,1.0224744871391587,3.5),(11.029289321881343,2.270710678118655,3.4267949192431124),(9.729289321881344,0.9707106781186546,3.4267949192431124),(11.099999999999998,2.2,3.4),(9.8,0.8999999999999999,3.4),(11.170710678118652,2.1292893218813456,3.4267949192431124),(9.870710678118655,0.8292893218813452,3.4267949192431124),(11.222474487139158,2.0775255128608414,3.5),(9.922474487139159,0.777525512860841,3.5),(11.241421356237309,2.058578643762691,3.6),(9.94142135623731,0.7585786437626905,3.6),(11.222474487139158,2.0775255128608414,3.7),(9.922474487139159,0.7775255128608409,3.7),(11.170710678118654,2.1292893218813456,3.7732050807568878),(9.870710678118655,0.8292893218813451,3.7732050807568878),(0.9,5.799999999999999,3.6),(0.9,5.799999999999999,3.4),(2.2000000000000006,7.1,3.4),(2.2000000000000006,7.1,3.6),(0.8292893218813453,5.870710678118654,3.4267949192431124),(2.1292893218813456,7.170710678118654,3.4267949192431124),(0.7775255128608412,5.922474487139159,3.5),(2.0775255128608414,7.222474487139158,3.5),(0.7585786437626906,5.941421356237309,3.6),(2.058578643762691,7.241421356237309,3.6),(0.7775255128608412,5.922474487139159,3.7),(2.0775255128608414,7.222474487139158,3.7),(0.8292893218813453,5.870710678118654,3.7732050807568878),(2.1292893218813456,7.170710678118654,3.7732050807568878),(0.9,5.799999999999999,3.8000000000000003),(2.2,7.1,3.8000000000000003),(0.9707106781186547,5.729289321881344,3.7732050807568878),(2.2707106781186552,7.029289321881344,3.7732050807568878),(1.022474487139159,5.67752551286084,3.7),(2.3224744871391594,6.97752551286084,3.7),(1.0414213562373096,5.65857864376269,3.6),(2.34142135623731,6.9585786437626895,3.6),(1.0224744871391591,5.67752551286084,3.5),(2.3224744871391594,6.97752551286084,3.5),(0.9707106781186549,5.729289321881344,3.4267949192431124),(2.2707106781186552,7.029289321881344,3.4267949192431124),(11.099999999999998,5.799999999999999,3.6),(11.099999999999998,5.799999999999999,3.8000000000000003),(9.8,7.1,3.8000000000000003),(9.8,7.1,3.6),(11.170710678118654,5.870710678118654,3.7732050807568878),(9.870710678118655,7.170710678118654,3.7732050807568878),(11.222474487139158,5.922474487139159,3.7),(9.922474487139159,7.222474487139158,3.7),(11.241421356237309,5.941421356237309,3.6),(9.94142135623731,7.241421356237309,3.6),(11.222474487139158,5.922474487139159,3.5),(9.922474487139159,7.222474487139158,3.5),(11.170710678118654,5.870710678118654,3.4267949192431124),(9.870710678118655,7.170710678118654,3.4267949192431124),(11.099999999999998,5.799999999999999,3.4),(9.8,7.1,3.4),(11.029289321881343,5.729289321881344,3.4267949192431124),(9.729289321881344,7.029289321881344,3.4267949192431124),(10.97752551286084,5.677525512860841,3.5),(9.677525512860841,6.97752551286084,3.5),(10.958578643762689,5.65857864376269,3.6),(9.65857864376269,6.9585786437626895,3.6),(10.97752551286084,5.67752551286084,3.7),(9.677525512860841,6.97752551286084,3.7),(11.029289321881343,5.729289321881344,3.7732050807568878),(9.729289321881344,7.029289321881344,3.7732050807568878)));
#2713=IFCINDEXEDPOLYGONALFACE((2,1,5));
#2714=IFCINDEXEDPOLYGONALFACE((2,5,3));
#2715=IFCINDEXEDPOLYGONALFACE((3,5,6));
#2716=IFCINDEXEDPOLYGONALFACE((3,6,4));
#2717=IFCINDEXEDPOLYGONALFACE((5,1,7));
#2718=IFCINDEXEDPOLYGONALFACE((5,7,6));
#2719=IFCINDEXEDPOLYGONALFACE((6,7,8));
#2720=IFCINDEXEDPOLYGONALFACE((6,8,4));
#2721=IFCINDEXEDPOLYGONALFACE((7,1,9));
#2722=IFCINDEXEDPOLYGONALFACE((7,9,8));
#2723=IFCINDEXEDPOLYGONALFACE((8,9,10));
#2724=IFCINDEXEDPOLYGONALFACE((8,10,4));
#2725=IFCINDEXEDPOLYGONALFACE((9,1,11));
#2726=IFCINDEXEDPOLYGONALFACE((9,11,10));
#2727=IFCINDEXEDPOLYGONALFACE((10,11,12));
#2728=IFCINDEXEDPOLYGONALFACE((10,12,4));
#2729=IFCINDEXEDPOLYGONALFACE((11,1,13));
#2730=IFCINDEXEDPOLYGONALFACE((11,13,12));
#2731=IFCINDEXEDPOLYGONALFACE((12,13,14));
#2732=IFCINDEXEDPOLYGONALFACE((12,14,4));
#2733=IFCINDEXEDPOLYGONALFACE((13,1,15));
#2734=IFCINDEXEDPOLYGONALFACE((13,15,14));
#2735=IFCINDEXEDPOLYGONALFACE((14,15,16));
#2736=IFCINDEXEDPOLYGONALFACE((14,16,4));
#2737=IFCINDEXEDPOLYGONALFACE((15,1,17));
#2738=IFCINDEXEDPOLYGONALFACE((15,17,16));
#2739=IFCINDEXEDPOLYGONALFACE((16,17,18));
#2740=IFCINDEXEDPOLYGONALFACE((16,18,4));
#2741=IFCINDEXEDPOLYGONALFACE((17,1,19));
#2742=IFCINDEXEDPOLYGONALFACE((17,19,18));
#2743=IFCINDEXEDPOLYGONALFACE((18,19,20));
#2744=IFCINDEXEDPOLYGONALFACE((18,20,4));
#2745=IFCINDEXEDPOLYGONALFACE((19,1,21));
#2746=IFCINDEXEDPOLYGONALFACE((19,21,20));
#2747=IFCINDEXEDPOLYGONALFACE((20,21,22));
#2748=IFCINDEXEDPOLYGONALFACE((20,22,4));
#2749=IFCINDEXEDPOLYGONALFACE((21,1,23));
#2750=IFCINDEXEDPOLYGONALFACE((21,23,22));
#2751=IFCINDEXEDPOLYGONALFACE((22,23,24));
#2752=IFCINDEXEDPOLYGONALFACE((22,24,4));
#2753=IFCINDEXEDPOLYGONALFACE((23,1,25));
#2754=IFCINDEXEDPOLYGONALFACE((23,25,24));
#2755=IFCINDEXEDPOLYGONALFACE((24,25,26));
#2756=IFCINDEXEDPOLYGONALFACE((24,26,4));
#2757=IFCINDEXEDPOLYGONALFACE((25,1,27));
#2758=IFCINDEXEDPOLYGONALFACE((25,27,26));
#2759=IFCINDEXEDPOLYGONALFACE((26,27,28));
#2760=IFCINDEXEDPOLYGONALFACE((26,28,4));
#2761=IFCINDEXEDPOLYGONALFACE((27,1,29));
#2762=IFCINDEXEDPOLYGONALFACE((27,29,28));
#2763=IFCINDEXEDPOLYGONALFACE((28,29,30));
#2764=IFCINDEXEDPOLYGONALFACE((28,30,4));
#2765=IFCINDEXEDPOLYGONALFACE((29,1,31));
#2766=IFCINDEXEDPOLYGONALFACE((29,31,30));
#2767=IFCINDEXEDPOLYGONALFACE((30,31,32));
#2768=IFCINDEXEDPOLYGONALFACE((30,32,4));
#2769=IFCINDEXEDPOLYGONALFACE((31,1,33));
#2770=IFCINDEXEDPOLYGONALFACE((31,33,32));
#2771=IFCINDEXEDPOLYGONALFACE((32,33,34));
#2772=IFCINDEXEDPOLYGONALFACE((32,34,4));
#2773=IFCINDEXEDPOLYGONALFACE((33,1,2));
#2774=IFCINDEXEDPOLYGONALFACE((33,2,34));
#2775=IFCINDEXEDPOLYGONALFACE((34,2,3));
#2776=IFCINDEXEDPOLYGONALFACE((34,3,4));
#2777=IFCINDEXEDPOLYGONALFACE((36,35,39));
#2778=IFCINDEXEDPOLYGONALFACE((36,39,37));
#2779=IFCINDEXEDPOLYGONALFACE((37,39,40));
#2780=IFCINDEXEDPOLYGONALFACE((37,40,38));
#2781=IFCINDEXEDPOLYGONALFACE((39,35,41));
#2782=IFCINDEXEDPOLYGONALFACE((39,41,40));
#2783=IFCINDEXEDPOLYGONALFACE((40,41,42));
#2784=IFCINDEXEDPOLYGONALFACE((40,42,38));
#2785=IFCINDEXEDPOLYGONALFACE((41,35,43));
#2786=IFCINDEXEDPOLYGONALFACE((41,43,42));
#2787=IFCINDEXEDPOLYGONALFACE((42,43,44));
#2788=IFCINDEXEDPOLYGONALFACE((42,44,38));
#2789=IFCINDEXEDPOLYGONALFACE((43,35,45));
#2790=IFCINDEXEDPOLYGONALFACE((43,45,44));
#2791=IFCINDEXEDPOLYGONALFACE((44,45,46));
#2792=IFCINDEXEDPOLYGONALFACE((44,46,38));
#2793=IFCINDEXEDPOLYGONALFACE((45,35,47));
#2794=IFCINDEXEDPOLYGONALFACE((45,47,46));
#2795=IFCINDEXEDPOLYGONALFACE((46,47,48));
#2796=IFCINDEXEDPOLYGONALFACE((46,48,38));
#2797=IFCINDEXEDPOLYGONALFACE((47,35,49));
#2798=IFCINDEXEDPOLYGONALFACE((47,49,48));
#2799=IFCINDEXEDPOLYGONALFACE((48,49,50));
#2800=IFCINDEXEDPOLYGONALFACE((48,50,38));
#2801=IFCINDEXEDPOLYGONALFACE((49,35,51));
#2802=IFCINDEXEDPOLYGONALFACE((49,51,50));
#2803=IFCINDEXEDPOLYGONALFACE((50,51,52));
#2804=IFCINDEXEDPOLYGONALFACE((50,52,38));
#2805=IFCINDEXEDPOLYGONALFACE((51,35,53));
#2806=IFCINDEXEDPOLYGONALFACE((51,53,52));
#2807=IFCINDEXEDPOLYGONALFACE((52,53,54));
#2808=IFCINDEXEDPOLYGONALFACE((52,54,38));
#2809=IFCINDEXEDPOLYGONALFACE((53,35,55));
#2810=IFCINDEXEDPOLYGONALFACE((53,55,54));
#2811=IFCINDEXEDPOLYGONALFACE((54,55,56));
#2812=IFCINDEXEDPOLYGONALFACE((54,56,38));
#2813=IFCINDEXEDPOLYGONALFACE((55,35,57));
#2814=IFCINDEXEDPOLYGONALFACE((55,57,56));
#2815=IFCINDEXEDPOLYGONALFACE((56,57,58));
#2816=IFCINDEXEDPOLYGONALFACE((56,58,38));
#2817=IFCINDEXEDPOLYGONALFACE((57,35,59));
#2818=IFCINDEXEDPOLYGONALFACE((57,59,58));
#2819=IFCINDEXEDPOLYGONALFACE((58,59,60));
#2820=IFCINDEXEDPOLYGONALFACE((58,60,38));
#2821=IFCINDEXEDPOLYGONALFACE((59,35,61));
#2822=IFCINDEXEDPOLYGONALFACE((59,61,60));
#2823=IFCINDEXEDPOLYGONALFACE((60,61,62));
#2824=IFCINDEXEDPOLYGONALFACE((60,62,38));
#2825=IFCINDEXEDPOLYGONALFACE((61,35,63));
#2826=IFCINDEXEDPOLYGONALFACE((61,63,62));
#2827=IFCINDEXEDPOLYGONALFACE((62,63,64));
#2828=IFCINDEXEDPOLYGONALFACE((62,64,38));
#2829=IFCINDEXEDPOLYGONALFACE((63,35,65));
#2830=IFCINDEXEDPOLYGONALFACE((63,65,64));
#2831=IFCINDEXEDPOLYGONALFACE((64,65,66));
#2832=IFCINDEXEDPOLYGONALFACE((64,66,38));
#2833=IFCINDEXEDPOLYGONALFACE((65,35,67));
#2834=IFCINDEXEDPOLYGONALFACE((65,67,66));
#2835=IFCINDEXEDPOLYGONALFACE((66,67,68));
#2836=IFCINDEXEDPOLYGONALFACE((66,68,38));
#2837=IFCINDEXEDPOLYGONALFACE((67,35,36));
#2838=IFCINDEXEDPOLYGONALFACE((67,36,68));
#2839=IFCINDEXEDPOLYGONALFACE((68,36,37));
#2840=IFCINDEXEDPOLYGONALFACE((68,37,38));
#2841=IFCINDEXEDPOLYGONALFACE((70,69,73));
#2842=IFCINDEXEDPOLYGONALFACE((70,73,71));
#2843=IFCINDEXEDPOLYGONALFACE((71,73,74));
#2844=IFCINDEXEDPOLYGONALFACE((71,74,72));
#2845=IFCINDEXEDPOLYGONALFACE((73,69,75));
#2846=IFCINDEXEDPOLYGONALFACE((73,75,74));
#2847=IFCINDEXEDPOLYGONALFACE((74,75,76));
#2848=IFCINDEXEDPOLYGONALFACE((74,76,72));
#2849=IFCINDEXEDPOLYGONALFACE((75,69,77));
#2850=IFCINDEXEDPOLYGONALFACE((75,77,76));
#2851=IFCINDEXEDPOLYGONALFACE((76,77,78));
#2852=IFCINDEXEDPOLYGONALFACE((76,78,72));
#2853=IFCINDEXEDPOLYGONALFACE((77,69,79));
#2854=IFCINDEXEDPOLYGONALFACE((77,79,78));
#2855=IFCINDEXEDPOLYGONALFACE((78,79,80));
#2856=IFCINDEXEDPOLYGONALFACE((78,80,72));
#2857=IFCINDEXEDPOLYGONALFACE((79,69,81));
#2858=IFCINDEXEDPOLYGONALFACE((79,81,80));
#2859=IFCINDEXEDPOLYGONALFACE((80,81,82));
#2860=IFCINDEXEDPOLYGONALFACE((80,82,72));
#2861=IFCINDEXEDPOLYGONALFACE((81,69,83));
#2862=IFCINDEXEDPOLYGONALFACE((81,83,82));
#2863=IFCINDEXEDPOLYGONALFACE((82,83,84));
#2864=IFCINDEXEDPOLYGONALFACE((82,84,72));
#2865=IFCINDEXEDPOLYGONALFACE((83,69,85));
#2866=IFCINDEXEDPOLYGONALFACE((83,85,84));
#2867=IFCINDEXEDPOLYGONALFACE((84,85,86));
#2868=IFCINDEXEDPOLYGONALFACE((84,86,72));
#2869=IFCINDEXEDPOLYGONALFACE((85,69,87));
#2870=IFCINDEXEDPOLYGONALFACE((85,87,86));
#2871=IFCINDEXEDPOLYGONALFACE((86,87,88));
#2872=IFCINDEXEDPOLYGONALFACE((86,88,72));
#2873=IFCINDEXEDPOLYGONALFACE((87,69,89));
#2874=IFCINDEXEDPOLYGONALFACE((87,89,88));
#2875=IFCINDEXEDPOLYGONALFACE((88,89,90));
#2876=IFCINDEXEDPOLYGONALFACE((88,90,72));
#2877=IFCINDEXEDPOLYGONALFACE((89,69,91));
#2878=IFCINDEXEDPOLYGONALFACE((89,91,90));
#2879=IFCINDEXEDPOLYGONALFACE((90,91,92));
#2880=IFCINDEXEDPOLYGONALFACE((90,92,72));
#2881=IFCINDEXEDPOLYGONALFACE((91,69,93));
#2882=IFCINDEXEDPOLYGONALFACE((91,93,92));
#2883=IFCINDEXEDPOLYGONALFACE((92,93,94));
#2884=IFCINDEXEDPOLYGONALFACE((92,94,72));
#2885=IFCINDEXEDPOLYGONALFACE((93,69,95));
#2886=IFCINDEXEDPOLYGONALFACE((93,95,94));
#2887=IFCINDEXEDPOLYGONALFACE((94,95,96));
#2888=IFCINDEXEDPOLYGONALFACE((94,96,72));
#2889=IFCINDEXEDPOLYGONALFACE((95,69,97));
#2890=IFCINDEXEDPOLYGONALFACE((95,97,96));
#2891=IFCINDEXEDPOLYGONALFACE((96,97,98));
#2892=IFCINDEXEDPOLYGONALFACE((96,98,72));
#2893=IFCINDEXEDPOLYGONALFACE((97,69,99));
#2894=IFCINDEXEDPOLYGONALFACE((97,99,98));
#2895=IFCINDEXEDPOLYGONALFACE((98,99,100));
#2896=IFCINDEXEDPOLYGONALFACE((98,100,72));
#2897=IFCINDEXEDPOLYGONALFACE((99,69,101));
#2898=IFCINDEXEDPOLYGONALFACE((99,101,100));
#2899=IFCINDEXEDPOLYGONALFACE((100,101,102));
#2900=IFCINDEXEDPOLYGONALFACE((100,102,72));
#2901=IFCINDEXEDPOLYGONALFACE((101,69,70));
#2902=IFCINDEXEDPOLYGONALFACE((101,70,102));
#2903=IFCINDEXEDPOLYGONALFACE((102,70,71));
#2904=IFCINDEXEDPOLYGONALFACE((102,71,72));
#2905=IFCINDEXEDPOLYGONALFACE((104,103,107));
#2906=IFCINDEXEDPOLYGONALFACE((104,107,105));
#2907=IFCINDEXEDPOLYGONALFACE((105,107,108));
#2908=IFCINDEXEDPOLYGONALFACE((105,108,106));
#2909=IFCINDEXEDPOLYGONALFACE((107,103,109));
#2910=IFCINDEXEDPOLYGONALFACE((107,109,108));
#2911=IFCINDEXEDPOLYGONALFACE((108,109,110));
#2912=IFCINDEXEDPOLYGONALFACE((108,110,106));
#2913=IFCINDEXEDPOLYGONALFACE((109,103,111));
#2914=IFCINDEXEDPOLYGONALFACE((109,111,110));
#2915=IFCINDEXEDPOLYGONALFACE((110,111,112));
#2916=IFCINDEXEDPOLYGONALFACE((110,112,106));
#2917=IFCINDEXEDPOLYGONALFACE((111,103,113));
#2918=IFCINDEXEDPOLYGONALFACE((111,113,112));
#2919=IFCINDEXEDPOLYGONALFACE((112,113,114));
#2920=IFCINDEXEDPOLYGONALFACE((112,114,106));
#2921=IFCINDEXEDPOLYGONALFACE((113,103,115));
#2922=IFCINDEXEDPOLYGONALFACE((113,115,114));
#2923=IFCINDEXEDPOLYGONALFACE((114,115,116));
#2924=IFCINDEXEDPOLYGONALFACE((114,116,106));
#2925=IFCINDEXEDPOLYGONALFACE((115,103,117));
#2926=IFCINDEXEDPOLYGONALFACE((115,117,116));
#2927=IFCINDEXEDPOLYGONALFACE((116,117,118));
#2928=IFCINDEXEDPOLYGONALFACE((116,118,106));
#2929=IFCINDEXEDPOLYGONALFACE((117,103,119));
#2930=IFCINDEXEDPOLYGONALFACE((117,119,118));
#2931=IFCINDEXEDPOLYGONALFACE((118,119,120));
#2932=IFCINDEXEDPOLYGONALFACE((118,120,106));
#2933=IFCINDEXEDPOLYGONALFACE((119,103,121));
#2934=IFCINDEXEDPOLYGONALFACE((119,121,120));
#2935=IFCINDEXEDPOLYGONALFACE((120,121,122));
#2936=IFCINDEXEDPOLYGONALFACE((120,122,106));
#2937=IFCINDEXEDPOLYGONALFACE((121,103,123));
#2938=IFCINDEXEDPOLYGONALFACE((121,123,122));
#2939=IFCINDEXEDPOLYGONALFACE((122,123,124));
#2940=IFCINDEXEDPOLYGONALFACE((122,124,106));
#2941=IFCINDEXEDPOLYGONALFACE((123,103,125));
#2942=IFCINDEXEDPOLYGONALFACE((123,125,124));
#2943=IFCINDEXEDPOLYGONALFACE((124,125,126));
#2944=IFCINDEXEDPOLYGONALFACE((124,126,106));
#2945=IFCINDEXEDPOLYGONALFACE((125,103,127));
#2946=IFCINDEXEDPOLYGONALFACE((125,127,126));
#2947=IFCINDEXEDPOLYGONALFACE((126,127,128));
#2948=IFCINDEXEDPOLYGONALFACE((126,128,106));
#2949=IFCINDEXEDPOLYGONALFACE((127,103,104));
#2950=IFCINDEXEDPOLYGONALFACE((127,104,128));
#2951=IFCINDEXEDPOLYGONALFACE((128,104,105));
#2952=IFCINDEXEDPOLYGONALFACE((128,105,106));
#2953=IFCINDEXEDPOLYGONALFACE((130,129,133));
#2954=IFCINDEXEDPOLYGONALFACE((130,133,131));
#2955=IFCINDEXEDPOLYGONALFACE((131,133,134));
#2956=IFCINDEXEDPOLYGONALFACE((131,134,132));
#2957=IFCINDEXEDPOLYGONALFACE((133,129,135));
#2958=IFCINDEXEDPOLYGONALFACE((133,135,134));
#2959=IFCINDEXEDPOLYGONALFACE((134,135,136));
#2960=IFCINDEXEDPOLYGONALFACE((134,136,132));
#2961=IFCINDEXEDPOLYGONALFACE((135,129,137));
#2962=IFCINDEXEDPOLYGONALFACE((135,137,136));
#2963=IFCINDEXEDPOLYGONALFACE((136,137,138));
#2964=IFCINDEXEDPOLYGONALFACE((136,138,132));
#2965=IFCINDEXEDPOLYGONALFACE((137,129,139));
#2966=IFCINDEXEDPOLYGONALFACE((137,139,138));
#2967=IFCINDEXEDPOLYGONALFACE((138,139,140));
#2968=IFCINDEXEDPOLYGONALFACE((138,140,132));
#2969=IFCINDEXEDPOLYGONALFACE((139,129,141));
#2970=IFCINDEXEDPOLYGONALFACE((139,141,140));
#2971=IFCINDEXEDPOLYGONALFACE((140,141,142));
#2972=IFCINDEXEDPOLYGONALFACE((140,142,132));
#2973=IFCINDEXEDPOLYGONALFACE((141,129,143));
#2974=IFCINDEXEDPOLYGONALFACE((141,143,142));
#2975=IFCINDEXEDPOLYGONALFACE((142,143,144));
#2976=IFCINDEXEDPOLYGONALFACE((142,144,132));
#2977=IFCINDEXEDPOLYGONALFACE((143,129,145));
#2978=IFCINDEXEDPOLYGONALFACE((143,145,144));
#2979=IFCINDEXEDPOLYGONALFACE((144,145,146));
#2980=IFCINDEXEDPOLYGONALFACE((144,146,132));
#2981=IFCINDEXEDPOLYGONALFACE((145,129,147));
#2982=IFCINDEXEDPOLYGONALFACE((145,147,146));
#2983=IFCINDEXEDPOLYGONALFACE((146,147,148));
#2984=IFCINDEXEDPOLYGONALFACE((146,148,132));
#2985=IFCINDEXEDPOLYGONALFACE((147,129,149));
#2986=IFCINDEXEDPOLYGONALFACE((147,149,148));
#2987=IFCINDEXEDPOLYGONALFACE((148,149,150));
#2988=IFCINDEXEDPOLYGONALFACE((148,150,132));
#2989=IFCINDEXEDPOLYGONALFACE((149,129,151));
#2990=IFCINDEXEDPOLYGONALFACE((149,151,150));
#2991=IFCINDEXEDPOLYGONALFACE((150,151,152));
#2992=IFCINDEXEDPOLYGONALFACE((150,152,132));
#2993=IFCINDEXEDPOLYGONALFACE((151,129,153));
#2994=IFCINDEXEDPOLYGONALFACE((151,153,152));
#2995=IFCINDEXEDPOLYGONALFACE((152,153,154));
#2996=IFCINDEXEDPOLYGONALFACE((152,154,132));
#2997=IFCINDEXEDPOLYGONALFACE((153,129,130));
#2998=IFCINDEXEDPOLYGONALFACE((153,130,154));
#2999=IFCINDEXEDPOLYGONALFACE((154,130,131));
#3000=IFCINDEXEDPOLYGONALFACE((154,131,132));
#3001=IFCINDEXEDPOLYGONALFACE((156,155,159));
#3002=IFCINDEXEDPOLYGONALFACE((156,159,157));
#3003=IFCINDEXEDPOLYGONALFACE((157,159,160));
#3004=IFCINDEXEDPOLYGONALFACE((157,160,158));
#3005=IFCINDEXEDPOLYGONALFACE((159,155,161));
#3006=IFCINDEXEDPOLYGONALFACE((159,161,160));
#3007=IFCINDEXEDPOLYGONALFACE((160,161,162));
#3008=IFCINDEXEDPOLYGONALFACE((160,162,158));
#3009=IFCINDEXEDPOLYGONALFACE((161,155,163));
#3010=IFCINDEXEDPOLYGONALFACE((161,163,162));
#3011=IFCINDEXEDPOLYGONALFACE((162,163,164));
#3012=IFCINDEXEDPOLYGONALFACE((162,164,158));
#3013=IFCINDEXEDPOLYGONALFACE((163,155,165));
#3014=IFCINDEXEDPOLYGONALFACE((163,165,164));
#3015=IFCINDEXEDPOLYGONALFACE((164,165,166));
#3016=IFCINDEXEDPOLYGONALFACE((164,166,158));
#3017=IFCINDEXEDPOLYGONALFACE((165,155,167));
#3018=IFCINDEXEDPOLYGONALFACE((165,167,166));
#3019=IFCINDEXEDPOLYGONALFACE((166,167,168));
#3020=IFCINDEXEDPOLYGONALFACE((166,168,158));
#3021=IFCINDEXEDPOLYGONALFACE((167,155,169));
#3022=IFCINDEXEDPOLYGONALFACE((167,169,168));
#3023=IFCINDEXEDPOLYGONALFACE((168,169,170));
#3024=IFCINDEXEDPOLYGONALFACE((168,170,158));
#3025=IFCINDEXEDPOLYGONALFACE((169,155,171));
#3026=IFCINDEXEDPOLYGONALFACE((169,171,170));
#3027=IFCINDEXEDPOLYGONALFACE((170,171,172));
#3028=IFCINDEXEDPOLYGONALFACE((170,172,158));
#3029=IFCINDEXEDPOLYGONALFACE((171,155,173));
#3030=IFCINDEXEDPOLYGONALFACE((171,173,172));
#3031=IFCINDEXEDPOLYGONALFACE((172,173,174));
#3032=IFCINDEXEDPOLYGONALFACE((172,174,158));
#3033=IFCINDEXEDPOLYGONALFACE((173,155,175));
#3034=IFCINDEXEDPOLYGONALFACE((173,175,174));
#3035=IFCINDEXEDPOLYGONALFACE((174,175,176));
#3036=IFCINDEXEDPOLYGONALFACE((174,176,158));
#3037=IFCINDEXEDPOLYGONALFACE((175,155,177));
#3038=IFCINDEXEDPOLYGONALFACE((175,177,176));
#3039=IFCINDEXEDPOLYGONALFACE((176,177,178));
#3040=IFCINDEXEDPOLYGONALFACE((176,178,158));
#3041=IFCINDEXEDPOLYGONALFACE((177,155,179));
#3042=IFCINDEXEDPOLYGONALFACE((177,179,178));
#3043=IFCINDEXEDPOLYGONALFACE((178,179,180));
#3044=IFCINDEXEDPOLYGONALFACE((178,180,158));
#3045=IFCINDEXEDPOLYGONALFACE((179,155,156));
#3046=IFCINDEXEDPOLYGONALFACE((179,156,180));
#3047=IFCINDEXEDPOLYGONALFACE((180,156,157));
#3048=IFCINDEXEDPOLYGONALFACE((180,157,158));
#3049=IFCINDEXEDPOLYGONALFACE((182,181,185));
#3050=IFCINDEXEDPOLYGONALFACE((182,185,183));
#3051=IFCINDEXEDPOLYGONALFACE((183,185,186));
#3052=IFCINDEXEDPOLYGONALFACE((183,186,184));
#3053=IFCINDEXEDPOLYGONALFACE((185,181,187));
#3054=IFCINDEXEDPOLYGONALFACE((185,187,186));
#3055=IFCINDEXEDPOLYGONALFACE((186,187,188));
#3056=IFCINDEXEDPOLYGONALFACE((186,188,184));
#3057=IFCINDEXEDPOLYGONALFACE((187,181,189));
#3058=IFCINDEXEDPOLYGONALFACE((187,189,188));
#3059=IFCINDEXEDPOLYGONALFACE((188,189,190));
#3060=IFCINDEXEDPOLYGONALFACE((188,190,184));
#3061=IFCINDEXEDPOLYGONALFACE((189,181,191));
#3062=IFCINDEXEDPOLYGONALFACE((189,191,190));
#3063=IFCINDEXEDPOLYGONALFACE((190,191,192));
#3064=IFCINDEXEDPOLYGONALFACE((190,192,184));
#3065=IFCINDEXEDPOLYGONALFACE((191,181,193));
#3066=IFCINDEXEDPOLYGONALFACE((191,193,192));
#3067=IFCINDEXEDPOLYGONALFACE((192,193,194));
#3068=IFCINDEXEDPOLYGONALFACE((192,194,184));
#3069=IFCINDEXEDPOLYGONALFACE((193,181,195));
#3070=IFCINDEXEDPOLYGONALFACE((193,195,194));
#3071=IFCINDEXEDPOLYGONALFACE((194,195,196));
#3072=IFCINDEXEDPOLYGONALFACE((194,196,184));
#3073=IFCINDEXEDPOLYGONALFACE((195,181,197));
#3074=IFCINDEXEDPOLYGONALFACE((195,197,196));
#3075=IFCINDEXEDPOLYGONALFACE((196,197,198));
#3076=IFCINDEXEDPOLYGONALFACE((196,198,184));
#3077=IFCINDEXEDPOLYGONALFACE((197,181,199));
#3078=IFCINDEXEDPOLYGONALFACE((197,199,198));
#3079=IFCINDEXEDPOLYGONALFACE((198,199,200));
#3080=IFCINDEXEDPOLYGONALFACE((198,200,184));
#3081=IFCINDEXEDPOLYGONALFACE((199,181,201));
#3082=IFCINDEXEDPOLYGONALFACE((199,201,200));
#3083=IFCINDEXEDPOLYGONALFACE((200,201,202));
#3084=IFCINDEXEDPOLYGONALFACE((200,202,184));
#3085=IFCINDEXEDPOLYGONALFACE((201,181,203));
#3086=IFCINDEXEDPOLYGONALFACE((201,203,202));
#3087=IFCINDEXEDPOLYGONALFACE((202,203,204));
#3088=IFCINDEXEDPOLYGONALFACE((202,204,184));
#3089=IFCINDEXEDPOLYGONALFACE((203,181,205));
#3090=IFCINDEXEDPOLYGONALFACE((203,205,204));
#3091=IFCINDEXEDPOLYGONALFACE((204,205,206));
#3092=IFCINDEXEDPOLYGONALFACE((204,206,184));
#3093=IFCINDEXEDPOLYGONALFACE((205,181,182));
#3094=IFCINDEXEDPOLYGONALFACE((205,182,206));
#3095=IFCINDEXEDPOLYGONALFACE((206,182,183));
#3096=IFCINDEXEDPOLYGONALFACE((206,183,184));
#3097=IFCPOLYGONALFACESET(#2712,$,(#2713,#2714,#2715,#2716,#2717,#2718,#2719,#2720,#2721,#2722,#2723,#2724,#2725,#2726,#2727,#2728,#2729,#2730,#2731,#2732,#2733,#2734,#2735,#2736,#2737,#2738,#2739,#2740,#2741,#2742,#2743,#2744,#2745,#2746,#2747,#2748,#2749,#2750,#2751,#2752,#2753,#2754,#2755,#2756,#2757,#2758,#2759,#2760,#2761,#2762,#2763,#2764,#2765,#2766,#2767,#2768,#2769,#2770,#2771,#2772,#2773,#2774,#2775,#2776,#2777,#2778,#2779,#2780,#2781,#2782,#2783,#2784,#2785,#2786,#2787,#2788,#2789,#2790,#2791,#2792,#2793,#2794,#2795,#2796,#2797,#2798,#2799,#2800,#2801,#2802,#2803,#2804,#2805,#2806,#2807,#2808,#2809,#2810,#2811,#2812,#2813,#2814,#2815,#2816,#2817,#2818,#2819,#2820,#2821,#2822,#2823,#2824,#2825,#2826,#2827,#2828,#2829,#2830,#2831,#2832,#2833,#2834,#2835,#2836,#2837,#2838,#2839,#2840,#2841,#2842,#2843,#2844,#2845,#2846,#2847,#2848,#2849,#2850,#2851,#2852,#2853,#2854,#2855,#2856,#2857,#2858,#2859,#2860,#2861,#2862,#2863,#2864,#2865,#2866,#2867,#2868,#2869,#2870,#2871,#2872,#2873,#2874,#2875,#2876,#2877,#2878,#2879,#2880,#2881,#2882,#2883,#2884,#2885,#2886,#2887,#2888,#2889,#2890,#2891,#2892,#2893,#2894,#2895,#2896,#2897,#2898,#2899,#2900,#2901,#2902,#2903,#2904,#2905,#2906,#2907,#2908,#2909,#2910,#2911,#2912,#2913,#2914,#2915,#2916,#2917,#2918,#2919,#2920,#2921,#2922,#2923,#2924,#2925,#2926,#2927,#2928,#2929,#2930,#2931,#2932,#2933,#2934,#2935,#2936,#2937,#2938,#2939,#2940,#2941,#2942,#2943,#2944,#2945,#2946,#2947,#2948,#2949,#2950,#2951,#2952,#2953,#2954,#2955,#2956,#2957,#2958,#2959,#2960,#2961,#2962,#2963,#2964,#2965,#2966,#2967,#2968,#2969,#2970,#2971,#2972,#2973,#2974,#2975,#2976,#2977,#2978,#2979,#2980,#2981,#2982,#2983,#2984,#2985,#2986,#2987,#2988,#2989,#2990,#2991,#2992,#2993,#2994,#2995,#2996,#2997,#2998,#2999,#3000,#3001,#3002,#3003,#3004,#3005,#3006,#3007,#3008,#3009,#3010,#3011,#3012,#3013,#3014,#3015,#3016,#3017,#3018,#3019,#3020,#3021,#3022,#3023,#3024,#3025,#3026,#3027,#3028,#3029,#3030,#3031,#3032,#3033,#3034,#3035,#3036,#3037,#3038,#3039,#3040,#3041,#3042,#3043,#3044,#3045,#3046,#3047,#3048,#3049,#3050,#3051,#3052,#3053,#3054,#3055,#3056,#3057,#3058,#3059,#3060,#3061,#3062,#3063,#3064,#3065,#3066,#3067,#3068,#3069,#3070,#3071,#3072,#3073,#3074,#3075,#3076,#3077,#3078,#3079,#3080,#3081,#3082,#3083,#3084,#3085,#3086,#3087,#3088,#3089,#3090,#3091,#3092,#3093,#3094,#3095,#3096),$);
#3098=IFCSHAPEREPRESENTATION(#16,'Body','Tessellation',(#3097));
#3099=IFCPRODUCTDEFINITIONSHAPE($,$,(#3098));
#3100=IFCCARTESIANPOINT((0.,0.,0.));
#3101=IFCDIRECTION((0.,0.,1.));
#3102=IFCDIRECTION((1.,0.,0.));
#3103=IFCAXIS2PLACEMENT3D(#3100,#3101,#3102);
#3104=IFCLOCALPLACEMENT($,#3103);
#3105=IFCOWNERHISTORY(#5,#6,.READWRITE.,.ADDED.,1788887538,#5,#6,1788887538);
#3106=IFCPROPERTYSET('2m3xFAhKPBBw4CJVyYCc3V',#3105,'Pset_TrimeshGeneration',$,(#3109,#3110,#3111,#3112,#3113));
#3107=IFCOWNERHISTORY(#5,#6,.READWRITE.,.ADDED.,1788887538,#5,#6,1788887538);
#3108=IFCRELDEFINESBYPROPERTIES('1Ay5jutKHBehPCOn2nRCWI',#3107,$,$,(#2711),#3106);
#3109=IFCPROPERTYSINGLEVALUE('GenerationMethod',$,IFCLABEL('TRIMESH_CODE'),$);
#3110=IFCPROPERTYSINGLEVALUE('VertexCount',$,IFCINTEGER(206),$);
#3111=IFCPROPERTYSINGLEVALUE('FaceCount',$,IFCINTEGER(384),$);
#3112=IFCPROPERTYSINGLEVALUE('IsWatertight',$,IFCBOOLEAN(.T.),$);
#3113=IFCPROPERTYSINGLEVALUE('Volume',$,IFCREAL(4.441425183916143),$);
#3114=IFCOWNERHISTORY(#5,#6,.READWRITE.,.MODIFIED.,1788887539,#5,#6,1788887539);
#3115=IFCMEMBER('0OQVRKraL1yAdhtLQA5lTX',#3114,'Strut_Frame_L2_plus1500',$,$,#3444,#3439,$,$);
#3116=IFCCARTESIANPOINTLIST3D(((2.6,0.8999999999999999,1.5),(2.6,0.8999999999999999,1.25),(2.6,7.1,1.25),(2.6,7.1,1.5),(2.5043291419087277,0.8999999999999999,1.2690301168721783),(2.5043291419087277,7.1,1.2690301168721783),(2.423223304703363,0.8999999999999999,1.323223304703363),(2.423223304703363,7.1,1.323223304703363),(2.3690301168721786,0.8999999999999999,1.4043291419087276),(2.3690301168721786,7.1,1.4043291419087276),(2.35,0.8999999999999999,1.5),(2.35,7.1,1.5),(2.3690301168721786,0.8999999999999999,1.5956708580912724),(2.3690301168721786,7.1,1.5956708580912724),(2.423223304703363,0.8999999999999999,1.676776695296637),(2.423223304703363,7.1,1.676776695296637),(2.5043291419087277,0.8999999999999999,1.7309698831278217),(2.5043291419087277,7.1,1.7309698831278217),(2.6,0.8999999999999999,1.75),(2.6,7.1,1.75),(2.6956708580912725,0.8999999999999999,1.7309698831278217),(2.6956708580912725,7.1,1.7309698831278217),(2.776776695296637,0.8999999999999999,1.676776695296637),(2.776776695296637,7.1,1.676776695296637),(2.8309698831278216,0.8999999999999999,1.5956708580912726),(2.8309698831278216,7.1,1.5956708580912726),(2.85,0.8999999999999999,1.5),(2.85,7.1,1.5),(2.8309698831278216,0.8999999999999999,1.4043291419087276),(2.8309698831278216,7.1,1.4043291419087276),(2.776776695296637,0.8999999999999999,1.3232233047033632),(2.776776695296637,7.1,1.3232233047033632),(2.6956708580912725,0.8999999999999999,1.2690301168721785),(2.6956708580912725,7.1,1.2690301168721785),(9.4,0.8999999999999999,1.5),(9.4,0.8999999999999999,1.25),(9.4,7.1,1.25),(9.4,7.1,1.5),(9.304329141908728,0.8999999999999999,1.2690301168721783),(9.304329141908728,7.1,1.2690301168721783),(9.223223304703364,0.8999999999999999,1.323223304703363),(9.223223304703364,7.1,1.323223304703363),(9.169030116872179,0.8999999999999999,1.4043291419087276),(9.169030116872179,7.1,1.4043291419087276),(9.15,0.8999999999999999,1.5),(9.15,7.1,1.5),(9.169030116872179,0.8999999999999999,1.5956708580912724),(9.169030116872179,7.1,1.5956708580912724),(9.223223304703364,0.8999999999999999,1.676776695296637),(9.223223304703364,7.1,1.676776695296637),(9.304329141908728,0.8999999999999999,1.7309698831278217),(9.304329141908728,7.1,1.7309698831278217),(9.4,0.8999999999999999,1.75),(9.4,7.1,1.75),(9.495670858091273,0.8999999999999999,1.7309698831278217),(9.495670858091273,7.1,1.7309698831278217),(9.576776695296637,0.8999999999999999,1.676776695296637),(9.576776695296637,7.1,1.676776695296637),(9.630969883127822,0.8999999999999999,1.5956708580912726),(9.630969883127822,7.1,1.5956708580912726),(9.65,0.8999999999999999,1.5),(9.65,7.1,1.5),(9.630969883127822,0.8999999999999999,1.4043291419087276),(9.630969883127822,7.1,1.4043291419087276),(9.576776695296637,0.8999999999999999,1.3232233047033632),(9.576776695296637,7.1,1.3232233047033632),(9.495670858091273,0.8999999999999999,1.2690301168721785),(9.495670858091273,7.1,1.2690301168721785),(0.9000000000000004,2.2,1.5),(0.9000000000000004,2.2,1.3),(2.2,0.9,1.3),(2.2,0.9,1.5),(0.9707106781186551,2.270710678118655,1.3267949192431123),(2.270710678118655,0.9707106781186549,1.3267949192431123),(1.0224744871391591,2.322474487139159,1.4),(2.322474487139159,1.0224744871391591,1.4),(1.04142135623731,2.3414213562373094,1.5),(2.3414213562373094,1.0414213562373096,1.5),(1.0224744871391593,2.322474487139159,1.5999999999999999),(2.322474487139159,1.0224744871391591,1.5999999999999999),(0.9707106781186552,2.270710678118655,1.6732050807568877),(2.270710678118655,0.9707106781186549,1.6732050807568877),(0.9000000000000005,2.2,1.7),(2.2,0.9000000000000001,1.7),(0.8292893218813457,2.1292893218813456,1.6732050807568877),(2.1292893218813456,0.8292893218813453,1.6732050807568877),(0.7775255128608416,2.0775255128608414,1.6),(2.0775255128608414,0.7775255128608412,1.6),(0.7585786437626909,2.0585786437626905,1.5),(2.0585786437626905,0.7585786437626906,1.5),(0.7775255128608415,2.077525512860841,1.4000000000000001),(2.0775255128608414,0.7775255128608412,1.4000000000000001),(0.8292893218813456,2.129289321881345,1.3267949192431123),(2.1292893218813456,0.8292893218813453,1.3267949192431123),(11.099999999999998,2.2,1.5),(11.099999999999998,2.2,1.7),(9.8,0.8999999999999999,1.7),(9.8,0.8999999999999999,1.5),(11.029289321881343,2.270710678118655,1.6732050807568877),(9.729289321881346,0.9707106781186546,1.6732050807568877),(10.97752551286084,2.322474487139159,1.6),(9.677525512860841,1.0224744871391587,1.6),(10.958578643762689,2.3414213562373094,1.5),(9.65857864376269,1.0414213562373091,1.5),(10.97752551286084,2.322474487139159,1.4000000000000001),(9.677525512860841,1.0224744871391587,1.4000000000000001),(11.029289321881343,2.270710678118655,1.3267949192431123),(9.729289321881344,0.9707106781186546,1.3267949192431123),(11.099999999999998,2.2,1.3),(9.8,0.8999999999999999,1.3),(11.170710678118652,2.1292893218813456,1.3267949192431123),(9.870710678118655,0.8292893218813452,1.3267949192431123),(11.222474487139158,2.0775255128608414,1.4),(9.922474487139159,0.777525512860841,1.4),(11.241421356237309,2.058578643762691,1.5),(9.94142135623731,0.7585786437626905,1.5),(11.222474487139158,2.0775255128608414,1.5999999999999999),(9.922474487139159,0.7775255128608409,1.5999999999999999),(11.170710678118654,2.1292893218813456,1.6732050807568877),(9.870710678118655,0.8292893218813451,1.6732050807568877),(0.9,5.799999999999999,1.5),(0.9,5.799999999999999,1.3),(2.2000000000000006,7.1,1.3),(2.2000000000000006,7.1,1.5),(0.8292893218813453,5.870710678118654,1.3267949192431123),(2.1292893218813456,7.170710678118654,1.3267949192431123),(0.7775255128608412,5.922474487139159,1.4),(2.0775255128608414,7.222474487139158,1.4),(0.7585786437626906,5.941421356237309,1.5),(2.058578643762691,7.241421356237309,1.5),(0.7775255128608412,5.922474487139159,1.5999999999999999),(2.0775255128608414,7.222474487139158,1.5999999999999999),(0.8292893218813453,5.870710678118654,1.6732050807568877),(2.1292893218813456,7.170710678118654,1.6732050807568877),(0.9,5.799999999999999,1.7),(2.2,7.1,1.7),(0.9707106781186547,5.729289321881344,1.6732050807568877),(2.2707106781186552,7.029289321881344,1.6732050807568877),(1.022474487139159,5.67752551286084,1.6),(2.3224744871391594,6.97752551286084,1.6),(1.0414213562373096,5.65857864376269,1.5),(2.34142135623731,6.9585786437626895,1.5),(1.0224744871391591,5.67752551286084,1.4000000000000001),(2.3224744871391594,6.97752551286084,1.4000000000000001),(0.9707106781186549,5.729289321881344,1.3267949192431123),(2.2707106781186552,7.029289321881344,1.3267949192431123),(11.099999999999998,5.799999999999999,1.5),(11.099999999999998,5.799999999999999,1.7),(9.8,7.1,1.7),(9.8,7.1,1.5),(11.170710678118654,5.870710678118654,1.6732050807568877),(9.870710678118655,7.170710678118654,1.6732050807568877),(11.222474487139158,5.922474487139159,1.6),(9.922474487139159,7.222474487139158,1.6),(11.241421356237309,5.941421356237309,1.5),(9.94142135623731,7.241421356237309,1.5),(11.222474487139158,5.922474487139159,1.4000000000000001),(9.922474487139159,7.222474487139158,1.4000000000000001),(11.170710678118654,5.870710678118654,1.3267949192431123),(9.870710678118655,7.170710678118654,1.3267949192431123),(11.099999999999998,5.799999999999999,1.3),(9.8,7.1,1.3),(11.029289321881343,5.729289321881344,1.3267949192431123),(9.729289321881344,7.029289321881344,1.3267949192431123),(10.97752551286084,5.677525512860841,1.4),(9.677525512860841,6.97752551286084,1.4),(10.958578643762689,5.65857864376269,1.5),(9.65857864376269,6.9585786437626895,1.5),(10.97752551286084,5.67752551286084,1.5999999999999999),(9.677525512860841,6.97752551286084,1.5999999999999999),(11.029289321881343,5.729289321881344,1.6732050807568877),(9.729289321881344,7.029289321881344,1.6732050807568877)));
#3117=IFCINDEXEDPOLYGONALFACE((2,1,5));
#3118=IFCINDEXEDPOLYGONALFACE((2,5,3));
#3119=IFCINDEXEDPOLYGONALFACE((3,5,6));
#3120=IFCINDEXEDPOLYGONALFACE((3,6,4));
#3121=IFCINDEXEDPOLYGONALFACE((5,1,7));
#3122=IFCINDEXEDPOLYGONALFACE((5,7,6));
#3123=IFCINDEXEDPOLYGONALFACE((6,7,8));
#3124=IFCINDEXEDPOLYGONALFACE((6,8,4));
#3125=IFCINDEXEDPOLYGONALFACE((7,1,9));
#3126=IFCINDEXEDPOLYGONALFACE((7,9,8));
#3127=IFCINDEXEDPOLYGONALFACE((8,9,10));
#3128=IFCINDEXEDPOLYGONALFACE((8,10,4));
#3129=IFCINDEXEDPOLYGONALFACE((9,1,11));
#3130=IFCINDEXEDPOLYGONALFACE((9,11,10));
#3131=IFCINDEXEDPOLYGONALFACE((10,11,12));
#3132=IFCINDEXEDPOLYGONALFACE((10,12,4));
#3133=IFCINDEXEDPOLYGONALFACE((11,1,13));
#3134=IFCINDEXEDPOLYGONALFACE((11,13,12));
#3135=IFCINDEXEDPOLYGONALFACE((12,13,14));
#3136=IFCINDEXEDPOLYGONALFACE((12,14,4));
#3137=IFCINDEXEDPOLYGONALFACE((13,1,15));
#3138=IFCINDEXEDPOLYGONALFACE((13,15,14));
#3139=IFCINDEXEDPOLYGONALFACE((14,15,16));
#3140=IFCINDEXEDPOLYGONALFACE((14,16,4));
#3141=IFCINDEXEDPOLYGONALFACE((15,1,17));
#3142=IFCINDEXEDPOLYGONALFACE((15,17,16));
#3143=IFCINDEXEDPOLYGONALFACE((16,17,18));
#3144=IFCINDEXEDPOLYGONALFACE((16,18,4));
#3145=IFCINDEXEDPOLYGONALFACE((17,1,19));
#3146=IFCINDEXEDPOLYGONALFACE((17,19,18));
#3147=IFCINDEXEDPOLYGONALFACE((18,19,20));
#3148=IFCINDEXEDPOLYGONALFACE((18,20,4));
#3149=IFCINDEXEDPOLYGONALFACE((19,1,21));
#3150=IFCINDEXEDPOLYGONALFACE((19,21,20));
#3151=IFCINDEXEDPOLYGONALFACE((20,21,22));
#3152=IFCINDEXEDPOLYGONALFACE((20,22,4));
#3153=IFCINDEXEDPOLYGONALFACE((21,1,23));
#3154=IFCINDEXEDPOLYGONALFACE((21,23,22));
#3155=IFCINDEXEDPOLYGONALFACE((22,23,24));
#3156=IFCINDEXEDPOLYGONALFACE((22,24,4));
#3157=IFCINDEXEDPOLYGONALFACE((23,1,25));
#3158=IFCINDEXEDPOLYGONALFACE((23,25,24));
#3159=IFCINDEXEDPOLYGONALFACE((24,25,26));
#3160=IFCINDEXEDPOLYGONALFACE((24,26,4));
#3161=IFCINDEXEDPOLYGONALFACE((25,1,27));
#3162=IFCINDEXEDPOLYGONALFACE((25,27,26));
#3163=IFCINDEXEDPOLYGONALFACE((26,27,28));
#3164=IFCINDEXEDPOLYGONALFACE((26,28,4));
#3165=IFCINDEXEDPOLYGONALFACE((27,1,29));
#3166=IFCINDEXEDPOLYGONALFACE((27,29,28));
#3167=IFCINDEXEDPOLYGONALFACE((28,29,30));
#3168=IFCINDEXEDPOLYGONALFACE((28,30,4));
#3169=IFCINDEXEDPOLYGONALFACE((29,1,31));
#3170=IFCINDEXEDPOLYGONALFACE((29,31,30));
#3171=IFCINDEXEDPOLYGONALFACE((30,31,32));
#3172=IFCINDEXEDPOLYGONALFACE((30,32,4));
#3173=IFCINDEXEDPOLYGONALFACE((31,1,33));
#3174=IFCINDEXEDPOLYGONALFACE((31,33,32));
#3175=IFCINDEXEDPOLYGONALFACE((32,33,34));
#3176=IFCINDEXEDPOLYGONALFACE((32,34,4));
#3177=IFCINDEXEDPOLYGONALFACE((33,1,2));
#3178=IFCINDEXEDPOLYGONALFACE((33,2,34));
#3179=IFCINDEXEDPOLYGONALFACE((34,2,3));
#3180=IFCINDEXEDPOLYGONALFACE((34,3,4));
#3181=IFCINDEXEDPOLYGONALFACE((36,35,39));
#3182=IFCINDEXEDPOLYGONALFACE((36,39,37));
#3183=IFCINDEXEDPOLYGONALFACE((37,39,40));
#3184=IFCINDEXEDPOLYGONALFACE((37,40,38));
#3185=IFCINDEXEDPOLYGONALFACE((39,35,41));
#3186=IFCINDEXEDPOLYGONALFACE((39,41,40));
#3187=IFCINDEXEDPOLYGONALFACE((40,41,42));
#3188=IFCINDEXEDPOLYGONALFACE((40,42,38));
#3189=IFCINDEXEDPOLYGONALFACE((41,35,43));
#3190=IFCINDEXEDPOLYGONALFACE((41,43,42));
#3191=IFCINDEXEDPOLYGONALFACE((42,43,44));
#3192=IFCINDEXEDPOLYGONALFACE((42,44,38));
#3193=IFCINDEXEDPOLYGONALFACE((43,35,45));
#3194=IFCINDEXEDPOLYGONALFACE((43,45,44));
#3195=IFCINDEXEDPOLYGONALFACE((44,45,46));
#3196=IFCINDEXEDPOLYGONALFACE((44,46,38));
#3197=IFCINDEXEDPOLYGONALFACE((45,35,47));
#3198=IFCINDEXEDPOLYGONALFACE((45,47,46));
#3199=IFCINDEXEDPOLYGONALFACE((46,47,48));
#3200=IFCINDEXEDPOLYGONALFACE((46,48,38));
#3201=IFCINDEXEDPOLYGONALFACE((47,35,49));
#3202=IFCINDEXEDPOLYGONALFACE((47,49,48));
#3203=IFCINDEXEDPOLYGONALFACE((48,49,50));
#3204=IFCINDEXEDPOLYGONALFACE((48,50,38));
#3205=IFCINDEXEDPOLYGONALFACE((49,35,51));
#3206=IFCINDEXEDPOLYGONALFACE((49,51,50));
#3207=IFCINDEXEDPOLYGONALFACE((50,51,52));
#3208=IFCINDEXEDPOLYGONALFACE((50,52,38));
#3209=IFCINDEXEDPOLYGONALFACE((51,35,53));
#3210=IFCINDEXEDPOLYGONALFACE((51,53,52));
#3211=IFCINDEXEDPOLYGONALFACE((52,53,54));
#3212=IFCINDEXEDPOLYGONALFACE((52,54,38));
#3213=IFCINDEXEDPOLYGONALFACE((53,35,55));
#3214=IFCINDEXEDPOLYGONALFACE((53,55,54));
#3215=IFCINDEXEDPOLYGONALFACE((54,55,56));
#3216=IFCINDEXEDPOLYGONALFACE((54,56,38));
#3217=IFCINDEXEDPOLYGONALFACE((55,35,57));
#3218=IFCINDEXEDPOLYGONALFACE((55,57,56));
#3219=IFCINDEXEDPOLYGONALFACE((56,57,58));
#3220=IFCINDEXEDPOLYGONALFACE((56,58,38));
#3221=IFCINDEXEDPOLYGONALFACE((57,35,59));
#3222=IFCINDEXEDPOLYGONALFACE((57,59,58));
#3223=IFCINDEXEDPOLYGONALFACE((58,59,60));
#3224=IFCINDEXEDPOLYGONALFACE((58,60,38));
#3225=IFCINDEXEDPOLYGONALFACE((59,35,61));
#3226=IFCINDEXEDPOLYGONALFACE((59,61,60));
#3227=IFCINDEXEDPOLYGONALFACE((60,61,62));
#3228=IFCINDEXEDPOLYGONALFACE((60,62,38));
#3229=IFCINDEXEDPOLYGONALFACE((61,35,63));
#3230=IFCINDEXEDPOLYGONALFACE((61,63,62));
#3231=IFCINDEXEDPOLYGONALFACE((62,63,64));
#3232=IFCINDEXEDPOLYGONALFACE((62,64,38));
#3233=IFCINDEXEDPOLYGONALFACE((63,35,65));
#3234=IFCINDEXEDPOLYGONALFACE((63,65,64));
#3235=IFCINDEXEDPOLYGONALFACE((64,65,66));
#3236=IFCINDEXEDPOLYGONALFACE((64,66,38));
#3237=IFCINDEXEDPOLYGONALFACE((65,35,67));
#3238=IFCINDEXEDPOLYGONALFACE((65,67,66));
#3239=IFCINDEXEDPOLYGONALFACE((66,67,68));
#3240=IFCINDEXEDPOLYGONALFACE((66,68,38));
#3241=IFCINDEXEDPOLYGONALFACE((67,35,36));
#3242=IFCINDEXEDPOLYGONALFACE((67,36,68));
#3243=IFCINDEXEDPOLYGONALFACE((68,36,37));
#3244=IFCINDEXEDPOLYGONALFACE((68,37,38));
#3245=IFCINDEXEDPOLYGONALFACE((70,69,73));
#3246=IFCINDEXEDPOLYGONALFACE((70,73,71));
#3247=IFCINDEXEDPOLYGONALFACE((71,73,74));
#3248=IFCINDEXEDPOLYGONALFACE((71,74,72));
#3249=IFCINDEXEDPOLYGONALFACE((73,69,75));
#3250=IFCINDEXEDPOLYGONALFACE((73,75,74));
#3251=IFCINDEXEDPOLYGONALFACE((74,75,76));
#3252=IFCINDEXEDPOLYGONALFACE((74,76,72));
#3253=IFCINDEXEDPOLYGONALFACE((75,69,77));
#3254=IFCINDEXEDPOLYGONALFACE((75,77,76));
#3255=IFCINDEXEDPOLYGONALFACE((76,77,78));
#3256=IFCINDEXEDPOLYGONALFACE((76,78,72));
#3257=IFCINDEXEDPOLYGONALFACE((77,69,79));
#3258=IFCINDEXEDPOLYGONALFACE((77,79,78));
#3259=IFCINDEXEDPOLYGONALFACE((78,79,80));
#3260=IFCINDEXEDPOLYGONALFACE((78,80,72));
#3261=IFCINDEXEDPOLYGONALFACE((79,69,81));
#3262=IFCINDEXEDPOLYGONALFACE((79,81,80));
#3263=IFCINDEXEDPOLYGONALFACE((80,81,82));
#3264=IFCINDEXEDPOLYGONALFACE((80,82,72));
#3265=IFCINDEXEDPOLYGONALFACE((81,69,83));
#3266=IFCINDEXEDPOLYGONALFACE((81,83,82));
#3267=IFCINDEXEDPOLYGONALFACE((82,83,84));
#3268=IFCINDEXEDPOLYGONALFACE((82,84,72));
#3269=IFCINDEXEDPOLYGONALFACE((83,69,85));
#3270=IFCINDEXEDPOLYGONALFACE((83,85,84));
#3271=IFCINDEXEDPOLYGONALFACE((84,85,86));
#3272=IFCINDEXEDPOLYGONALFACE((84,86,72));
#3273=IFCINDEXEDPOLYGONALFACE((85,69,87));
#3274=IFCINDEXEDPOLYGONALFACE((85,87,86));
#3275=IFCINDEXEDPOLYGONALFACE((86,87,88));
#3276=IFCINDEXEDPOLYGONALFACE((86,88,72));
#3277=IFCINDEXEDPOLYGONALFACE((87,69,89));
#3278=IFCINDEXEDPOLYGONALFACE((87,89,88));
#3279=IFCINDEXEDPOLYGONALFACE((88,89,90));
#3280=IFCINDEXEDPOLYGONALFACE((88,90,72));
#3281=IFCINDEXEDPOLYGONALFACE((89,69,91));
#3282=IFCINDEXEDPOLYGONALFACE((89,91,90));
#3283=IFCINDEXEDPOLYGONALFACE((90,91,92));
#3284=IFCINDEXEDPOLYGONALFACE((90,92,72));
#3285=IFCINDEXEDPOLYGONALFACE((91,69,93));
#3286=IFCINDEXEDPOLYGONALFACE((91,93,92));
#3287=IFCINDEXEDPOLYGONALFACE((92,93,94));
#3288=IFCINDEXEDPOLYGONALFACE((92,94,72));
#3289=IFCINDEXEDPOLYGONALFACE((93,69,70));
#3290=IFCINDEXEDPOLYGONALFACE((93,70,94));
#3291=IFCINDEXEDPOLYGONALFACE((94,70,71));
#3292=IFCINDEXEDPOLYGONALFACE((94,71,72));
#3293=IFCINDEXEDPOLYGONALFACE((96,95,99));
#3294=IFCINDEXEDPOLYGONALFACE((96,99,97));
#3295=IFCINDEXEDPOLYGONALFACE((97,99,100));
#3296=IFCINDEXEDPOLYGONALFACE((97,100,98));
#3297=IFCINDEXEDPOLYGONALFACE((99,95,101));
#3298=IFCINDEXEDPOLYGONALFACE((99,101,100));
#3299=IFCINDEXEDPOLYGONALFACE((100,101,102));
#3300=IFCINDEXEDPOLYGONALFACE((100,102,98));
#3301=IFCINDEXEDPOLYGONALFACE((101,95,103));
#3302=IFCINDEXEDPOLYGONALFACE((101,103,102));
#3303=IFCINDEXEDPOLYGONALFACE((102,103,104));
#3304=IFCINDEXEDPOLYGONALFACE((102,104,98));
#3305=IFCINDEXEDPOLYGONALFACE((103,95,105));
#3306=IFCINDEXEDPOLYGONALFACE((103,105,104));
#3307=IFCINDEXEDPOLYGONALFACE((104,105,106));
#3308=IFCINDEXEDPOLYGONALFACE((104,106,98));
#3309=IFCINDEXEDPOLYGONALFACE((105,95,107));
#3310=IFCINDEXEDPOLYGONALFACE((105,107,106));
#3311=IFCINDEXEDPOLYGONALFACE((106,107,108));
#3312=IFCINDEXEDPOLYGONALFACE((106,108,98));
#3313=IFCINDEXEDPOLYGONALFACE((107,95,109));
#3314=IFCINDEXEDPOLYGONALFACE((107,109,108));
#3315=IFCINDEXEDPOLYGONALFACE((108,109,110));
#3316=IFCINDEXEDPOLYGONALFACE((108,110,98));
#3317=IFCINDEXEDPOLYGONALFACE((109,95,111));
#3318=IFCINDEXEDPOLYGONALFACE((109,111,110));
#3319=IFCINDEXEDPOLYGONALFACE((110,111,112));
#3320=IFCINDEXEDPOLYGONALFACE((110,112,98));
#3321=IFCINDEXEDPOLYGONALFACE((111,95,113));
#3322=IFCINDEXEDPOLYGONALFACE((111,113,112));
#3323=IFCINDEXEDPOLYGONALFACE((112,113,114));
#3324=IFCINDEXEDPOLYGONALFACE((112,114,98));
#3325=IFCINDEXEDPOLYGONALFACE((113,95,115));
#3326=IFCINDEXEDPOLYGONALFACE((113,115,114));
#3327=IFCINDEXEDPOLYGONALFACE((114,115,116));
#3328=IFCINDEXEDPOLYGONALFACE((114,116,98));
#3329=IFCINDEXEDPOLYGONALFACE((115,95,117));
#3330=IFCINDEXEDPOLYGONALFACE((115,117,116));
#3331=IFCINDEXEDPOLYGONALFACE((116,117,118));
#3332=IFCINDEXEDPOLYGONALFACE((116,118,98));
#3333=IFCINDEXEDPOLYGONALFACE((117,95,119));
#3334=IFCINDEXEDPOLYGONALFACE((117,119,118));
#3335=IFCINDEXEDPOLYGONALFACE((118,119,120));
#3336=IFCINDEXEDPOLYGONALFACE((118,120,98));
#3337=IFCINDEXEDPOLYGONALFACE((119,95,96));
#3338=IFCINDEXEDPOLYGONALFACE((119,96,120));
#3339=IFCINDEXEDPOLYGONALFACE((120,96,97));
#3340=IFCINDEXEDPOLYGONALFACE((120,97,98));
#3341=IFCINDEXEDPOLYGONALFACE((122,121,125));
#3342=IFCINDEXEDPOLYGONALFACE((122,125,123));
#3343=IFCINDEXEDPOLYGONALFACE((123,125,126));
#3344=IFCINDEXEDPOLYGONALFACE((123,126,124));
#3345=IFCINDEXEDPOLYGONALFACE((125,121,127));
#3346=IFCINDEXEDPOLYGONALFACE((125,127,126));
#3347=IFCINDEXEDPOLYGONALFACE((126,127,128));
#3348=IFCINDEXEDPOLYGONALFACE((126,128,124));
#3349=IFCINDEXEDPOLYGONALFACE((127,121,129));
#3350=IFCINDEXEDPOLYGONALFACE((127,129,128));
#3351=IFCINDEXEDPOLYGONALFACE((128,129,130));
#3352=IFCINDEXEDPOLYGONALFACE((128,130,124));
#3353=IFCINDEXEDPOLYGONALFACE((129,121,131));
#3354=IFCINDEXEDPOLYGONALFACE((129,131,130));
#3355=IFCINDEXEDPOLYGONALFACE((130,131,132));
#3356=IFCINDEXEDPOLYGONALFACE((130,132,124));
#3357=IFCINDEXEDPOLYGONALFACE((131,121,133));
#3358=IFCINDEXEDPOLYGONALFACE((131,133,132));
#3359=IFCINDEXEDPOLYGONALFACE((132,133,134));
#3360=IFCINDEXEDPOLYGONALFACE((132,134,124));
#3361=IFCINDEXEDPOLYGONALFACE((133,121,135));
#3362=IFCINDEXEDPOLYGONALFACE((133,135,134));
#3363=IFCINDEXEDPOLYGONALFACE((134,135,136));
#3364=IFCINDEXEDPOLYGONALFACE((134,136,124));
#3365=IFCINDEXEDPOLYGONALFACE((135,121,137));
#3366=IFCINDEXEDPOLYGONALFACE((135,137,136));
#3367=IFCINDEXEDPOLYGONALFACE((136,137,138));
#3368=IFCINDEXEDPOLYGONALFACE((136,138,124));
#3369=IFCINDEXEDPOLYGONALFACE((137,121,139));
#3370=IFCINDEXEDPOLYGONALFACE((137,139,138));
#3371=IFCINDEXEDPOLYGONALFACE((138,139,140));
#3372=IFCINDEXEDPOLYGONALFACE((138,140,124));
#3373=IFCINDEXEDPOLYGONALFACE((139,121,141));
#3374=IFCINDEXEDPOLYGONALFACE((139,141,140));
#3375=IFCINDEXEDPOLYGONALFACE((140,141,142));
#3376=IFCINDEXEDPOLYGONALFACE((140,142,124));
#3377=IFCINDEXEDPOLYGONALFACE((141,121,143));
#3378=IFCINDEXEDPOLYGONALFACE((141,143,142));
#3379=IFCINDEXEDPOLYGONALFACE((142,143,144));
#3380=IFCINDEXEDPOLYGONALFACE((142,144,124));
#3381=IFCINDEXEDPOLYGONALFACE((143,121,145));
#3382=IFCINDEXEDPOLYGONALFACE((143,145,144));
#3383=IFCINDEXEDPOLYGONALFACE((144,145,146));
#3384=IFCINDEXEDPOLYGONALFACE((144,146,124));
#3385=IFCINDEXEDPOLYGONALFACE((145,121,122));
#3386=IFCINDEXEDPOLYGONALFACE((145,122,146));
#3387=IFCINDEXEDPOLYGONALFACE((146,122,123));
#3388=IFCINDEXEDPOLYGONALFACE((146,123,124));
#3389=IFCINDEXEDPOLYGONALFACE((148,147,151));
#3390=IFCINDEXEDPOLYGONALFACE((148,151,149));
#3391=IFCINDEXEDPOLYGONALFACE((149,151,152));
#3392=IFCINDEXEDPOLYGONALFACE((149,152,150));
#3393=IFCINDEXEDPOLYGONALFACE((151,147,153));
#3394=IFCINDEXEDPOLYGONALFACE((151,153,152));
#3395=IFCINDEXEDPOLYGONALFACE((152,153,154));
#3396=IFCINDEXEDPOLYGONALFACE((152,154,150));
#3397=IFCINDEXEDPOLYGONALFACE((153,147,155));
#3398=IFCINDEXEDPOLYGONALFACE((153,155,154));
#3399=IFCINDEXEDPOLYGONALFACE((154,155,156));
#3400=IFCINDEXEDPOLYGONALFACE((154,156,150));
#3401=IFCINDEXEDPOLYGONALFACE((155,147,157));
#3402=IFCINDEXEDPOLYGONALFACE((155,157,156));
#3403=IFCINDEXEDPOLYGONALFACE((156,157,158));
#3404=IFCINDEXEDPOLYGONALFACE((156,158,150));
#3405=IFCINDEXEDPOLYGONALFACE((157,147,159));
#3406=IFCINDEXEDPOLYGONALFACE((157,159,158));
#3407=IFCINDEXEDPOLYGONALFACE((158,159,160));
#3408=IFCINDEXEDPOLYGONALFACE((158,160,150));
#3409=IFCINDEXEDPOLYGONALFACE((159,147,161));
#3410=IFCINDEXEDPOLYGONALFACE((159,161,160));
#3411=IFCINDEXEDPOLYGONALFACE((160,161,162));
#3412=IFCINDEXEDPOLYGONALFACE((160,162,150));
#3413=IFCINDEXEDPOLYGONALFACE((161,147,163));
#3414=IFCINDEXEDPOLYGONALFACE((161,163,162));
#3415=IFCINDEXEDPOLYGONALFACE((162,163,164));
#3416=IFCINDEXEDPOLYGONALFACE((162,164,150));
#3417=IFCINDEXEDPOLYGONALFACE((163,147,165));
#3418=IFCINDEXEDPOLYGONALFACE((163,165,164));
#3419=IFCINDEXEDPOLYGONALFACE((164,165,166));
#3420=IFCINDEXEDPOLYGONALFACE((164,166,150));
#3421=IFCINDEXEDPOLYGONALFACE((165,147,167));
#3422=IFCINDEXEDPOLYGONALFACE((165,167,166));
#3423=IFCINDEXEDPOLYGONALFACE((166,167,168));
#3424=IFCINDEXEDPOLYGONALFACE((166,168,150));
#3425=IFCINDEXEDPOLYGONALFACE((167,147,169));
#3426=IFCINDEXEDPOLYGONALFACE((167,169,168));
#3427=IFCINDEXEDPOLYGONALFACE((168,169,170));
#3428=IFCINDEXEDPOLYGONALFACE((168,170,150));
#3429=IFCINDEXEDPOLYGONALFACE((169,147,171));
#3430=IFCINDEXEDPOLYGONALFACE((169,171,170));
#3431=IFCINDEXEDPOLYGONALFACE((170,171,172));
#3432=IFCINDEXEDPOLYGONALFACE((170,172,150));
#3433=IFCINDEXEDPOLYGONALFACE((171,147,148));
#3434=IFCINDEXEDPOLYGONALFACE((171,148,172));
#3435=IFCINDEXEDPOLYGONALFACE((172,148,149));
#3436=IFCINDEXEDPOLYGONALFACE((172,149,150));
#3437=IFCPOLYGONALFACESET(#3116,$,(#3117,#3118,#3119,#3120,#3121,#3122,#3123,#3124,#3125,#3126,#3127,#3128,#3129,#3130,#3131,#3132,#3133,#3134,#3135,#3136,#3137,#3138,#3139,#3140,#3141,#3142,#3143,#3144,#3145,#3146,#3147,#3148,#3149,#3150,#3151,#3152,#3153,#3154,#3155,#3156,#3157,#3158,#3159,#3160,#3161,#3162,#3163,#3164,#3165,#3166,#3167,#3168,#3169,#3170,#3171,#3172,#3173,#3174,#3175,#3176,#3177,#3178,#3179,#3180,#3181,#3182,#3183,#3184,#3185,#3186,#3187,#3188,#3189,#3190,#3191,#3192,#3193,#3194,#3195,#3196,#3197,#3198,#3199,#3200,#3201,#3202,#3203,#3204,#3205,#3206,#3207,#3208,#3209,#3210,#3211,#3212,#3213,#3214,#3215,#3216,#3217,#3218,#3219,#3220,#3221,#3222,#3223,#3224,#3225,#3226,#3227,#3228,#3229,#3230,#3231,#3232,#3233,#3234,#3235,#3236,#3237,#3238,#3239,#3240,#3241,#3242,#3243,#3244,#3245,#3246,#3247,#3248,#3249,#3250,#3251,#3252,#3253,#3254,#3255,#3256,#3257,#3258,#3259,#3260,#3261,#3262,#3263,#3264,#3265,#3266,#3267,#3268,#3269,#3270,#3271,#3272,#3273,#3274,#3275,#3276,#3277,#3278,#3279,#3280,#3281,#3282,#3283,#3284,#3285,#3286,#3287,#3288,#3289,#3290,#3291,#3292,#3293,#3294,#3295,#3296,#3297,#3298,#3299,#3300,#3301,#3302,#3303,#3304,#3305,#3306,#3307,#3308,#3309,#3310,#3311,#3312,#3313,#3314,#3315,#3316,#3317,#3318,#3319,#3320,#3321,#3322,#3323,#3324,#3325,#3326,#3327,#3328,#3329,#3330,#3331,#3332,#3333,#3334,#3335,#3336,#3337,#3338,#3339,#3340,#3341,#3342,#3343,#3344,#3345,#3346,#3347,#3348,#3349,#3350,#3351,#3352,#3353,#3354,#3355,#3356,#3357,#3358,#3359,#3360,#3361,#3362,#3363,#3364,#3365,#3366,#3367,#3368,#3369,#3370,#3371,#3372,#3373,#3374,#3375,#3376,#3377,#3378,#3379,#3380,#3381,#3382,#3383,#3384,#3385,#3386,#3387,#3388,#3389,#3390,#3391,#3392,#3393,#3394,#3395,#3396,#3397,#3398,#3399,#3400,#3401,#3402,#3403,#3404,#3405,#3406,#3407,#3408,#3409,#3410,#3411,#3412,#3413,#3414,#3415,#3416,#3417,#3418,#3419,#3420,#3421,#3422,#3423,#3424,#3425,#3426,#3427,#3428,#3429,#3430,#3431,#3432,#3433,#3434,#3435,#3436),$);
#3438=IFCSHAPEREPRESENTATION(#16,'Body','Tessellation',(#3437));
#3439=IFCPRODUCTDEFINITIONSHAPE($,$,(#3438));
#3440=IFCCARTESIANPOINT((0.,0.,0.));
#3441=IFCDIRECTION((0.,0.,1.));
#3442=IFCDIRECTION((1.,0.,0.));
#3443=IFCAXIS2PLACEMENT3D(#3440,#3441,#3442);
#3444=IFCLOCALPLACEMENT($,#3443);
#3445=IFCOWNERHISTORY(#5,#6,.READWRITE.,.ADDED.,1788887539,#5,#6,1788887539);
#3446=IFCPROPERTYSET('1tgOyDPDL9yhQ2Skxx23XB',#3445,'Pset_TrimeshGeneration',$,(#3449,#3450,#3451,#3452,#3453));
#3447=IFCOWNERHISTORY(#5,#6,.READWRITE.,.ADDED.,1788887539,#5,#6,1788887539);
#3448=IFCRELDEFINESBYPROPERTIES('0OAtsx89nDHAe_FHPxfKZn',#3447,$,$,(#3115),#3446);
#3449=IFCPROPERTYSINGLEVALUE('GenerationMethod',$,IFCLABEL('TRIMESH_CODE'),$);
#3450=IFCPROPERTYSINGLEVALUE('VertexCount',$,IFCINTEGER(172),$);
#3451=IFCPROPERTYSINGLEVALUE('FaceCount',$,IFCINTEGER(320),$);
#3452=IFCPROPERTYSINGLEVALUE('IsWatertight',$,IFCBOOLEAN(.T.),$);
#3453=IFCPROPERTYSINGLEVALUE('Volume',$,IFCREAL(3.255106543584367),$);
#3454=IFCOWNERHISTORY(#5,#6,.READWRITE.,.MODIFIED.,1788887541,#5,#6,1788887541);
#3455=IFCMEMBER('3tDsjPns50LvVwYZBejdAc',#3454,'Strut_Frame_L3_minus1000',$,$,#3784,#3779,$,$);
#3456=IFCCARTESIANPOINTLIST3D(((2.6,0.8999999999999999,-1.),(2.6,0.8999999999999999,-1.25),(2.6,7.1,-1.25),(2.6,7.1,-1.),(2.5043291419087277,0.8999999999999999,-1.2309698831278217),(2.5043291419087277,7.1,-1.2309698831278217),(2.423223304703363,0.8999999999999999,-1.176776695296637),(2.423223304703363,7.1,-1.176776695296637),(2.3690301168721786,0.8999999999999999,-1.0956708580912724),(2.3690301168721786,7.1,-1.0956708580912724),(2.35,0.8999999999999999,-1.),(2.35,7.1,-1.),(2.3690301168721786,0.8999999999999999,-0.9043291419087276),(2.3690301168721786,7.1,-0.9043291419087276),(2.423223304703363,0.8999999999999999,-0.8232233047033631),(2.423223304703363,7.1,-0.8232233047033631),(2.5043291419087277,0.8999999999999999,-0.7690301168721783),(2.5043291419087277,7.1,-0.7690301168721783),(2.6,0.8999999999999999,-0.75),(2.6,7.1,-0.75),(2.6956708580912725,0.8999999999999999,-0.7690301168721783),(2.6956708580912725,7.1,-0.7690301168721783),(2.776776695296637,0.8999999999999999,-0.823223304703363),(2.776776695296637,7.1,-0.823223304703363),(2.8309698831278216,0.8999999999999999,-0.9043291419087274),(2.8309698831278216,7.1,-0.9043291419087274),(2.85,0.8999999999999999,-1.),(2.85,7.1,-1.),(2.8309698831278216,0.8999999999999999,-1.0956708580912724),(2.8309698831278216,7.1,-1.0956708580912724),(2.776776695296637,0.8999999999999999,-1.1767766952966368),(2.776776695296637,7.1,-1.1767766952966368),(2.6956708580912725,0.8999999999999999,-1.2309698831278215),(2.6956708580912725,7.1,-1.2309698831278215),(9.4,0.8999999999999999,-1.),(9.4,0.8999999999999999,-1.25),(9.4,7.1,-1.25),(9.4,7.1,-1.),(9.304329141908728,0.8999999999999999,-1.2309698831278217),(9.304329141908728,7.1,-1.2309698831278217),(9.223223304703364,0.8999999999999999,-1.176776695296637),(9.223223304703364,7.1,-1.176776695296637),(9.169030116872179,0.8999999999999999,-1.0956708580912724),(9.169030116872179,7.1,-1.0956708580912724),(9.15,0.8999999999999999,-1.),(9.15,7.1,-1.),(9.169030116872179,0.8999999999999999,-0.9043291419087276),(9.169030116872179,7.1,-0.9043291419087276),(9.223223304703364,0.8999999999999999,-0.8232233047033631),(9.223223304703364,7.1,-0.8232233047033631),(9.304329141908728,0.8999999999999999,-0.7690301168721783),(9.304329141908728,7.1,-0.7690301168721783),(9.4,0.8999999999999999,-0.75),(9.4,7.1,-0.75),(9.495670858091273,0.8999999999999999,-0.7690301168721783),(9.495670858091273,7.1,-0.7690301168721783),(9.576776695296637,0.8999999999999999,-0.823223304703363),(9.576776695296637,7.1,-0.823223304703363),(9.630969883127822,0.8999999999999999,-0.9043291419087274),(9.630969883127822,7.1,-0.9043291419087274),(9.65,0.8999999999999999,-1.),(9.65,7.1,-1.),(9.630969883127822,0.8999999999999999,-1.0956708580912724),(9.630969883127822,7.1,-1.0956708580912724),(9.576776695296637,0.8999999999999999,-1.1767766952966368),(9.576776695296637,7.1,-1.1767766952966368),(9.495670858091273,0.8999999999999999,-1.2309698831278215),(9.495670858091273,7.1,-1.2309698831278215),(0.9000000000000004,2.2,-1.),(0.9000000000000004,2.2,-1.2),(2.2,0.9,-1.2),(2.2,0.9,-1.),(0.9707106781186551,2.270710678118655,-1.1732050807568877),(2.270710678118655,0.9707106781186549,-1.1732050807568877),(1.0224744871391591,2.322474487139159,-1.1),(2.322474487139159,1.0224744871391591,-1.1),(1.04142135623731,2.3414213562373094,-1.),(2.3414213562373094,1.0414213562373096,-1.),(1.0224744871391593,2.322474487139159,-0.9),(2.322474487139159,1.0224744871391591,-0.9),(0.9707106781186552,2.270710678118655,-0.8267949192431123),(2.270710678118655,0.9707106781186549,-0.8267949192431123),(0.9000000000000005,2.2,-0.8),(2.2,0.9000000000000001,-0.8),(0.8292893218813457,2.1292893218813456,-0.8267949192431122),(2.1292893218813456,0.8292893218813453,-0.8267949192431122),(0.7775255128608416,2.0775255128608414,-0.8999999999999999),(2.0775255128608414,0.7775255128608412,-0.8999999999999999),(0.7585786437626909,2.0585786437626905,-1.),(2.0585786437626905,0.7585786437626906,-1.),(0.7775255128608415,2.077525512860841,-1.0999999999999999),(2.0775255128608414,0.7775255128608412,-1.0999999999999999),(0.8292893218813456,2.129289321881345,-1.1732050807568877),(2.1292893218813456,0.8292893218813453,-1.1732050807568877),(11.099999999999998,2.2,-1.),(11.099999999999998,2.2,-0.8),(9.8,0.8999999999999999,-0.8),(9.8,0.8999999999999999,-1.),(11.029289321881343,2.270710678118655,-0.8267949192431122),(9.729289321881346,0.9707106781186546,-0.8267949192431122),(10.97752551286084,2.322474487139159,-0.8999999999999999),(9.677525512860841,1.0224744871391587,-0.8999999999999999),(10.958578643762689,2.3414213562373094,-1.),(9.65857864376269,1.0414213562373091,-1.),(10.97752551286084,2.322474487139159,-1.0999999999999999),(9.677525512860841,1.0224744871391587,-1.0999999999999999),(11.029289321881343,2.270710678118655,-1.1732050807568877),(9.729289321881344,0.9707106781186546,-1.1732050807568877),(11.099999999999998,2.2,-1.2),(9.8,0.8999999999999999,-1.2),(11.170710678118652,2.1292893218813456,-1.1732050807568877),(9.870710678118655,0.8292893218813452,-1.1732050807568877),(11.222474487139158,2.0775255128608414,-1.1),(9.922474487139159,0.777525512860841,-1.1),(11.241421356237309,2.058578643762691,-1.),(9.94142135623731,0.7585786437626905,-1.),(11.222474487139158,2.0775255128608414,-0.9000000000000001),(9.922474487139159,0.7775255128608409,-0.9000000000000001),(11.170710678118654,2.1292893218813456,-0.8267949192431123),(9.870710678118655,0.8292893218813451,-0.8267949192431123),(0.9,5.799999999999999,-1.),(0.9,5.799999999999999,-1.2),(2.2000000000000006,7.1,-1.2),(2.2000000000000006,7.1,-1.),(0.8292893218813453,5.870710678118654,-1.1732050807568877),(2.1292893218813456,7.170710678118654,-1.1732050807568877),(0.7775255128608412,5.922474487139159,-1.1),(2.0775255128608414,7.222474487139158,-1.1),(0.7585786437626906,5.941421356237309,-1.),(2.058578643762691,7.241421356237309,-1.),(0.7775255128608412,5.922474487139159,-0.9),(2.0775255128608414,7.222474487139158,-0.9),(0.8292893218813453,5.870710678118654,-0.8267949192431123),(2.1292893218813456,7.170710678118654,-0.8267949192431123),(0.9,5.799999999999999,-0.8),(2.2,7.1,-0.8),(0.9707106781186547,5.729289321881344,-0.8267949192431122),(2.2707106781186552,7.029289321881344,-0.8267949192431122),(1.022474487139159,5.67752551286084,-0.8999999999999999),(2.3224744871391594,6.97752551286084,-0.8999999999999999),(1.0414213562373096,5.65857864376269,-1.),(2.34142135623731,6.9585786437626895,-1.),(1.0224744871391591,5.67752551286084,-1.0999999999999999),(2.3224744871391594,6.97752551286084,-1.0999999999999999),(0.9707106781186549,5.729289321881344,-1.1732050807568877),(2.2707106781186552,7.029289321881344,-1.1732050807568877),(11.099999999999998,5.799999999999999,-1.),(11.099999999999998,5.799999999999999,-0.8),(9.8,7.1,-0.8),(9.8,7.1,-1.),(11.170710678118654,5.870710678118654,-0.8267949192431122),(9.870710678118655,7.170710678118654,-0.8267949192431122),(11.222474487139158,5.922474487139159,-0.8999999999999999),(9.922474487139159,7.222474487139158,-0.8999999999999999),(11.241421356237309,5.941421356237309,-1.),(9.94142135623731,7.241421356237309,-1.),(11.222474487139158,5.922474487139159,-1.0999999999999999),(9.922474487139159,7.222474487139158,-1.0999999999999999),(11.170710678118654,5.870710678118654,-1.1732050807568877),(9.870710678118655,7.170710678118654,-1.1732050807568877),(11.099999999999998,5.799999999999999,-1.2),(9.8,7.1,-1.2),(11.029289321881343,5.729289321881344,-1.1732050807568877),(9.729289321881344,7.029289321881344,-1.1732050807568877),(10.97752551286084,5.677525512860841,-1.1),(9.677525512860841,6.97752551286084,-1.1),(10.958578643762689,5.65857864376269,-1.),(9.65857864376269,6.9585786437626895,-1.),(10.97752551286084,5.67752551286084,-0.9000000000000001),(9.677525512860841,6.97752551286084,-0.9000000000000001),(11.029289321881343,5.729289321881344,-0.8267949192431123),(9.729289321881344,7.029289321881344,-0.8267949192431123)));
#3457=IFCINDEXEDPOLYGONALFACE((2,1,5));
#3458=IFCINDEXEDPOLYGONALFACE((2,5,3));
#3459=IFCINDEXEDPOLYGONALFACE((3,5,6));
#3460=IFCINDEXEDPOLYGONALFACE((3,6,4));
#3461=IFCINDEXEDPOLYGONALFACE((5,1,7));
#3462=IFCINDEXEDPOLYGONALFACE((5,7,6));
#3463=IFCINDEXEDPOLYGONALFACE((6,7,8));
#3464=IFCINDEXEDPOLYGONALFACE((6,8,4));
#3465=IFCINDEXEDPOLYGONALFACE((7,1,9));
#3466=IFCINDEXEDPOLYGONALFACE((7,9,8));
#3467=IFCINDEXEDPOLYGONALFACE((8,9,10));
#3468=IFCINDEXEDPOLYGONALFACE((8,10,4));
#3469=IFCINDEXEDPOLYGONALFACE((9,1,11));
#3470=IFCINDEXEDPOLYGONALFACE((9,11,10));
#3471=IFCINDEXEDPOLYGONALFACE((10,11,12));
#3472=IFCINDEXEDPOLYGONALFACE((10,12,4));
#3473=IFCINDEXEDPOLYGONALFACE((11,1,13));
#3474=IFCINDEXEDPOLYGONALFACE((11,13,12));
#3475=IFCINDEXEDPOLYGONALFACE((12,13,14));
#3476=IFCINDEXEDPOLYGONALFACE((12,14,4));
#3477=IFCINDEXEDPOLYGONALFACE((13,1,15));
#3478=IFCINDEXEDPOLYGONALFACE((13,15,14));
#3479=IFCINDEXEDPOLYGONALFACE((14,15,16));
#3480=IFCINDEXEDPOLYGONALFACE((14,16,4));
#3481=IFCINDEXEDPOLYGONALFACE((15,1,17));
#3482=IFCINDEXEDPOLYGONALFACE((15,17,16));
#3483=IFCINDEXEDPOLYGONALFACE((16,17,18));
#3484=IFCINDEXEDPOLYGONALFACE((16,18,4));
#3485=IFCINDEXEDPOLYGONALFACE((17,1,19));
#3486=IFCINDEXEDPOLYGONALFACE((17,19,18));
#3487=IFCINDEXEDPOLYGONALFACE((18,19,20));
#3488=IFCINDEXEDPOLYGONALFACE((18,20,4));
#3489=IFCINDEXEDPOLYGONALFACE((19,1,21));
#3490=IFCINDEXEDPOLYGONALFACE((19,21,20));
#3491=IFCINDEXEDPOLYGONALFACE((20,21,22));
#3492=IFCINDEXEDPOLYGONALFACE((20,22,4));
#3493=IFCINDEXEDPOLYGONALFACE((21,1,23));
#3494=IFCINDEXEDPOLYGONALFACE((21,23,22));
#3495=IFCINDEXEDPOLYGONALFACE((22,23,24));
#3496=IFCINDEXEDPOLYGONALFACE((22,24,4));
#3497=IFCINDEXEDPOLYGONALFACE((23,1,25));
#3498=IFCINDEXEDPOLYGONALFACE((23,25,24));
#3499=IFCINDEXEDPOLYGONALFACE((24,25,26));
#3500=IFCINDEXEDPOLYGONALFACE((24,26,4));
#3501=IFCINDEXEDPOLYGONALFACE((25,1,27));
#3502=IFCINDEXEDPOLYGONALFACE((25,27,26));
#3503=IFCINDEXEDPOLYGONALFACE((26,27,28));
#3504=IFCINDEXEDPOLYGONALFACE((26,28,4));
#3505=IFCINDEXEDPOLYGONALFACE((27,1,29));
#3506=IFCINDEXEDPOLYGONALFACE((27,29,28));
#3507=IFCINDEXEDPOLYGONALFACE((28,29,30));
#3508=IFCINDEXEDPOLYGONALFACE((28,30,4));
#3509=IFCINDEXEDPOLYGONALFACE((29,1,31));
#3510=IFCINDEXEDPOLYGONALFACE((29,31,30));
#3511=IFCINDEXEDPOLYGONALFACE((30,31,32));
#3512=IFCINDEXEDPOLYGONALFACE((30,32,4));
#3513=IFCINDEXEDPOLYGONALFACE((31,1,33));
#3514=IFCINDEXEDPOLYGONALFACE((31,33,32));
#3515=IFCINDEXEDPOLYGONALFACE((32,33,34));
#3516=IFCINDEXEDPOLYGONALFACE((32,34,4));
#3517=IFCINDEXEDPOLYGONALFACE((33,1,2));
#3518=IFCINDEXEDPOLYGONALFACE((33,2,34));
#3519=IFCINDEXEDPOLYGONALFACE((34,2,3));
#3520=IFCINDEXEDPOLYGONALFACE((34,3,4));
#3521=IFCINDEXEDPOLYGONALFACE((36,35,39));
#3522=IFCINDEXEDPOLYGONALFACE((36,39,37));
#3523=IFCINDEXEDPOLYGONALFACE((37,39,40));
#3524=IFCINDEXEDPOLYGONALFACE((37,40,38));
#3525=IFCINDEXEDPOLYGONALFACE((39,35,41));
#3526=IFCINDEXEDPOLYGONALFACE((39,41,40));
#3527=IFCINDEXEDPOLYGONALFACE((40,41,42));
#3528=IFCINDEXEDPOLYGONALFACE((40,42,38));
#3529=IFCINDEXEDPOLYGONALFACE((41,35,43));
#3530=IFCINDEXEDPOLYGONALFACE((41,43,42));
#3531=IFCINDEXEDPOLYGONALFACE((42,43,44));
#3532=IFCINDEXEDPOLYGONALFACE((42,44,38));
#3533=IFCINDEXEDPOLYGONALFACE((43,35,45));
#3534=IFCINDEXEDPOLYGONALFACE((43,45,44));
#3535=IFCINDEXEDPOLYGONALFACE((44,45,46));
#3536=IFCINDEXEDPOLYGONALFACE((44,46,38));
#3537=IFCINDEXEDPOLYGONALFACE((45,35,47));
#3538=IFCINDEXEDPOLYGONALFACE((45,47,46));
#3539=IFCINDEXEDPOLYGONALFACE((46,47,48));
#3540=IFCINDEXEDPOLYGONALFACE((46,48,38));
#3541=IFCINDEXEDPOLYGONALFACE((47,35,49));
#3542=IFCINDEXEDPOLYGONALFACE((47,49,48));
#3543=IFCINDEXEDPOLYGONALFACE((48,49,50));
#3544=IFCINDEXEDPOLYGONALFACE((48,50,38));
#3545=IFCINDEXEDPOLYGONALFACE((49,35,51));
#3546=IFCINDEXEDPOLYGONALFACE((49,51,50));
#3547=IFCINDEXEDPOLYGONALFACE((50,51,52));
#3548=IFCINDEXEDPOLYGONALFACE((50,52,38));
#3549=IFCINDEXEDPOLYGONALFACE((51,35,53));
#3550=IFCINDEXEDPOLYGONALFACE((51,53,52));
#3551=IFCINDEXEDPOLYGONALFACE((52,53,54));
#3552=IFCINDEXEDPOLYGONALFACE((52,54,38));
#3553=IFCINDEXEDPOLYGONALFACE((53,35,55));
#3554=IFCINDEXEDPOLYGONALFACE((53,55,54));
#3555=IFCINDEXEDPOLYGONALFACE((54,55,56));
#3556=IFCINDEXEDPOLYGONALFACE((54,56,38));
#3557=IFCINDEXEDPOLYGONALFACE((55,35,57));
#3558=IFCINDEXEDPOLYGONALFACE((55,57,56));
#3559=IFCINDEXEDPOLYGONALFACE((56,57,58));
#3560=IFCINDEXEDPOLYGONALFACE((56,58,38));
#3561=IFCINDEXEDPOLYGONALFACE((57,35,59));
#3562=IFCINDEXEDPOLYGONALFACE((57,59,58));
#3563=IFCINDEXEDPOLYGONALFACE((58,59,60));
#3564=IFCINDEXEDPOLYGONALFACE((58,60,38));
#3565=IFCINDEXEDPOLYGONALFACE((59,35,61));
#3566=IFCINDEXEDPOLYGONALFACE((59,61,60));
#3567=IFCINDEXEDPOLYGONALFACE((60,61,62));
#3568=IFCINDEXEDPOLYGONALFACE((60,62,38));
#3569=IFCINDEXEDPOLYGONALFACE((61,35,63));
#3570=IFCINDEXEDPOLYGONALFACE((61,63,62));
#3571=IFCINDEXEDPOLYGONALFACE((62,63,64));
#3572=IFCINDEXEDPOLYGONALFACE((62,64,38));
#3573=IFCINDEXEDPOLYGONALFACE((63,35,65));
#3574=IFCINDEXEDPOLYGONALFACE((63,65,64));
#3575=IFCINDEXEDPOLYGONALFACE((64,65,66));
#3576=IFCINDEXEDPOLYGONALFACE((64,66,38));
#3577=IFCINDEXEDPOLYGONALFACE((65,35,67));
#3578=IFCINDEXEDPOLYGONALFACE((65,67,66));
#3579=IFCINDEXEDPOLYGONALFACE((66,67,68));
#3580=IFCINDEXEDPOLYGONALFACE((66,68,38));
#3581=IFCINDEXEDPOLYGONALFACE((67,35,36));
#3582=IFCINDEXEDPOLYGONALFACE((67,36,68));
#3583=IFCINDEXEDPOLYGONALFACE((68,36,37));
#3584=IFCINDEXEDPOLYGONALFACE((68,37,38));
#3585=IFCINDEXEDPOLYGONALFACE((70,69,73));
#3586=IFCINDEXEDPOLYGONALFACE((70,73,71));
#3587=IFCINDEXEDPOLYGONALFACE((71,73,74));
#3588=IFCINDEXEDPOLYGONALFACE((71,74,72));
#3589=IFCINDEXEDPOLYGONALFACE((73,69,75));
#3590=IFCINDEXEDPOLYGONALFACE((73,75,74));
#3591=IFCINDEXEDPOLYGONALFACE((74,75,76));
#3592=IFCINDEXEDPOLYGONALFACE((74,76,72));
#3593=IFCINDEXEDPOLYGONALFACE((75,69,77));
#3594=IFCINDEXEDPOLYGONALFACE((75,77,76));
#3595=IFCINDEXEDPOLYGONALFACE((76,77,78));
#3596=IFCINDEXEDPOLYGONALFACE((76,78,72));
#3597=IFCINDEXEDPOLYGONALFACE((77,69,79));
#3598=IFCINDEXEDPOLYGONALFACE((77,79,78));
#3599=IFCINDEXEDPOLYGONALFACE((78,79,80));
#3600=IFCINDEXEDPOLYGONALFACE((78,80,72));
#3601=IFCINDEXEDPOLYGONALFACE((79,69,81));
#3602=IFCINDEXEDPOLYGONALFACE((79,81,80));
#3603=IFCINDEXEDPOLYGONALFACE((80,81,82));
#3604=IFCINDEXEDPOLYGONALFACE((80,82,72));
#3605=IFCINDEXEDPOLYGONALFACE((81,69,83));
#3606=IFCINDEXEDPOLYGONALFACE((81,83,82));
#3607=IFCINDEXEDPOLYGONALFACE((82,83,84));
#3608=IFCINDEXEDPOLYGONALFACE((82,84,72));
#3609=IFCINDEXEDPOLYGONALFACE((83,69,85));
#3610=IFCINDEXEDPOLYGONALFACE((83,85,84));
#3611=IFCINDEXEDPOLYGONALFACE((84,85,86));
#3612=IFCINDEXEDPOLYGONALFACE((84,86,72));
#3613=IFCINDEXEDPOLYGONALFACE((85,69,87));
#3614=IFCINDEXEDPOLYGONALFACE((85,87,86));
#3615=IFCINDEXEDPOLYGONALFACE((86,87,88));
#3616=IFCINDEXEDPOLYGONALFACE((86,88,72));
#3617=IFCINDEXEDPOLYGONALFACE((87,69,89));
#3618=IFCINDEXEDPOLYGONALFACE((87,89,88));
#3619=IFCINDEXEDPOLYGONALFACE((88,89,90));
#3620=IFCINDEXEDPOLYGONALFACE((88,90,72));
#3621=IFCINDEXEDPOLYGONALFACE((89,69,91));
#3622=IFCINDEXEDPOLYGONALFACE((89,91,90));
#3623=IFCINDEXEDPOLYGONALFACE((90,91,92));
#3624=IFCINDEXEDPOLYGONALFACE((90,92,72));
#3625=IFCINDEXEDPOLYGONALFACE((91,69,93));
#3626=IFCINDEXEDPOLYGONALFACE((91,93,92));
#3627=IFCINDEXEDPOLYGONALFACE((92,93,94));
#3628=IFCINDEXEDPOLYGONALFACE((92,94,72));
#3629=IFCINDEXEDPOLYGONALFACE((93,69,70));
#3630=IFCINDEXEDPOLYGONALFACE((93,70,94));
#3631=IFCINDEXEDPOLYGONALFACE((94,70,71));
#3632=IFCINDEXEDPOLYGONALFACE((94,71,72));
#3633=IFCINDEXEDPOLYGONALFACE((96,95,99));
#3634=IFCINDEXEDPOLYGONALFACE((96,99,97));
#3635=IFCINDEXEDPOLYGONALFACE((97,99,100));
#3636=IFCINDEXEDPOLYGONALFACE((97,100,98));
#3637=IFCINDEXEDPOLYGONALFACE((99,95,101));
#3638=IFCINDEXEDPOLYGONALFACE((99,101,100));
#3639=IFCINDEXEDPOLYGONALFACE((100,101,102));
#3640=IFCINDEXEDPOLYGONALFACE((100,102,98));
#3641=IFCINDEXEDPOLYGONALFACE((101,95,103));
#3642=IFCINDEXEDPOLYGONALFACE((101,103,102));
#3643=IFCINDEXEDPOLYGONALFACE((102,103,104));
#3644=IFCINDEXEDPOLYGONALFACE((102,104,98));
#3645=IFCINDEXEDPOLYGONALFACE((103,95,105));
#3646=IFCINDEXEDPOLYGONALFACE((103,105,104));
#3647=IFCINDEXEDPOLYGONALFACE((104,105,106));
#3648=IFCINDEXEDPOLYGONALFACE((104,106,98));
#3649=IFCINDEXEDPOLYGONALFACE((105,95,107));
#3650=IFCINDEXEDPOLYGONALFACE((105,107,106));
#3651=IFCINDEXEDPOLYGONALFACE((106,107,108));
#3652=IFCINDEXEDPOLYGONALFACE((106,108,98));
#3653=IFCINDEXEDPOLYGONALFACE((107,95,109));
#3654=IFCINDEXEDPOLYGONALFACE((107,109,108));
#3655=IFCINDEXEDPOLYGONALFACE((108,109,110));
#3656=IFCINDEXEDPOLYGONALFACE((108,110,98));
#3657=IFCINDEXEDPOLYGONALFACE((109,95,111));
#3658=IFCINDEXEDPOLYGONALFACE((109,111,110));
#3659=IFCINDEXEDPOLYGONALFACE((110,111,112));
#3660=IFCINDEXEDPOLYGONALFACE((110,112,98));
#3661=IFCINDEXEDPOLYGONALFACE((111,95,113));
#3662=IFCINDEXEDPOLYGONALFACE((111,113,112));
#3663=IFCINDEXEDPOLYGONALFACE((112,113,114));
#3664=IFCINDEXEDPOLYGONALFACE((112,114,98));
#3665=IFCINDEXEDPOLYGONALFACE((113,95,115));
#3666=IFCINDEXEDPOLYGONALFACE((113,115,114));
#3667=IFCINDEXEDPOLYGONALFACE((114,115,116));
#3668=IFCINDEXEDPOLYGONALFACE((114,116,98));
#3669=IFCINDEXEDPOLYGONALFACE((115,95,117));
#3670=IFCINDEXEDPOLYGONALFACE((115,117,116));
#3671=IFCINDEXEDPOLYGONALFACE((116,117,118));
#3672=IFCINDEXEDPOLYGONALFACE((116,118,98));
#3673=IFCINDEXEDPOLYGONALFACE((117,95,119));
#3674=IFCINDEXEDPOLYGONALFACE((117,119,118));
#3675=IFCINDEXEDPOLYGONALFACE((118,119,120));
#3676=IFCINDEXEDPOLYGONALFACE((118,120,98));
#3677=IFCINDEXEDPOLYGONALFACE((119,95,96));
#3678=IFCINDEXEDPOLYGONALFACE((119,96,120));
#3679=IFCINDEXEDPOLYGONALFACE((120,96,97));
#3680=IFCINDEXEDPOLYGONALFACE((120,97,98));
#3681=IFCINDEXEDPOLYGONALFACE((122,121,125));
#3682=IFCINDEXEDPOLYGONALFACE((122,125,123));
#3683=IFCINDEXEDPOLYGONALFACE((123,125,126));
#3684=IFCINDEXEDPOLYGONALFACE((123,126,124));
#3685=IFCINDEXEDPOLYGONALFACE((125,121,127));
#3686=IFCINDEXEDPOLYGONALFACE((125,127,126));
#3687=IFCINDEXEDPOLYGONALFACE((126,127,128));
#3688=IFCINDEXEDPOLYGONALFACE((126,128,124));
#3689=IFCINDEXEDPOLYGONALFACE((127,121,129));
#3690=IFCINDEXEDPOLYGONALFACE((127,129,128));
#3691=IFCINDEXEDPOLYGONALFACE((128,129,130));
#3692=IFCINDEXEDPOLYGONALFACE((128,130,124));
#3693=IFCINDEXEDPOLYGONALFACE((129,121,131));
#3694=IFCINDEXEDPOLYGONALFACE((129,131,130));
#3695=IFCINDEXEDPOLYGONALFACE((130,131,132));
#3696=IFCINDEXEDPOLYGONALFACE((130,132,124));
#3697=IFCINDEXEDPOLYGONALFACE((131,121,133));
#3698=IFCINDEXEDPOLYGONALFACE((131,133,132));
#3699=IFCINDEXEDPOLYGONALFACE((132,133,134));
#3700=IFCINDEXEDPOLYGONALFACE((132,134,124));
#3701=IFCINDEXEDPOLYGONALFACE((133,121,135));
#3702=IFCINDEXEDPOLYGONALFACE((133,135,134));
#3703=IFCINDEXEDPOLYGONALFACE((134,135,136));
#3704=IFCINDEXEDPOLYGONALFACE((134,136,124));
#3705=IFCINDEXEDPOLYGONALFACE((135,121,137));
#3706=IFCINDEXEDPOLYGONALFACE((135,137,136));
#3707=IFCINDEXEDPOLYGONALFACE((136,137,138));
#3708=IFCINDEXEDPOLYGONALFACE((136,138,124));
#3709=IFCINDEXEDPOLYGONALFACE((137,121,139));
#3710=IFCINDEXEDPOLYGONALFACE((137,139,138));
#3711=IFCINDEXEDPOLYGONALFACE((138,139,140));
#3712=IFCINDEXEDPOLYGONALFACE((138,140,124));
#3713=IFCINDEXEDPOLYGONALFACE((139,121,141));
#3714=IFCINDEXEDPOLYGONALFACE((139,141,140));
#3715=IFCINDEXEDPOLYGONALFACE((140,141,142));
#3716=IFCINDEXEDPOLYGONALFACE((140,142,124));
#3717=IFCINDEXEDPOLYGONALFACE((141,121,143));
#3718=IFCINDEXEDPOLYGONALFACE((141,143,142));
#3719=IFCINDEXEDPOLYGONALFACE((142,143,144));
#3720=IFCINDEXEDPOLYGONALFACE((142,144,124));
#3721=IFCINDEXEDPOLYGONALFACE((143,121,145));
#3722=IFCINDEXEDPOLYGONALFACE((143,145,144));
#3723=IFCINDEXEDPOLYGONALFACE((144,145,146));
#3724=IFCINDEXEDPOLYGONALFACE((144,146,124));
#3725=IFCINDEXEDPOLYGONALFACE((145,121,122));
#3726=IFCINDEXEDPOLYGONALFACE((145,122,146));
#3727=IFCINDEXEDPOLYGONALFACE((146,122,123));
#3728=IFCINDEXEDPOLYGONALFACE((146,123,124));
#3729=IFCINDEXEDPOLYGONALFACE((148,147,151));
#3730=IFCINDEXEDPOLYGONALFACE((148,151,149));
#3731=IFCINDEXEDPOLYGONALFACE((149,151,152));
#3732=IFCINDEXEDPOLYGONALFACE((149,152,150));
#3733=IFCINDEXEDPOLYGONALFACE((151,147,153));
#3734=IFCINDEXEDPOLYGONALFACE((151,153,152));
#3735=IFCINDEXEDPOLYGONALFACE((152,153,154));
#3736=IFCINDEXEDPOLYGONALFACE((152,154,150));
#3737=IFCINDEXEDPOLYGONALFACE((153,147,155));
#3738=IFCINDEXEDPOLYGONALFACE((153,155,154));
#3739=IFCINDEXEDPOLYGONALFACE((154,155,156));
#3740=IFCINDEXEDPOLYGONALFACE((154,156,150));
#3741=IFCINDEXEDPOLYGONALFACE((155,147,157));
#3742=IFCINDEXEDPOLYGONALFACE((155,157,156));
#3743=IFCINDEXEDPOLYGONALFACE((156,157,158));
#3744=IFCINDEXEDPOLYGONALFACE((156,158,150));
#3745=IFCINDEXEDPOLYGONALFACE((157,147,159));
#3746=IFCINDEXEDPOLYGONALFACE((157,159,158));
#3747=IFCINDEXEDPOLYGONALFACE((158,159,160));
#3748=IFCINDEXEDPOLYGONALFACE((158,160,150));
#3749=IFCINDEXEDPOLYGONALFACE((159,147,161));
#3750=IFCINDEXEDPOLYGONALFACE((159,161,160));
#3751=IFCINDEXEDPOLYGONALFACE((160,161,162));
#3752=IFCINDEXEDPOLYGONALFACE((160,162,150));
#3753=IFCINDEXEDPOLYGONALFACE((161,147,163));
#3754=IFCINDEXEDPOLYGONALFACE((161,163,162));
#3755=IFCINDEXEDPOLYGONALFACE((162,163,164));
#3756=IFCINDEXEDPOLYGONALFACE((162,164,150));
#3757=IFCINDEXEDPOLYGONALFACE((163,147,165));
#3758=IFCINDEXEDPOLYGONALFACE((163,165,164));
#3759=IFCINDEXEDPOLYGONALFACE((164,165,166));
#3760=IFCINDEXEDPOLYGONALFACE((164,166,150));
#3761=IFCINDEXEDPOLYGONALFACE((165,147,167));
#3762=IFCINDEXEDPOLYGONALFACE((165,167,166));
#3763=IFCINDEXEDPOLYGONALFACE((166,167,168));
#3764=IFCINDEXEDPOLYGONALFACE((166,168,150));
#3765=IFCINDEXEDPOLYGONALFACE((167,147,169));
#3766=IFCINDEXEDPOLYGONALFACE((167,169,168));
#3767=IFCINDEXEDPOLYGONALFACE((168,169,170));
#3768=IFCINDEXEDPOLYGONALFACE((168,170,150));
#3769=IFCINDEXEDPOLYGONALFACE((169,147,171));
#3770=IFCINDEXEDPOLYGONALFACE((169,171,170));
#3771=IFCINDEXEDPOLYGONALFACE((170,171,172));
#3772=IFCINDEXEDPOLYGONALFACE((170,172,150));
#3773=IFCINDEXEDPOLYGONALFACE((171,147,148));
#3774=IFCINDEXEDPOLYGONALFACE((171,148,172));
#3775=IFCINDEXEDPOLYGONALFACE((172,148,149));
#3776=IFCINDEXEDPOLYGONALFACE((172,149,150));
#3777=IFCPOLYGONALFACESET(#3456,$,(#3457,#3458,#3459,#3460,#3461,#3462,#3463,#3464,#3465,#3466,#3467,#3468,#3469,#3470,#3471,#3472,#3473,#3474,#3475,#3476,#3477,#3478,#3479,#3480,#3481,#3482,#3483,#3484,#3485,#3486,#3487,#3488,#3489,#3490,#3491,#3492,#3493,#3494,#3495,#3496,#3497,#3498,#3499,#3500,#3501,#3502,#3503,#3504,#3505,#3506,#3507,#3508,#3509,#3510,#3511,#3512,#3513,#3514,#3515,#3516,#3517,#3518,#3519,#3520,#3521,#3522,#3523,#3524,#3525,#3526,#3527,#3528,#3529,#3530,#3531,#3532,#3533,#3534,#3535,#3536,#3537,#3538,#3539,#3540,#3541,#3542,#3543,#3544,#3545,#3546,#3547,#3548,#3549,#3550,#3551,#3552,#3553,#3554,#3555,#3556,#3557,#3558,#3559,#3560,#3561,#3562,#3563,#3564,#3565,#3566,#3567,#3568,#3569,#3570,#3571,#3572,#3573,#3574,#3575,#3576,#3577,#3578,#3579,#3580,#3581,#3582,#3583,#3584,#3585,#3586,#3587,#3588,#3589,#3590,#3591,#3592,#3593,#3594,#3595,#3596,#3597,#3598,#3599,#3600,#3601,#3602,#3603,#3604,#3605,#3606,#3607,#3608,#3609,#3610,#3611,#3612,#3613,#3614,#3615,#3616,#3617,#3618,#3619,#3620,#3621,#3622,#3623,#3624,#3625,#3626,#3627,#3628,#3629,#3630,#3631,#3632,#3633,#3634,#3635,#3636,#3637,#3638,#3639,#3640,#3641,#3642,#3643,#3644,#3645,#3646,#3647,#3648,#3649,#3650,#3651,#3652,#3653,#3654,#3655,#3656,#3657,#3658,#3659,#3660,#3661,#3662,#3663,#3664,#3665,#3666,#3667,#3668,#3669,#3670,#3671,#3672,#3673,#3674,#3675,#3676,#3677,#3678,#3679,#3680,#3681,#3682,#3683,#3684,#3685,#3686,#3687,#3688,#3689,#3690,#3691,#3692,#3693,#3694,#3695,#3696,#3697,#3698,#3699,#3700,#3701,#3702,#3703,#3704,#3705,#3706,#3707,#3708,#3709,#3710,#3711,#3712,#3713,#3714,#3715,#3716,#3717,#3718,#3719,#3720,#3721,#3722,#3723,#3724,#3725,#3726,#3727,#3728,#3729,#3730,#3731,#3732,#3733,#3734,#3735,#3736,#3737,#3738,#3739,#3740,#3741,#3742,#3743,#3744,#3745,#3746,#3747,#3748,#3749,#3750,#3751,#3752,#3753,#3754,#3755,#3756,#3757,#3758,#3759,#3760,#3761,#3762,#3763,#3764,#3765,#3766,#3767,#3768,#3769,#3770,#3771,#3772,#3773,#3774,#3775,#3776),$);
#3778=IFCSHAPEREPRESENTATION(#16,'Body','Tessellation',(#3777));
#3779=IFCPRODUCTDEFINITIONSHAPE($,$,(#3778));
#3780=IFCCARTESIANPOINT((0.,0.,0.));
#3781=IFCDIRECTION((0.,0.,1.));
#3782=IFCDIRECTION((1.,0.,0.));
#3783=IFCAXIS2PLACEMENT3D(#3780,#3781,#3782);
#3784=IFCLOCALPLACEMENT($,#3783);
#3785=IFCOWNERHISTORY(#5,#6,.READWRITE.,.ADDED.,1788887541,#5,#6,1788887541);
#3786=IFCPROPERTYSET('2mKBod1YD6kxyJi0nI0GCI',#3785,'Pset_TrimeshGeneration',$,(#3789,#3790,#3791,#3792,#3793));
#3787=IFCOWNERHISTORY(#5,#6,.READWRITE.,.ADDED.,1788887541,#5,#6,1788887541);
#3788=IFCRELDEFINESBYPROPERTIES('0YtOIbJvvCZ9EhXbDO1M9h',#3787,$,$,(#3455),#3786);
#3789=IFCPROPERTYSINGLEVALUE('GenerationMethod',$,IFCLABEL('TRIMESH_CODE'),$);
#3790=IFCPROPERTYSINGLEVALUE('VertexCount',$,IFCINTEGER(172),$);
#3791=IFCPROPERTYSINGLEVALUE('FaceCount',$,IFCINTEGER(320),$);
#3792=IFCPROPERTYSINGLEVALUE('IsWatertight',$,IFCBOOLEAN(.T.),$);
#3793=IFCPROPERTYSINGLEVALUE('Volume',$,IFCREAL(3.2551065435843696),$);
#3794=IFCOWNERHISTORY(#5,#6,.READWRITE.,.MODIFIED.,1788887569,#5,#6,1788887569);
#3795=IFCSLAB('3H7WndSw5F1et0ypHUr_Qx',#3794,'Tremie_Seal_Slab',$,$,#3816,#3811,$,$);
#3796=IFCCARTESIANPOINTLIST3D(((0.,0.,-5.5),(0.,0.,-4.),(0.,8.,-5.5),(0.,8.,-4.),(12.,0.,-5.5),(12.,0.,-4.),(12.,8.,-5.5),(12.,8.,-4.)));
#3797=IFCINDEXEDPOLYGONALFACE((2,4,1));
#3798=IFCINDEXEDPOLYGONALFACE((5,2,1));
#3799=IFCINDEXEDPOLYGONALFACE((1,4,3));
#3800=IFCINDEXEDPOLYGONALFACE((3,5,1));
#3801=IFCINDEXEDPOLYGONALFACE((2,8,4));
#3802=IFCINDEXEDPOLYGONALFACE((6,2,5));
#3803=IFCINDEXEDPOLYGONALFACE((6,8,2));
#3804=IFCINDEXEDPOLYGONALFACE((4,8,3));
#3805=IFCINDEXEDPOLYGONALFACE((7,5,3));
#3806=IFCINDEXEDPOLYGONALFACE((3,8,7));
#3807=IFCINDEXEDPOLYGONALFACE((7,6,5));
#3808=IFCINDEXEDPOLYGONALFACE((8,6,7));
#3809=IFCPOLYGONALFACESET(#3796,$,(#3797,#3798,#3799,#3800,#3801,#3802,#3803,#3804,#3805,#3806,#3807,#3808),$);
#3810=IFCSHAPEREPRESENTATION(#16,'Body','Tessellation',(#3809));
#3811=IFCPRODUCTDEFINITIONSHAPE($,$,(#3810));
#3812=IFCCARTESIANPOINT((0.,0.,0.));
#3813=IFCDIRECTION((0.,0.,1.));
#3814=IFCDIRECTION((1.,0.,0.));
#3815=IFCAXIS2PLACEMENT3D(#3812,#3813,#3814);
#3816=IFCLOCALPLACEMENT($,#3815);
#3817=IFCOWNERHISTORY(#5,#6,.READWRITE.,.ADDED.,1788887569,#5,#6,1788887569);
#3818=IFCPROPERTYSET('0gToxUiXjFAhKp0NBEO3Mr',#3817,'Pset_TrimeshGeneration',$,(#3821,#3822,#3823,#3824,#3825));
#3819=IFCOWNERHISTORY(#5,#6,.READWRITE.,.ADDED.,1788887569,#5,#6,1788887569);
#3820=IFCRELDEFINESBYPROPERTIES('3rHhPCwXXEER8gACe0Ituo',#3819,$,$,(#3795),#3818);
#3821=IFCPROPERTYSINGLEVALUE('GenerationMethod',$,IFCLABEL('TRIMESH_CODE'),$);
#3822=IFCPROPERTYSINGLEVALUE('VertexCount',$,IFCINTEGER(8),$);
#3823=IFCPROPERTYSINGLEVALUE('FaceCount',$,IFCINTEGER(12),$);
#3824=IFCPROPERTYSINGLEVALUE('IsWatertight',$,IFCBOOLEAN(.T.),$);
#3825=IFCPROPERTYSINGLEVALUE('Volume',$,IFCREAL(144.),$);
#3826=IFCOWNERHISTORY(#5,#6,.READWRITE.,.MODIFIED.,1788887570,#5,#6,1788887570);
#3827=IFCFOOTING('3knRJyfiP88gg47vcl70gz',#3826,'Pier_Pile_Cap',$,$,#3848,#3843,$,$);
#3828=IFCCARTESIANPOINTLIST3D(((1.,1.,-4.),(1.,1.,-2.),(1.,7.,-4.),(1.,7.,-2.),(11.,1.,-4.),(11.,1.,-2.),(11.,7.,-4.),(11.,7.,-2.)));
#3829=IFCINDEXEDPOLYGONALFACE((2,4,1));
#3830=IFCINDEXEDPOLYGONALFACE((5,2,1));
#3831=IFCINDEXEDPOLYGONALFACE((1,4,3));
#3832=IFCINDEXEDPOLYGONALFACE((3,5,1));
#3833=IFCINDEXEDPOLYGONALFACE((2,8,4));
#3834=IFCINDEXEDPOLYGONALFACE((6,2,5));
#3835=IFCINDEXEDPOLYGONALFACE((6,8,2));
#3836=IFCINDEXEDPOLYGONALFACE((4,8,3));
#3837=IFCINDEXEDPOLYGONALFACE((7,5,3));
#3838=IFCINDEXEDPOLYGONALFACE((3,8,7));
#3839=IFCINDEXEDPOLYGONALFACE((7,6,5));
#3840=IFCINDEXEDPOLYGONALFACE((8,6,7));
#3841=IFCPOLYGONALFACESET(#3828,$,(#3829,#3830,#3831,#3832,#3833,#3834,#3835,#3836,#3837,#3838,#3839,#3840),$);
#3842=IFCSHAPEREPRESENTATION(#16,'Body','Tessellation',(#3841));
#3843=IFCPRODUCTDEFINITIONSHAPE($,$,(#3842));
#3844=IFCCARTESIANPOINT((0.,0.,0.));
#3845=IFCDIRECTION((0.,0.,1.));
#3846=IFCDIRECTION((1.,0.,0.));
#3847=IFCAXIS2PLACEMENT3D(#3844,#3845,#3846);
#3848=IFCLOCALPLACEMENT($,#3847);
#3849=IFCOWNERHISTORY(#5,#6,.READWRITE.,.ADDED.,1788887570,#5,#6,1788887570);
#3850=IFCPROPERTYSET('2ay0KAAc9DZ94Nac5fJO8a',#3849,'Pset_TrimeshGeneration',$,(#3853,#3854,#3855,#3856,#3857));
#3851=IFCOWNERHISTORY(#5,#6,.READWRITE.,.ADDED.,1788887570,#5,#6,1788887570);
#3852=IFCRELDEFINESBYPROPERTIES('3tuyNwwg5BORYYzE_4b9Gl',#3851,$,$,(#3827),#3850);
#3853=IFCPROPERTYSINGLEVALUE('GenerationMethod',$,IFCLABEL('TRIMESH_CODE'),$);
#3854=IFCPROPERTYSINGLEVALUE('VertexCount',$,IFCINTEGER(8),$);
#3855=IFCPROPERTYSINGLEVALUE('FaceCount',$,IFCINTEGER(12),$);
#3856=IFCPROPERTYSINGLEVALUE('IsWatertight',$,IFCBOOLEAN(.T.),$);
#3857=IFCPROPERTYSINGLEVALUE('Volume',$,IFCREAL(120.),$);
#3858=IFCOWNERHISTORY(#5,#6,.READWRITE.,.MODIFIED.,1788887570,#5,#6,1788887570);
#3859=IFCCOLUMN('0kRHsCuvz5m9xtitAGxndj',#3858,'Bridge_Pier_Shaft',$,$,#4136,#4131,$,$);
#3860=IFCCARTESIANPOINTLIST3D(((4.5,3.1,-2.),(4.5,3.1,0.6000000000000001),(4.5,4.9,-2.),(4.5,4.9,0.6000000000000001),(7.5,3.1,-2.),(7.5,3.1,0.6000000000000001),(7.5,4.9,-2.),(7.5,4.9,0.6000000000000001),(4.5,4.,-2.),(5.4,4.,-2.),(5.4,4.,0.6000000000000001),(4.5,4.,0.6000000000000001),(5.382706752362908,4.175581289814516,-2.),(5.382706752362908,4.175581289814516,0.6000000000000001),(5.331491579260158,4.344415089128581,-2.),(5.331491579260158,4.344415089128581,0.6000000000000001),(5.248322651072291,4.5000132097176415,-2.),(5.248322651072291,4.5000132097176415,0.6000000000000001),(5.136396103067893,4.636396103067892,-2.),(5.136396103067893,4.636396103067892,0.6000000000000001),(5.000013209717642,4.748322651072291,-2.),(5.000013209717642,4.748322651072291,0.6000000000000001),(4.844415089128581,4.831491579260158,-2.),(4.844415089128581,4.831491579260158,0.6000000000000001),(4.675581289814516,4.882706752362908,-2.),(4.675581289814516,4.882706752362908,0.6000000000000001),(4.5,4.9,-2.),(4.5,4.9,0.6000000000000001),(4.324418710185484,4.882706752362908,-2.),(4.324418710185484,4.882706752362908,0.6000000000000001),(4.155584910871419,4.831491579260158,-2.),(4.155584910871419,4.831491579260158,0.6000000000000001),(3.9999867902823585,4.748322651072291,-2.),(3.9999867902823585,4.748322651072291,0.6000000000000001),(3.863603896932107,4.636396103067893,-2.),(3.863603896932107,4.636396103067893,0.6000000000000001),(3.7516773489277093,4.5000132097176415,-2.),(3.7516773489277093,4.5000132097176415,0.6000000000000001),(3.668508420739842,4.344415089128581,-2.),(3.668508420739842,4.344415089128581,0.6000000000000001),(3.6172932476370927,4.175581289814516,-2.),(3.6172932476370927,4.175581289814516,0.6000000000000001),(3.6,4.,-2.),(3.6,4.,0.6000000000000001),(3.6172932476370927,3.8244187101854843,-2.),(3.6172932476370927,3.8244187101854843,0.6000000000000001),(3.6685084207398417,3.6555849108714193,-2.),(3.6685084207398417,3.6555849108714193,0.6000000000000001),(3.751677348927709,3.4999867902823585,-2.),(3.751677348927709,3.4999867902823585,0.6000000000000001),(3.863603896932107,3.363603896932107,-2.),(3.863603896932107,3.363603896932107,0.6000000000000001),(3.999986790282358,3.2516773489277093,-2.),(3.999986790282358,3.2516773489277093,0.6000000000000001),(4.1555849108714185,3.168508420739842,-2.),(4.1555849108714185,3.168508420739842,0.6000000000000001),(4.324418710185484,3.1172932476370927,-2.),(4.324418710185484,3.1172932476370927,0.6000000000000001),(4.5,3.1,-2.),(4.5,3.1,0.6000000000000001),(4.675581289814516,3.1172932476370927,-2.),(4.675581289814516,3.1172932476370927,0.6000000000000001),(4.844415089128581,3.168508420739842,-2.),(4.844415089128581,3.168508420739842,0.6000000000000001),(5.0000132097176415,3.251677348927709,-2.),(5.0000132097176415,3.251677348927709,0.6000000000000001),(5.136396103067892,3.363603896932107,-2.),(5.136396103067892,3.363603896932107,0.6000000000000001),(5.248322651072291,3.499986790282358,-2.),(5.248322651072291,3.499986790282358,0.6000000000000001),(5.331491579260158,3.6555849108714185,-2.),(5.331491579260158,3.6555849108714185,0.6000000000000001),(5.382706752362907,3.8244187101854843,-2.),(5.382706752362907,3.8244187101854843,0.6000000000000001),(7.5,4.,-2.),(8.4,4.,-2.),(8.4,4.,0.6000000000000001),(7.5,4.,0.6000000000000001),(8.382706752362907,4.175581289814516,-2.),(8.382706752362907,4.175581289814516,0.6000000000000001),(8.331491579260158,4.344415089128581,-2.),(8.331491579260158,4.344415089128581,0.6000000000000001),(8.248322651072291,4.5000132097176415,-2.),(8.248322651072291,4.5000132097176415,0.6000000000000001),(8.136396103067893,4.636396103067892,-2.),(8.136396103067893,4.636396103067892,0.6000000000000001),(8.000013209717642,4.748322651072291,-2.),(8.000013209717642,4.748322651072291,0.6000000000000001),(7.844415089128581,4.831491579260158,-2.),(7.844415089128581,4.831491579260158,0.6000000000000001),(7.675581289814516,4.882706752362908,-2.),(7.675581289814516,4.882706752362908,0.6000000000000001),(7.5,4.9,-2.),(7.5,4.9,0.6000000000000001),(7.324418710185484,4.882706752362908,-2.),(7.324418710185484,4.882706752362908,0.6000000000000001),(7.155584910871419,4.831491579260158,-2.),(7.155584910871419,4.831491579260158,0.6000000000000001),(6.9999867902823585,4.748322651072291,-2.),(6.9999867902823585,4.748322651072291,0.6000000000000001),(6.863603896932108,4.636396103067893,-2.),(6.863603896932108,4.636396103067893,0.6000000000000001),(6.751677348927709,4.5000132097176415,-2.),(6.751677348927709,4.5000132097176415,0.6000000000000001),(6.668508420739842,4.344415089128581,-2.),(6.668508420739842,4.344415089128581,0.6000000000000001),(6.617293247637092,4.175581289814516,-2.),(6.617293247637092,4.175581289814516,0.6000000000000001),(6.6,4.,-2.),(6.6,4.,0.6000000000000001),(6.617293247637092,3.8244187101854843,-2.),(6.617293247637092,3.8244187101854843,0.6000000000000001),(6.668508420739842,3.6555849108714193,-2.),(6.668508420739842,3.6555849108714193,0.6000000000000001),(6.751677348927709,3.4999867902823585,-2.),(6.751677348927709,3.4999867902823585,0.6000000000000001),(6.863603896932107,3.363603896932107,-2.),(6.863603896932107,3.363603896932107,0.6000000000000001),(6.9999867902823585,3.2516773489277093,-2.),(6.9999867902823585,3.2516773489277093,0.6000000000000001),(7.1555849108714185,3.168508420739842,-2.),(7.1555849108714185,3.168508420739842,0.6000000000000001),(7.324418710185484,3.1172932476370927,-2.),(7.324418710185484,3.1172932476370927,0.6000000000000001),(7.5,3.1,-2.),(7.5,3.1,0.6000000000000001),(7.675581289814516,3.1172932476370927,-2.),(7.675581289814516,3.1172932476370927,0.6000000000000001),(7.844415089128581,3.168508420739842,-2.),(7.844415089128581,3.168508420739842,0.6000000000000001),(8.000013209717642,3.251677348927709,-2.),(8.000013209717642,3.251677348927709,0.6000000000000001),(8.136396103067893,3.363603896932107,-2.),(8.136396103067893,3.363603896932107,0.6000000000000001),(8.248322651072291,3.499986790282358,-2.),(8.248322651072291,3.499986790282358,0.6000000000000001),(8.331491579260158,3.6555849108714185,-2.),(8.331491579260158,3.6555849108714185,0.6000000000000001),(8.382706752362907,3.8244187101854843,-2.),(8.382706752362907,3.8244187101854843,0.6000000000000001)));
#3861=IFCINDEXEDPOLYGONALFACE((2,4,1));
#3862=IFCINDEXEDPOLYGONALFACE((5,2,1));
#3863=IFCINDEXEDPOLYGONALFACE((1,4,3));
#3864=IFCINDEXEDPOLYGONALFACE((3,5,1));
#3865=IFCINDEXEDPOLYGONALFACE((2,8,4));
#3866=IFCINDEXEDPOLYGONALFACE((6,2,5));
#3867=IFCINDEXEDPOLYGONALFACE((6,8,2));
#3868=IFCINDEXEDPOLYGONALFACE((4,8,3));
#3869=IFCINDEXEDPOLYGONALFACE((7,5,3));
#3870=IFCINDEXEDPOLYGONALFACE((3,8,7));
#3871=IFCINDEXEDPOLYGONALFACE((7,6,5));
#3872=IFCINDEXEDPOLYGONALFACE((8,6,7));
#3873=IFCINDEXEDPOLYGONALFACE((10,9,13));
#3874=IFCINDEXEDPOLYGONALFACE((10,13,11));
#3875=IFCINDEXEDPOLYGONALFACE((11,13,14));
#3876=IFCINDEXEDPOLYGONALFACE((11,14,12));
#3877=IFCINDEXEDPOLYGONALFACE((13,9,15));
#3878=IFCINDEXEDPOLYGONALFACE((13,15,14));
#3879=IFCINDEXEDPOLYGONALFACE((14,15,16));
#3880=IFCINDEXEDPOLYGONALFACE((14,16,12));
#3881=IFCINDEXEDPOLYGONALFACE((15,9,17));
#3882=IFCINDEXEDPOLYGONALFACE((15,17,16));
#3883=IFCINDEXEDPOLYGONALFACE((16,17,18));
#3884=IFCINDEXEDPOLYGONALFACE((16,18,12));
#3885=IFCINDEXEDPOLYGONALFACE((17,9,19));
#3886=IFCINDEXEDPOLYGONALFACE((17,19,18));
#3887=IFCINDEXEDPOLYGONALFACE((18,19,20));
#3888=IFCINDEXEDPOLYGONALFACE((18,20,12));
#3889=IFCINDEXEDPOLYGONALFACE((19,9,21));
#3890=IFCINDEXEDPOLYGONALFACE((19,21,20));
#3891=IFCINDEXEDPOLYGONALFACE((20,21,22));
#3892=IFCINDEXEDPOLYGONALFACE((20,22,12));
#3893=IFCINDEXEDPOLYGONALFACE((21,9,23));
#3894=IFCINDEXEDPOLYGONALFACE((21,23,22));
#3895=IFCINDEXEDPOLYGONALFACE((22,23,24));
#3896=IFCINDEXEDPOLYGONALFACE((22,24,12));
#3897=IFCINDEXEDPOLYGONALFACE((23,9,25));
#3898=IFCINDEXEDPOLYGONALFACE((23,25,24));
#3899=IFCINDEXEDPOLYGONALFACE((24,25,26));
#3900=IFCINDEXEDPOLYGONALFACE((24,26,12));
#3901=IFCINDEXEDPOLYGONALFACE((25,9,27));
#3902=IFCINDEXEDPOLYGONALFACE((25,27,26));
#3903=IFCINDEXEDPOLYGONALFACE((26,27,28));
#3904=IFCINDEXEDPOLYGONALFACE((26,28,12));
#3905=IFCINDEXEDPOLYGONALFACE((27,9,29));
#3906=IFCINDEXEDPOLYGONALFACE((27,29,28));
#3907=IFCINDEXEDPOLYGONALFACE((28,29,30));
#3908=IFCINDEXEDPOLYGONALFACE((28,30,12));
#3909=IFCINDEXEDPOLYGONALFACE((29,9,31));
#3910=IFCINDEXEDPOLYGONALFACE((29,31,30));
#3911=IFCINDEXEDPOLYGONALFACE((30,31,32));
#3912=IFCINDEXEDPOLYGONALFACE((30,32,12));
#3913=IFCINDEXEDPOLYGONALFACE((31,9,33));
#3914=IFCINDEXEDPOLYGONALFACE((31,33,32));
#3915=IFCINDEXEDPOLYGONALFACE((32,33,34));
#3916=IFCINDEXEDPOLYGONALFACE((32,34,12));
#3917=IFCINDEXEDPOLYGONALFACE((33,9,35));
#3918=IFCINDEXEDPOLYGONALFACE((33,35,34));
#3919=IFCINDEXEDPOLYGONALFACE((34,35,36));
#3920=IFCINDEXEDPOLYGONALFACE((34,36,12));
#3921=IFCINDEXEDPOLYGONALFACE((35,9,37));
#3922=IFCINDEXEDPOLYGONALFACE((35,37,36));
#3923=IFCINDEXEDPOLYGONALFACE((36,37,38));
#3924=IFCINDEXEDPOLYGONALFACE((36,38,12));
#3925=IFCINDEXEDPOLYGONALFACE((37,9,39));
#3926=IFCINDEXEDPOLYGONALFACE((37,39,38));
#3927=IFCINDEXEDPOLYGONALFACE((38,39,40));
#3928=IFCINDEXEDPOLYGONALFACE((38,40,12));
#3929=IFCINDEXEDPOLYGONALFACE((39,9,41));
#3930=IFCINDEXEDPOLYGONALFACE((39,41,40));
#3931=IFCINDEXEDPOLYGONALFACE((40,41,42));
#3932=IFCINDEXEDPOLYGONALFACE((40,42,12));
#3933=IFCINDEXEDPOLYGONALFACE((41,9,43));
#3934=IFCINDEXEDPOLYGONALFACE((41,43,42));
#3935=IFCINDEXEDPOLYGONALFACE((42,43,44));
#3936=IFCINDEXEDPOLYGONALFACE((42,44,12));
#3937=IFCINDEXEDPOLYGONALFACE((43,9,45));
#3938=IFCINDEXEDPOLYGONALFACE((43,45,44));
#3939=IFCINDEXEDPOLYGONALFACE((44,45,46));
#3940=IFCINDEXEDPOLYGONALFACE((44,46,12));
#3941=IFCINDEXEDPOLYGONALFACE((45,9,47));
#3942=IFCINDEXEDPOLYGONALFACE((45,47,46));
#3943=IFCINDEXEDPOLYGONALFACE((46,47,48));
#3944=IFCINDEXEDPOLYGONALFACE((46,48,12));
#3945=IFCINDEXEDPOLYGONALFACE((47,9,49));
#3946=IFCINDEXEDPOLYGONALFACE((47,49,48));
#3947=IFCINDEXEDPOLYGONALFACE((48,49,50));
#3948=IFCINDEXEDPOLYGONALFACE((48,50,12));
#3949=IFCINDEXEDPOLYGONALFACE((49,9,51));
#3950=IFCINDEXEDPOLYGONALFACE((49,51,50));
#3951=IFCINDEXEDPOLYGONALFACE((50,51,52));
#3952=IFCINDEXEDPOLYGONALFACE((50,52,12));
#3953=IFCINDEXEDPOLYGONALFACE((51,9,53));
#3954=IFCINDEXEDPOLYGONALFACE((51,53,52));
#3955=IFCINDEXEDPOLYGONALFACE((52,53,54));
#3956=IFCINDEXEDPOLYGONALFACE((52,54,12));
#3957=IFCINDEXEDPOLYGONALFACE((53,9,55));
#3958=IFCINDEXEDPOLYGONALFACE((53,55,54));
#3959=IFCINDEXEDPOLYGONALFACE((54,55,56));
#3960=IFCINDEXEDPOLYGONALFACE((54,56,12));
#3961=IFCINDEXEDPOLYGONALFACE((55,9,57));
#3962=IFCINDEXEDPOLYGONALFACE((55,57,56));
#3963=IFCINDEXEDPOLYGONALFACE((56,57,58));
#3964=IFCINDEXEDPOLYGONALFACE((56,58,12));
#3965=IFCINDEXEDPOLYGONALFACE((57,9,59));
#3966=IFCINDEXEDPOLYGONALFACE((57,59,58));
#3967=IFCINDEXEDPOLYGONALFACE((58,59,60));
#3968=IFCINDEXEDPOLYGONALFACE((58,60,12));
#3969=IFCINDEXEDPOLYGONALFACE((59,9,61));
#3970=IFCINDEXEDPOLYGONALFACE((59,61,60));
#3971=IFCINDEXEDPOLYGONALFACE((60,61,62));
#3972=IFCINDEXEDPOLYGONALFACE((60,62,12));
#3973=IFCINDEXEDPOLYGONALFACE((61,9,63));
#3974=IFCINDEXEDPOLYGONALFACE((61,63,62));
#3975=IFCINDEXEDPOLYGONALFACE((62,63,64));
#3976=IFCINDEXEDPOLYGONALFACE((62,64,12));
#3977=IFCINDEXEDPOLYGONALFACE((63,9,65));
#3978=IFCINDEXEDPOLYGONALFACE((63,65,64));
#3979=IFCINDEXEDPOLYGONALFACE((64,65,66));
#3980=IFCINDEXEDPOLYGONALFACE((64,66,12));
#3981=IFCINDEXEDPOLYGONALFACE((65,9,67));
#3982=IFCINDEXEDPOLYGONALFACE((65,67,66));
#3983=IFCINDEXEDPOLYGONALFACE((66,67,68));
#3984=IFCINDEXEDPOLYGONALFACE((66,68,12));
#3985=IFCINDEXEDPOLYGONALFACE((67,9,69));
#3986=IFCINDEXEDPOLYGONALFACE((67,69,68));
#3987=IFCINDEXEDPOLYGONALFACE((68,69,70));
#3988=IFCINDEXEDPOLYGONALFACE((68,70,12));
#3989=IFCINDEXEDPOLYGONALFACE((69,9,71));
#3990=IFCINDEXEDPOLYGONALFACE((69,71,70));
#3991=IFCINDEXEDPOLYGONALFACE((70,71,72));
#3992=IFCINDEXEDPOLYGONALFACE((70,72,12));
#3993=IFCINDEXEDPOLYGONALFACE((71,9,73));
#3994=IFCINDEXEDPOLYGONALFACE((71,73,72));
#3995=IFCINDEXEDPOLYGONALFACE((72,73,74));
#3996=IFCINDEXEDPOLYGONALFACE((72,74,12));
#3997=IFCINDEXEDPOLYGONALFACE((73,9,10));
#3998=IFCINDEXEDPOLYGONALFACE((73,10,74));
#3999=IFCINDEXEDPOLYGONALFACE((74,10,11));
#4000=IFCINDEXEDPOLYGONALFACE((74,11,12));
#4001=IFCINDEXEDPOLYGONALFACE((76,75,79));
#4002=IFCINDEXEDPOLYGONALFACE((76,79,77));
#4003=IFCINDEXEDPOLYGONALFACE((77,79,80));
#4004=IFCINDEXEDPOLYGONALFACE((77,80,78));
#4005=IFCINDEXEDPOLYGONALFACE((79,75,81));
#4006=IFCINDEXEDPOLYGONALFACE((79,81,80));
#4007=IFCINDEXEDPOLYGONALFACE((80,81,82));
#4008=IFCINDEXEDPOLYGONALFACE((80,82,78));
#4009=IFCINDEXEDPOLYGONALFACE((81,75,83));
#4010=IFCINDEXEDPOLYGONALFACE((81,83,82));
#4011=IFCINDEXEDPOLYGONALFACE((82,83,84));
#4012=IFCINDEXEDPOLYGONALFACE((82,84,78));
#4013=IFCINDEXEDPOLYGONALFACE((83,75,85));
#4014=IFCINDEXEDPOLYGONALFACE((83,85,84));
#4015=IFCINDEXEDPOLYGONALFACE((84,85,86));
#4016=IFCINDEXEDPOLYGONALFACE((84,86,78));
#4017=IFCINDEXEDPOLYGONALFACE((85,75,87));
#4018=IFCINDEXEDPOLYGONALFACE((85,87,86));
#4019=IFCINDEXEDPOLYGONALFACE((86,87,88));
#4020=IFCINDEXEDPOLYGONALFACE((86,88,78));
#4021=IFCINDEXEDPOLYGONALFACE((87,75,89));
#4022=IFCINDEXEDPOLYGONALFACE((87,89,88));
#4023=IFCINDEXEDPOLYGONALFACE((88,89,90));
#4024=IFCINDEXEDPOLYGONALFACE((88,90,78));
#4025=IFCINDEXEDPOLYGONALFACE((89,75,91));
#4026=IFCINDEXEDPOLYGONALFACE((89,91,90));
#4027=IFCINDEXEDPOLYGONALFACE((90,91,92));
#4028=IFCINDEXEDPOLYGONALFACE((90,92,78));
#4029=IFCINDEXEDPOLYGONALFACE((91,75,93));
#4030=IFCINDEXEDPOLYGONALFACE((91,93,92));
#4031=IFCINDEXEDPOLYGONALFACE((92,93,94));
#4032=IFCINDEXEDPOLYGONALFACE((92,94,78));
#4033=IFCINDEXEDPOLYGONALFACE((93,75,95));
#4034=IFCINDEXEDPOLYGONALFACE((93,95,94));
#4035=IFCINDEXEDPOLYGONALFACE((94,95,96));
#4036=IFCINDEXEDPOLYGONALFACE((94,96,78));
#4037=IFCINDEXEDPOLYGONALFACE((95,75,97));
#4038=IFCINDEXEDPOLYGONALFACE((95,97,96));
#4039=IFCINDEXEDPOLYGONALFACE((96,97,98));
#4040=IFCINDEXEDPOLYGONALFACE((96,98,78));
#4041=IFCINDEXEDPOLYGONALFACE((97,75,99));
#4042=IFCINDEXEDPOLYGONALFACE((97,99,98));
#4043=IFCINDEXEDPOLYGONALFACE((98,99,100));
#4044=IFCINDEXEDPOLYGONALFACE((98,100,78));
#4045=IFCINDEXEDPOLYGONALFACE((99,75,101));
#4046=IFCINDEXEDPOLYGONALFACE((99,101,100));
#4047=IFCINDEXEDPOLYGONALFACE((100,101,102));
#4048=IFCINDEXEDPOLYGONALFACE((100,102,78));
#4049=IFCINDEXEDPOLYGONALFACE((101,75,103));
#4050=IFCINDEXEDPOLYGONALFACE((101,103,102));
#4051=IFCINDEXEDPOLYGONALFACE((102,103,104));
#4052=IFCINDEXEDPOLYGONALFACE((102,104,78));
#4053=IFCINDEXEDPOLYGONALFACE((103,75,105));
#4054=IFCINDEXEDPOLYGONALFACE((103,105,104));
#4055=IFCINDEXEDPOLYGONALFACE((104,105,106));
#4056=IFCINDEXEDPOLYGONALFACE((104,106,78));
#4057=IFCINDEXEDPOLYGONALFACE((105,75,107));
#4058=IFCINDEXEDPOLYGONALFACE((105,107,106));
#4059=IFCINDEXEDPOLYGONALFACE((106,107,108));
#4060=IFCINDEXEDPOLYGONALFACE((106,108,78));
#4061=IFCINDEXEDPOLYGONALFACE((107,75,109));
#4062=IFCINDEXEDPOLYGONALFACE((107,109,108));
#4063=IFCINDEXEDPOLYGONALFACE((108,109,110));
#4064=IFCINDEXEDPOLYGONALFACE((108,110,78));
#4065=IFCINDEXEDPOLYGONALFACE((109,75,111));
#4066=IFCINDEXEDPOLYGONALFACE((109,111,110));
#4067=IFCINDEXEDPOLYGONALFACE((110,111,112));
#4068=IFCINDEXEDPOLYGONALFACE((110,112,78));
#4069=IFCINDEXEDPOLYGONALFACE((111,75,113));
#4070=IFCINDEXEDPOLYGONALFACE((111,113,112));
#4071=IFCINDEXEDPOLYGONALFACE((112,113,114));
#4072=IFCINDEXEDPOLYGONALFACE((112,114,78));
#4073=IFCINDEXEDPOLYGONALFACE((113,75,115));
#4074=IFCINDEXEDPOLYGONALFACE((113,115,114));
#4075=IFCINDEXEDPOLYGONALFACE((114,115,116));
#4076=IFCINDEXEDPOLYGONALFACE((114,116,78));
#4077=IFCINDEXEDPOLYGONALFACE((115,75,117));
#4078=IFCINDEXEDPOLYGONALFACE((115,117,116));
#4079=IFCINDEXEDPOLYGONALFACE((116,117,118));
#4080=IFCINDEXEDPOLYGONALFACE((116,118,78));
#4081=IFCINDEXEDPOLYGONALFACE((117,75,119));
#4082=IFCINDEXEDPOLYGONALFACE((117,119,118));
#4083=IFCINDEXEDPOLYGONALFACE((118,119,120));
#4084=IFCINDEXEDPOLYGONALFACE((118,120,78));
#4085=IFCINDEXEDPOLYGONALFACE((119,75,121));
#4086=IFCINDEXEDPOLYGONALFACE((119,121,120));
#4087=IFCINDEXEDPOLYGONALFACE((120,121,122));
#4088=IFCINDEXEDPOLYGONALFACE((120,122,78));
#4089=IFCINDEXEDPOLYGONALFACE((121,75,123));
#4090=IFCINDEXEDPOLYGONALFACE((121,123,122));
#4091=IFCINDEXEDPOLYGONALFACE((122,123,124));
#4092=IFCINDEXEDPOLYGONALFACE((122,124,78));
#4093=IFCINDEXEDPOLYGONALFACE((123,75,125));
#4094=IFCINDEXEDPOLYGONALFACE((123,125,124));
#4095=IFCINDEXEDPOLYGONALFACE((124,125,126));
#4096=IFCINDEXEDPOLYGONALFACE((124,126,78));
#4097=IFCINDEXEDPOLYGONALFACE((125,75,127));
#4098=IFCINDEXEDPOLYGONALFACE((125,127,126));
#4099=IFCINDEXEDPOLYGONALFACE((126,127,128));
#4100=IFCINDEXEDPOLYGONALFACE((126,128,78));
#4101=IFCINDEXEDPOLYGONALFACE((127,75,129));
#4102=IFCINDEXEDPOLYGONALFACE((127,129,128));
#4103=IFCINDEXEDPOLYGONALFACE((128,129,130));
#4104=IFCINDEXEDPOLYGONALFACE((128,130,78));
#4105=IFCINDEXEDPOLYGONALFACE((129,75,131));
#4106=IFCINDEXEDPOLYGONALFACE((129,131,130));
#4107=IFCINDEXEDPOLYGONALFACE((130,131,132));
#4108=IFCINDEXEDPOLYGONALFACE((130,132,78));
#4109=IFCINDEXEDPOLYGONALFACE((131,75,133));
#4110=IFCINDEXEDPOLYGONALFACE((131,133,132));
#4111=IFCINDEXEDPOLYGONALFACE((132,133,134));
#4112=IFCINDEXEDPOLYGONALFACE((132,134,78));
#4113=IFCINDEXEDPOLYGONALFACE((133,75,135));
#4114=IFCINDEXEDPOLYGONALFACE((133,135,134));
#4115=IFCINDEXEDPOLYGONALFACE((134,135,136));
#4116=IFCINDEXEDPOLYGONALFACE((134,136,78));
#4117=IFCINDEXEDPOLYGONALFACE((135,75,137));
#4118=IFCINDEXEDPOLYGONALFACE((135,137,136));
#4119=IFCINDEXEDPOLYGONALFACE((136,137,138));
#4120=IFCINDEXEDPOLYGONALFACE((136,138,78));
#4121=IFCINDEXEDPOLYGONALFACE((137,75,139));
#4122=IFCINDEXEDPOLYGONALFACE((137,139,138));
#4123=IFCINDEXEDPOLYGONALFACE((138,139,140));
#4124=IFCINDEXEDPOLYGONALFACE((138,140,78));
#4125=IFCINDEXEDPOLYGONALFACE((139,75,76));
#4126=IFCINDEXEDPOLYGONALFACE((139,76,140));
#4127=IFCINDEXEDPOLYGONALFACE((140,76,77));
#4128=IFCINDEXEDPOLYGONALFACE((140,77,78));
#4129=IFCPOLYGONALFACESET(#3860,$,(#3861,#3862,#3863,#3864,#3865,#3866,#3867,#3868,#3869,#3870,#3871,#3872,#3873,#3874,#3875,#3876,#3877,#3878,#3879,#3880,#3881,#3882,#3883,#3884,#3885,#3886,#3887,#3888,#3889,#3890,#3891,#3892,#3893,#3894,#3895,#3896,#3897,#3898,#3899,#3900,#3901,#3902,#3903,#3904,#3905,#3906,#3907,#3908,#3909,#3910,#3911,#3912,#3913,#3914,#3915,#3916,#3917,#3918,#3919,#3920,#3921,#3922,#3923,#3924,#3925,#3926,#3927,#3928,#3929,#3930,#3931,#3932,#3933,#3934,#3935,#3936,#3937,#3938,#3939,#3940,#3941,#3942,#3943,#3944,#3945,#3946,#3947,#3948,#3949,#3950,#3951,#3952,#3953,#3954,#3955,#3956,#3957,#3958,#3959,#3960,#3961,#3962,#3963,#3964,#3965,#3966,#3967,#3968,#3969,#3970,#3971,#3972,#3973,#3974,#3975,#3976,#3977,#3978,#3979,#3980,#3981,#3982,#3983,#3984,#3985,#3986,#3987,#3988,#3989,#3990,#3991,#3992,#3993,#3994,#3995,#3996,#3997,#3998,#3999,#4000,#4001,#4002,#4003,#4004,#4005,#4006,#4007,#4008,#4009,#4010,#4011,#4012,#4013,#4014,#4015,#4016,#4017,#4018,#4019,#4020,#4021,#4022,#4023,#4024,#4025,#4026,#4027,#4028,#4029,#4030,#4031,#4032,#4033,#4034,#4035,#4036,#4037,#4038,#4039,#4040,#4041,#4042,#4043,#4044,#4045,#4046,#4047,#4048,#4049,#4050,#4051,#4052,#4053,#4054,#4055,#4056,#4057,#4058,#4059,#4060,#4061,#4062,#4063,#4064,#4065,#4066,#4067,#4068,#4069,#4070,#4071,#4072,#4073,#4074,#4075,#4076,#4077,#4078,#4079,#4080,#4081,#4082,#4083,#4084,#4085,#4086,#4087,#4088,#4089,#4090,#4091,#4092,#4093,#4094,#4095,#4096,#4097,#4098,#4099,#4100,#4101,#4102,#4103,#4104,#4105,#4106,#4107,#4108,#4109,#4110,#4111,#4112,#4113,#4114,#4115,#4116,#4117,#4118,#4119,#4120,#4121,#4122,#4123,#4124,#4125,#4126,#4127,#4128),$);
#4130=IFCSHAPEREPRESENTATION(#16,'Body','Tessellation',(#4129));
#4131=IFCPRODUCTDEFINITIONSHAPE($,$,(#4130));
#4132=IFCCARTESIANPOINT((0.,0.,0.));
#4133=IFCDIRECTION((0.,0.,1.));
#4134=IFCDIRECTION((1.,0.,0.));
#4135=IFCAXIS2PLACEMENT3D(#4132,#4133,#4134);
#4136=IFCLOCALPLACEMENT($,#4135);
#4137=IFCOWNERHISTORY(#5,#6,.READWRITE.,.ADDED.,1788887570,#5,#6,1788887570);
#4138=IFCPROPERTYSET('1ry7hDBEHCxAuwW1$$f8dV',#4137,'Pset_TrimeshGeneration',$,(#4141,#4142,#4143,#4144,#4145));
#4139=IFCOWNERHISTORY(#5,#6,.READWRITE.,.ADDED.,1788887570,#5,#6,1788887570);
#4140=IFCRELDEFINESBYPROPERTIES('1qR6bAeBL50Pj3tU1QJ9C1',#4139,$,$,(#3859),#4138);
#4141=IFCPROPERTYSINGLEVALUE('GenerationMethod',$,IFCLABEL('TRIMESH_CODE'),$);
#4142=IFCPROPERTYSINGLEVALUE('VertexCount',$,IFCINTEGER(140),$);
#4143=IFCPROPERTYSINGLEVALUE('FaceCount',$,IFCINTEGER(268),$);
#4144=IFCPROPERTYSINGLEVALUE('IsWatertight',$,IFCBOOLEAN(.T.),$);
#4145=IFCPROPERTYSINGLEVALUE('Volume',$,IFCREAL(27.187526981310913),$);
#4146=IFCOWNERHISTORY(#5,#6,.READWRITE.,.MODIFIED.,1788887571,#5,#6,1788887571);
#4147=IFCPILE('2DnoCPXW5Byh7ZBUratk1q',#4146,'Foundation_Bearing_Piles',$,$,#4636,#4631,$,$,$);
#4148=IFCCARTESIANPOINTLIST3D(((3.,2.5,-20.),(3.45,2.5,-20.),(3.45,2.5,-4.),(3.,2.5,-4.),(3.4279754323328193,2.6390576474687264,-20.),(3.4279754323328193,2.6390576474687264,-4.),(3.3640576474687265,2.7645033635316127,-20.),(3.3640576474687265,2.7645033635316127,-4.),(3.2645033635316127,2.8640576474687265,-20.),(3.2645033635316127,2.8640576474687265,-4.),(3.1390576474687264,2.9279754323328193,-20.),(3.1390576474687264,2.9279754323328193,-4.),(3.,2.95,-20.),(3.,2.95,-4.),(2.8609423525312736,2.9279754323328193,-20.),(2.8609423525312736,2.9279754323328193,-4.),(2.7354966364683873,2.8640576474687265,-20.),(2.7354966364683873,2.8640576474687265,-4.),(2.6359423525312735,2.764503363531613,-20.),(2.6359423525312735,2.764503363531613,-4.),(2.5720245676671807,2.6390576474687264,-20.),(2.5720245676671807,2.6390576474687264,-4.),(2.55,2.5,-20.),(2.55,2.5,-4.),(2.5720245676671807,2.3609423525312736,-20.),(2.5720245676671807,2.3609423525312736,-4.),(2.6359423525312735,2.2354966364683873,-20.),(2.6359423525312735,2.2354966364683873,-4.),(2.735496636468387,2.1359423525312735,-20.),(2.735496636468387,2.1359423525312735,-4.),(2.8609423525312736,2.0720245676671807,-20.),(2.8609423525312736,2.0720245676671807,-4.),(3.,2.05,-20.),(3.,2.05,-4.),(3.1390576474687264,2.0720245676671807,-20.),(3.1390576474687264,2.0720245676671807,-4.),(3.2645033635316127,2.1359423525312735,-20.),(3.2645033635316127,2.1359423525312735,-4.),(3.3640576474687265,2.235496636468387,-20.),(3.3640576474687265,2.235496636468387,-4.),(3.4279754323328193,2.3609423525312736,-20.),(3.4279754323328193,2.3609423525312736,-4.),(3.,5.5,-20.),(3.45,5.5,-20.),(3.45,5.5,-4.),(3.,5.5,-4.),(3.4279754323328193,5.639057647468726,-20.),(3.4279754323328193,5.639057647468726,-4.),(3.3640576474687265,5.764503363531613,-20.),(3.3640576474687265,5.764503363531613,-4.),(3.2645033635316127,5.8640576474687265,-20.),(3.2645033635316127,5.8640576474687265,-4.),(3.1390576474687264,5.927975432332819,-20.),(3.1390576474687264,5.927975432332819,-4.),(3.,5.95,-20.),(3.,5.95,-4.),(2.8609423525312736,5.927975432332819,-20.),(2.8609423525312736,5.927975432332819,-4.),(2.7354966364683873,5.8640576474687265,-20.),(2.7354966364683873,5.8640576474687265,-4.),(2.6359423525312735,5.764503363531613,-20.),(2.6359423525312735,5.764503363531613,-4.),(2.5720245676671807,5.639057647468726,-20.),(2.5720245676671807,5.639057647468726,-4.),(2.55,5.5,-20.),(2.55,5.5,-4.),(2.5720245676671807,5.360942352531274,-20.),(2.5720245676671807,5.360942352531274,-4.),(2.6359423525312735,5.235496636468387,-20.),(2.6359423525312735,5.235496636468387,-4.),(2.735496636468387,5.1359423525312735,-20.),(2.735496636468387,5.1359423525312735,-4.),(2.8609423525312736,5.072024567667181,-20.),(2.8609423525312736,5.072024567667181,-4.),(3.,5.05,-20.),(3.,5.05,-4.),(3.1390576474687264,5.072024567667181,-20.),(3.1390576474687264,5.072024567667181,-4.),(3.2645033635316127,5.1359423525312735,-20.),(3.2645033635316127,5.1359423525312735,-4.),(3.3640576474687265,5.235496636468387,-20.),(3.3640576474687265,5.235496636468387,-4.),(3.4279754323328193,5.360942352531273,-20.),(3.4279754323328193,5.360942352531273,-4.),(6.,2.5,-20.),(6.45,2.5,-20.),(6.45,2.5,-4.),(6.,2.5,-4.),(6.427975432332819,2.6390576474687264,-20.),(6.427975432332819,2.6390576474687264,-4.),(6.3640576474687265,2.7645033635316127,-20.),(6.3640576474687265,2.7645033635316127,-4.),(6.264503363531613,2.8640576474687265,-20.),(6.264503363531613,2.8640576474687265,-4.),(6.139057647468726,2.9279754323328193,-20.),(6.139057647468726,2.9279754323328193,-4.),(6.,2.95,-20.),(6.,2.95,-4.),(5.860942352531274,2.9279754323328193,-20.),(5.860942352531274,2.9279754323328193,-4.),(5.735496636468387,2.8640576474687265,-20.),(5.735496636468387,2.8640576474687265,-4.),(5.6359423525312735,2.764503363531613,-20.),(5.6359423525312735,2.764503363531613,-4.),(5.572024567667181,2.6390576474687264,-20.),(5.572024567667181,2.6390576474687264,-4.),(5.55,2.5,-20.),(5.55,2.5,-4.),(5.572024567667181,2.3609423525312736,-20.),(5.572024567667181,2.3609423525312736,-4.),(5.6359423525312735,2.2354966364683873,-20.),(5.6359423525312735,2.2354966364683873,-4.),(5.735496636468387,2.1359423525312735,-20.),(5.735496636468387,2.1359423525312735,-4.),(5.860942352531273,2.0720245676671807,-20.),(5.860942352531273,2.0720245676671807,-4.),(6.,2.05,-20.),(6.,2.05,-4.),(6.139057647468726,2.0720245676671807,-20.),(6.139057647468726,2.0720245676671807,-4.),(6.264503363531613,2.1359423525312735,-20.),(6.264503363531613,2.1359423525312735,-4.),(6.3640576474687265,2.235496636468387,-20.),(6.3640576474687265,2.235496636468387,-4.),(6.427975432332819,2.3609423525312736,-20.),(6.427975432332819,2.3609423525312736,-4.),(6.,5.5,-20.),(6.45,5.5,-20.),(6.45,5.5,-4.),(6.,5.5,-4.),(6.427975432332819,5.639057647468726,-20.),(6.427975432332819,5.639057647468726,-4.),(6.3640576474687265,5.764503363531613,-20.),(6.3640576474687265,5.764503363531613,-4.),(6.264503363531613,5.8640576474687265,-20.),(6.264503363531613,5.8640576474687265,-4.),(6.139057647468726,5.927975432332819,-20.),(6.139057647468726,5.927975432332819,-4.),(6.,5.95,-20.),(6.,5.95,-4.),(5.860942352531274,5.927975432332819,-20.),(5.860942352531274,5.927975432332819,-4.),(5.735496636468387,5.8640576474687265,-20.),(5.735496636468387,5.8640576474687265,-4.),(5.6359423525312735,5.764503363531613,-20.),(5.6359423525312735,5.764503363531613,-4.),(5.572024567667181,5.639057647468726,-20.),(5.572024567667181,5.639057647468726,-4.),(5.55,5.5,-20.),(5.55,5.5,-4.),(5.572024567667181,5.360942352531274,-20.),(5.572024567667181,5.360942352531274,-4.),(5.6359423525312735,5.235496636468387,-20.),(5.6359423525312735,5.235496636468387,-4.),(5.735496636468387,5.1359423525312735,-20.),(5.735496636468387,5.1359423525312735,-4.),(5.860942352531273,5.072024567667181,-20.),(5.860942352531273,5.072024567667181,-4.),(6.,5.05,-20.),(6.,5.05,-4.),(6.139057647468726,5.072024567667181,-20.),(6.139057647468726,5.072024567667181,-4.),(6.264503363531613,5.1359423525312735,-20.),(6.264503363531613,5.1359423525312735,-4.),(6.3640576474687265,5.235496636468387,-20.),(6.3640576474687265,5.235496636468387,-4.),(6.427975432332819,5.360942352531273,-20.),(6.427975432332819,5.360942352531273,-4.),(9.,2.5,-20.),(9.45,2.5,-20.),(9.45,2.5,-4.),(9.,2.5,-4.),(9.427975432332818,2.6390576474687264,-20.),(9.427975432332818,2.6390576474687264,-4.),(9.364057647468726,2.7645033635316127,-20.),(9.364057647468726,2.7645033635316127,-4.),(9.264503363531613,2.8640576474687265,-20.),(9.264503363531613,2.8640576474687265,-4.),(9.139057647468727,2.9279754323328193,-20.),(9.139057647468727,2.9279754323328193,-4.),(9.,2.95,-20.),(9.,2.95,-4.),(8.860942352531273,2.9279754323328193,-20.),(8.860942352531273,2.9279754323328193,-4.),(8.735496636468387,2.8640576474687265,-20.),(8.735496636468387,2.8640576474687265,-4.),(8.635942352531274,2.764503363531613,-20.),(8.635942352531274,2.764503363531613,-4.),(8.572024567667182,2.6390576474687264,-20.),(8.572024567667182,2.6390576474687264,-4.),(8.55,2.5,-20.),(8.55,2.5,-4.),(8.572024567667182,2.3609423525312736,-20.),(8.572024567667182,2.3609423525312736,-4.),(8.635942352531274,2.2354966364683873,-20.),(8.635942352531274,2.2354966364683873,-4.),(8.735496636468387,2.1359423525312735,-20.),(8.735496636468387,2.1359423525312735,-4.),(8.860942352531273,2.0720245676671807,-20.),(8.860942352531273,2.0720245676671807,-4.),(9.,2.05,-20.),(9.,2.05,-4.),(9.139057647468727,2.0720245676671807,-20.),(9.139057647468727,2.0720245676671807,-4.),(9.264503363531613,2.1359423525312735,-20.),(9.264503363531613,2.1359423525312735,-4.),(9.364057647468726,2.235496636468387,-20.),(9.364057647468726,2.235496636468387,-4.),(9.427975432332818,2.3609423525312736,-20.),(9.427975432332818,2.3609423525312736,-4.),(9.,5.5,-20.),(9.45,5.5,-20.),(9.45,5.5,-4.),(9.,5.5,-4.),(9.427975432332818,5.639057647468726,-20.),(9.427975432332818,5.639057647468726,-4.),(9.364057647468726,5.764503363531613,-20.),(9.364057647468726,5.764503363531613,-4.),(9.264503363531613,5.8640576474687265,-20.),(9.264503363531613,5.8640576474687265,-4.),(9.139057647468727,5.927975432332819,-20.),(9.139057647468727,5.927975432332819,-4.),(9.,5.95,-20.),(9.,5.95,-4.),(8.860942352531273,5.927975432332819,-20.),(8.860942352531273,5.927975432332819,-4.),(8.735496636468387,5.8640576474687265,-20.),(8.735496636468387,5.8640576474687265,-4.),(8.635942352531274,5.764503363531613,-20.),(8.635942352531274,5.764503363531613,-4.),(8.572024567667182,5.639057647468726,-20.),(8.572024567667182,5.639057647468726,-4.),(8.55,5.5,-20.),(8.55,5.5,-4.),(8.572024567667182,5.360942352531274,-20.),(8.572024567667182,5.360942352531274,-4.),(8.635942352531274,5.235496636468387,-20.),(8.635942352531274,5.235496636468387,-4.),(8.735496636468387,5.1359423525312735,-20.),(8.735496636468387,5.1359423525312735,-4.),(8.860942352531273,5.072024567667181,-20.),(8.860942352531273,5.072024567667181,-4.),(9.,5.05,-20.),(9.,5.05,-4.),(9.139057647468727,5.072024567667181,-20.),(9.139057647468727,5.072024567667181,-4.),(9.264503363531613,5.1359423525312735,-20.),(9.264503363531613,5.1359423525312735,-4.),(9.364057647468726,5.235496636468387,-20.),(9.364057647468726,5.235496636468387,-4.),(9.427975432332818,5.360942352531273,-20.),(9.427975432332818,5.360942352531273,-4.)));
#4149=IFCINDEXEDPOLYGONALFACE((2,1,5));
#4150=IFCINDEXEDPOLYGONALFACE((2,5,3));
#4151=IFCINDEXEDPOLYGONALFACE((3,5,6));
#4152=IFCINDEXEDPOLYGONALFACE((3,6,4));
#4153=IFCINDEXEDPOLYGONALFACE((5,1,7));
#4154=IFCINDEXEDPOLYGONALFACE((5,7,6));
#4155=IFCINDEXEDPOLYGONALFACE((6,7,8));
#4156=IFCINDEXEDPOLYGONALFACE((6,8,4));
#4157=IFCINDEXEDPOLYGONALFACE((7,1,9));
#4158=IFCINDEXEDPOLYGONALFACE((7,9,8));
#4159=IFCINDEXEDPOLYGONALFACE((8,9,10));
#4160=IFCINDEXEDPOLYGONALFACE((8,10,4));
#4161=IFCINDEXEDPOLYGONALFACE((9,1,11));
#4162=IFCINDEXEDPOLYGONALFACE((9,11,10));
#4163=IFCINDEXEDPOLYGONALFACE((10,11,12));
#4164=IFCINDEXEDPOLYGONALFACE((10,12,4));
#4165=IFCINDEXEDPOLYGONALFACE((11,1,13));
#4166=IFCINDEXEDPOLYGONALFACE((11,13,12));
#4167=IFCINDEXEDPOLYGONALFACE((12,13,14));
#4168=IFCINDEXEDPOLYGONALFACE((12,14,4));
#4169=IFCINDEXEDPOLYGONALFACE((13,1,15));
#4170=IFCINDEXEDPOLYGONALFACE((13,15,14));
#4171=IFCINDEXEDPOLYGONALFACE((14,15,16));
#4172=IFCINDEXEDPOLYGONALFACE((14,16,4));
#4173=IFCINDEXEDPOLYGONALFACE((15,1,17));
#4174=IFCINDEXEDPOLYGONALFACE((15,17,16));
#4175=IFCINDEXEDPOLYGONALFACE((16,17,18));
#4176=IFCINDEXEDPOLYGONALFACE((16,18,4));
#4177=IFCINDEXEDPOLYGONALFACE((17,1,19));
#4178=IFCINDEXEDPOLYGONALFACE((17,19,18));
#4179=IFCINDEXEDPOLYGONALFACE((18,19,20));
#4180=IFCINDEXEDPOLYGONALFACE((18,20,4));
#4181=IFCINDEXEDPOLYGONALFACE((19,1,21));
#4182=IFCINDEXEDPOLYGONALFACE((19,21,20));
#4183=IFCINDEXEDPOLYGONALFACE((20,21,22));
#4184=IFCINDEXEDPOLYGONALFACE((20,22,4));
#4185=IFCINDEXEDPOLYGONALFACE((21,1,23));
#4186=IFCINDEXEDPOLYGONALFACE((21,23,22));
#4187=IFCINDEXEDPOLYGONALFACE((22,23,24));
#4188=IFCINDEXEDPOLYGONALFACE((22,24,4));
#4189=IFCINDEXEDPOLYGONALFACE((23,1,25));
#4190=IFCINDEXEDPOLYGONALFACE((23,25,24));
#4191=IFCINDEXEDPOLYGONALFACE((24,25,26));
#4192=IFCINDEXEDPOLYGONALFACE((24,26,4));
#4193=IFCINDEXEDPOLYGONALFACE((25,1,27));
#4194=IFCINDEXEDPOLYGONALFACE((25,27,26));
#4195=IFCINDEXEDPOLYGONALFACE((26,27,28));
#4196=IFCINDEXEDPOLYGONALFACE((26,28,4));
#4197=IFCINDEXEDPOLYGONALFACE((27,1,29));
#4198=IFCINDEXEDPOLYGONALFACE((27,29,28));
#4199=IFCINDEXEDPOLYGONALFACE((28,29,30));
#4200=IFCINDEXEDPOLYGONALFACE((28,30,4));
#4201=IFCINDEXEDPOLYGONALFACE((29,1,31));
#4202=IFCINDEXEDPOLYGONALFACE((29,31,30));
#4203=IFCINDEXEDPOLYGONALFACE((30,31,32));
#4204=IFCINDEXEDPOLYGONALFACE((30,32,4));
#4205=IFCINDEXEDPOLYGONALFACE((31,1,33));
#4206=IFCINDEXEDPOLYGONALFACE((31,33,32));
#4207=IFCINDEXEDPOLYGONALFACE((32,33,34));
#4208=IFCINDEXEDPOLYGONALFACE((32,34,4));
#4209=IFCINDEXEDPOLYGONALFACE((33,1,35));
#4210=IFCINDEXEDPOLYGONALFACE((33,35,34));
#4211=IFCINDEXEDPOLYGONALFACE((34,35,36));
#4212=IFCINDEXEDPOLYGONALFACE((34,36,4));
#4213=IFCINDEXEDPOLYGONALFACE((35,1,37));
#4214=IFCINDEXEDPOLYGONALFACE((35,37,36));
#4215=IFCINDEXEDPOLYGONALFACE((36,37,38));
#4216=IFCINDEXEDPOLYGONALFACE((36,38,4));
#4217=IFCINDEXEDPOLYGONALFACE((37,1,39));
#4218=IFCINDEXEDPOLYGONALFACE((37,39,38));
#4219=IFCINDEXEDPOLYGONALFACE((38,39,40));
#4220=IFCINDEXEDPOLYGONALFACE((38,40,4));
#4221=IFCINDEXEDPOLYGONALFACE((39,1,41));
#4222=IFCINDEXEDPOLYGONALFACE((39,41,40));
#4223=IFCINDEXEDPOLYGONALFACE((40,41,42));
#4224=IFCINDEXEDPOLYGONALFACE((40,42,4));
#4225=IFCINDEXEDPOLYGONALFACE((41,1,2));
#4226=IFCINDEXEDPOLYGONALFACE((41,2,42));
#4227=IFCINDEXEDPOLYGONALFACE((42,2,3));
#4228=IFCINDEXEDPOLYGONALFACE((42,3,4));
#4229=IFCINDEXEDPOLYGONALFACE((44,43,47));
#4230=IFCINDEXEDPOLYGONALFACE((44,47,45));
#4231=IFCINDEXEDPOLYGONALFACE((45,47,48));
#4232=IFCINDEXEDPOLYGONALFACE((45,48,46));
#4233=IFCINDEXEDPOLYGONALFACE((47,43,49));
#4234=IFCINDEXEDPOLYGONALFACE((47,49,48));
#4235=IFCINDEXEDPOLYGONALFACE((48,49,50));
#4236=IFCINDEXEDPOLYGONALFACE((48,50,46));
#4237=IFCINDEXEDPOLYGONALFACE((49,43,51));
#4238=IFCINDEXEDPOLYGONALFACE((49,51,50));
#4239=IFCINDEXEDPOLYGONALFACE((50,51,52));
#4240=IFCINDEXEDPOLYGONALFACE((50,52,46));
#4241=IFCINDEXEDPOLYGONALFACE((51,43,53));
#4242=IFCINDEXEDPOLYGONALFACE((51,53,52));
#4243=IFCINDEXEDPOLYGONALFACE((52,53,54));
#4244=IFCINDEXEDPOLYGONALFACE((52,54,46));
#4245=IFCINDEXEDPOLYGONALFACE((53,43,55));
#4246=IFCINDEXEDPOLYGONALFACE((53,55,54));
#4247=IFCINDEXEDPOLYGONALFACE((54,55,56));
#4248=IFCINDEXEDPOLYGONALFACE((54,56,46));
#4249=IFCINDEXEDPOLYGONALFACE((55,43,57));
#4250=IFCINDEXEDPOLYGONALFACE((55,57,56));
#4251=IFCINDEXEDPOLYGONALFACE((56,57,58));
#4252=IFCINDEXEDPOLYGONALFACE((56,58,46));
#4253=IFCINDEXEDPOLYGONALFACE((57,43,59));
#4254=IFCINDEXEDPOLYGONALFACE((57,59,58));
#4255=IFCINDEXEDPOLYGONALFACE((58,59,60));
#4256=IFCINDEXEDPOLYGONALFACE((58,60,46));
#4257=IFCINDEXEDPOLYGONALFACE((59,43,61));
#4258=IFCINDEXEDPOLYGONALFACE((59,61,60));
#4259=IFCINDEXEDPOLYGONALFACE((60,61,62));
#4260=IFCINDEXEDPOLYGONALFACE((60,62,46));
#4261=IFCINDEXEDPOLYGONALFACE((61,43,63));
#4262=IFCINDEXEDPOLYGONALFACE((61,63,62));
#4263=IFCINDEXEDPOLYGONALFACE((62,63,64));
#4264=IFCINDEXEDPOLYGONALFACE((62,64,46));
#4265=IFCINDEXEDPOLYGONALFACE((63,43,65));
#4266=IFCINDEXEDPOLYGONALFACE((63,65,64));
#4267=IFCINDEXEDPOLYGONALFACE((64,65,66));
#4268=IFCINDEXEDPOLYGONALFACE((64,66,46));
#4269=IFCINDEXEDPOLYGONALFACE((65,43,67));
#4270=IFCINDEXEDPOLYGONALFACE((65,67,66));
#4271=IFCINDEXEDPOLYGONALFACE((66,67,68));
#4272=IFCINDEXEDPOLYGONALFACE((66,68,46));
#4273=IFCINDEXEDPOLYGONALFACE((67,43,69));
#4274=IFCINDEXEDPOLYGONALFACE((67,69,68));
#4275=IFCINDEXEDPOLYGONALFACE((68,69,70));
#4276=IFCINDEXEDPOLYGONALFACE((68,70,46));
#4277=IFCINDEXEDPOLYGONALFACE((69,43,71));
#4278=IFCINDEXEDPOLYGONALFACE((69,71,70));
#4279=IFCINDEXEDPOLYGONALFACE((70,71,72));
#4280=IFCINDEXEDPOLYGONALFACE((70,72,46));
#4281=IFCINDEXEDPOLYGONALFACE((71,43,73));
#4282=IFCINDEXEDPOLYGONALFACE((71,73,72));
#4283=IFCINDEXEDPOLYGONALFACE((72,73,74));
#4284=IFCINDEXEDPOLYGONALFACE((72,74,46));
#4285=IFCINDEXEDPOLYGONALFACE((73,43,75));
#4286=IFCINDEXEDPOLYGONALFACE((73,75,74));
#4287=IFCINDEXEDPOLYGONALFACE((74,75,76));
#4288=IFCINDEXEDPOLYGONALFACE((74,76,46));
#4289=IFCINDEXEDPOLYGONALFACE((75,43,77));
#4290=IFCINDEXEDPOLYGONALFACE((75,77,76));
#4291=IFCINDEXEDPOLYGONALFACE((76,77,78));
#4292=IFCINDEXEDPOLYGONALFACE((76,78,46));
#4293=IFCINDEXEDPOLYGONALFACE((77,43,79));
#4294=IFCINDEXEDPOLYGONALFACE((77,79,78));
#4295=IFCINDEXEDPOLYGONALFACE((78,79,80));
#4296=IFCINDEXEDPOLYGONALFACE((78,80,46));
#4297=IFCINDEXEDPOLYGONALFACE((79,43,81));
#4298=IFCINDEXEDPOLYGONALFACE((79,81,80));
#4299=IFCINDEXEDPOLYGONALFACE((80,81,82));
#4300=IFCINDEXEDPOLYGONALFACE((80,82,46));
#4301=IFCINDEXEDPOLYGONALFACE((81,43,83));
#4302=IFCINDEXEDPOLYGONALFACE((81,83,82));
#4303=IFCINDEXEDPOLYGONALFACE((82,83,84));
#4304=IFCINDEXEDPOLYGONALFACE((82,84,46));
#4305=IFCINDEXEDPOLYGONALFACE((83,43,44));
#4306=IFCINDEXEDPOLYGONALFACE((83,44,84));
#4307=IFCINDEXEDPOLYGONALFACE((84,44,45));
#4308=IFCINDEXEDPOLYGONALFACE((84,45,46));
#4309=IFCINDEXEDPOLYGONALFACE((86,85,89));
#4310=IFCINDEXEDPOLYGONALFACE((86,89,87));
#4311=IFCINDEXEDPOLYGONALFACE((87,89,90));
#4312=IFCINDEXEDPOLYGONALFACE((87,90,88));
#4313=IFCINDEXEDPOLYGONALFACE((89,85,91));
#4314=IFCINDEXEDPOLYGONALFACE((89,91,90));
#4315=IFCINDEXEDPOLYGONALFACE((90,91,92));
#4316=IFCINDEXEDPOLYGONALFACE((90,92,88));
#4317=IFCINDEXEDPOLYGONALFACE((91,85,93));
#4318=IFCINDEXEDPOLYGONALFACE((91,93,92));
#4319=IFCINDEXEDPOLYGONALFACE((92,93,94));
#4320=IFCINDEXEDPOLYGONALFACE((92,94,88));
#4321=IFCINDEXEDPOLYGONALFACE((93,85,95));
#4322=IFCINDEXEDPOLYGONALFACE((93,95,94));
#4323=IFCINDEXEDPOLYGONALFACE((94,95,96));
#4324=IFCINDEXEDPOLYGONALFACE((94,96,88));
#4325=IFCINDEXEDPOLYGONALFACE((95,85,97));
#4326=IFCINDEXEDPOLYGONALFACE((95,97,96));
#4327=IFCINDEXEDPOLYGONALFACE((96,97,98));
#4328=IFCINDEXEDPOLYGONALFACE((96,98,88));
#4329=IFCINDEXEDPOLYGONALFACE((97,85,99));
#4330=IFCINDEXEDPOLYGONALFACE((97,99,98));
#4331=IFCINDEXEDPOLYGONALFACE((98,99,100));
#4332=IFCINDEXEDPOLYGONALFACE((98,100,88));
#4333=IFCINDEXEDPOLYGONALFACE((99,85,101));
#4334=IFCINDEXEDPOLYGONALFACE((99,101,100));
#4335=IFCINDEXEDPOLYGONALFACE((100,101,102));
#4336=IFCINDEXEDPOLYGONALFACE((100,102,88));
#4337=IFCINDEXEDPOLYGONALFACE((101,85,103));
#4338=IFCINDEXEDPOLYGONALFACE((101,103,102));
#4339=IFCINDEXEDPOLYGONALFACE((102,103,104));
#4340=IFCINDEXEDPOLYGONALFACE((102,104,88));
#4341=IFCINDEXEDPOLYGONALFACE((103,85,105));
#4342=IFCINDEXEDPOLYGONALFACE((103,105,104));
#4343=IFCINDEXEDPOLYGONALFACE((104,105,106));
#4344=IFCINDEXEDPOLYGONALFACE((104,106,88));
#4345=IFCINDEXEDPOLYGONALFACE((105,85,107));
#4346=IFCINDEXEDPOLYGONALFACE((105,107,106));
#4347=IFCINDEXEDPOLYGONALFACE((106,107,108));
#4348=IFCINDEXEDPOLYGONALFACE((106,108,88));
#4349=IFCINDEXEDPOLYGONALFACE((107,85,109));
#4350=IFCINDEXEDPOLYGONALFACE((107,109,108));
#4351=IFCINDEXEDPOLYGONALFACE((108,109,110));
#4352=IFCINDEXEDPOLYGONALFACE((108,110,88));
#4353=IFCINDEXEDPOLYGONALFACE((109,85,111));
#4354=IFCINDEXEDPOLYGONALFACE((109,111,110));
#4355=IFCINDEXEDPOLYGONALFACE((110,111,112));
#4356=IFCINDEXEDPOLYGONALFACE((110,112,88));
#4357=IFCINDEXEDPOLYGONALFACE((111,85,113));
#4358=IFCINDEXEDPOLYGONALFACE((111,113,112));
#4359=IFCINDEXEDPOLYGONALFACE((112,113,114));
#4360=IFCINDEXEDPOLYGONALFACE((112,114,88));
#4361=IFCINDEXEDPOLYGONALFACE((113,85,115));
#4362=IFCINDEXEDPOLYGONALFACE((113,115,114));
#4363=IFCINDEXEDPOLYGONALFACE((114,115,116));
#4364=IFCINDEXEDPOLYGONALFACE((114,116,88));
#4365=IFCINDEXEDPOLYGONALFACE((115,85,117));
#4366=IFCINDEXEDPOLYGONALFACE((115,117,116));
#4367=IFCINDEXEDPOLYGONALFACE((116,117,118));
#4368=IFCINDEXEDPOLYGONALFACE((116,118,88));
#4369=IFCINDEXEDPOLYGONALFACE((117,85,119));
#4370=IFCINDEXEDPOLYGONALFACE((117,119,118));
#4371=IFCINDEXEDPOLYGONALFACE((118,119,120));
#4372=IFCINDEXEDPOLYGONALFACE((118,120,88));
#4373=IFCINDEXEDPOLYGONALFACE((119,85,121));
#4374=IFCINDEXEDPOLYGONALFACE((119,121,120));
#4375=IFCINDEXEDPOLYGONALFACE((120,121,122));
#4376=IFCINDEXEDPOLYGONALFACE((120,122,88));
#4377=IFCINDEXEDPOLYGONALFACE((121,85,123));
#4378=IFCINDEXEDPOLYGONALFACE((121,123,122));
#4379=IFCINDEXEDPOLYGONALFACE((122,123,124));
#4380=IFCINDEXEDPOLYGONALFACE((122,124,88));
#4381=IFCINDEXEDPOLYGONALFACE((123,85,125));
#4382=IFCINDEXEDPOLYGONALFACE((123,125,124));
#4383=IFCINDEXEDPOLYGONALFACE((124,125,126));
#4384=IFCINDEXEDPOLYGONALFACE((124,126,88));
#4385=IFCINDEXEDPOLYGONALFACE((125,85,86));
#4386=IFCINDEXEDPOLYGONALFACE((125,86,126));
#4387=IFCINDEXEDPOLYGONALFACE((126,86,87));
#4388=IFCINDEXEDPOLYGONALFACE((126,87,88));
#4389=IFCINDEXEDPOLYGONALFACE((128,127,131));
#4390=IFCINDEXEDPOLYGONALFACE((128,131,129));
#4391=IFCINDEXEDPOLYGONALFACE((129,131,132));
#4392=IFCINDEXEDPOLYGONALFACE((129,132,130));
#4393=IFCINDEXEDPOLYGONALFACE((131,127,133));
#4394=IFCINDEXEDPOLYGONALFACE((131,133,132));
#4395=IFCINDEXEDPOLYGONALFACE((132,133,134));
#4396=IFCINDEXEDPOLYGONALFACE((132,134,130));
#4397=IFCINDEXEDPOLYGONALFACE((133,127,135));
#4398=IFCINDEXEDPOLYGONALFACE((133,135,134));
#4399=IFCINDEXEDPOLYGONALFACE((134,135,136));
#4400=IFCINDEXEDPOLYGONALFACE((134,136,130));
#4401=IFCINDEXEDPOLYGONALFACE((135,127,137));
#4402=IFCINDEXEDPOLYGONALFACE((135,137,136));
#4403=IFCINDEXEDPOLYGONALFACE((136,137,138));
#4404=IFCINDEXEDPOLYGONALFACE((136,138,130));
#4405=IFCINDEXEDPOLYGONALFACE((137,127,139));
#4406=IFCINDEXEDPOLYGONALFACE((137,139,138));
#4407=IFCINDEXEDPOLYGONALFACE((138,139,140));
#4408=IFCINDEXEDPOLYGONALFACE((138,140,130));
#4409=IFCINDEXEDPOLYGONALFACE((139,127,141));
#4410=IFCINDEXEDPOLYGONALFACE((139,141,140));
#4411=IFCINDEXEDPOLYGONALFACE((140,141,142));
#4412=IFCINDEXEDPOLYGONALFACE((140,142,130));
#4413=IFCINDEXEDPOLYGONALFACE((141,127,143));
#4414=IFCINDEXEDPOLYGONALFACE((141,143,142));
#4415=IFCINDEXEDPOLYGONALFACE((142,143,144));
#4416=IFCINDEXEDPOLYGONALFACE((142,144,130));
#4417=IFCINDEXEDPOLYGONALFACE((143,127,145));
#4418=IFCINDEXEDPOLYGONALFACE((143,145,144));
#4419=IFCINDEXEDPOLYGONALFACE((144,145,146));
#4420=IFCINDEXEDPOLYGONALFACE((144,146,130));
#4421=IFCINDEXEDPOLYGONALFACE((145,127,147));
#4422=IFCINDEXEDPOLYGONALFACE((145,147,146));
#4423=IFCINDEXEDPOLYGONALFACE((146,147,148));
#4424=IFCINDEXEDPOLYGONALFACE((146,148,130));
#4425=IFCINDEXEDPOLYGONALFACE((147,127,149));
#4426=IFCINDEXEDPOLYGONALFACE((147,149,148));
#4427=IFCINDEXEDPOLYGONALFACE((148,149,150));
#4428=IFCINDEXEDPOLYGONALFACE((148,150,130));
#4429=IFCINDEXEDPOLYGONALFACE((149,127,151));
#4430=IFCINDEXEDPOLYGONALFACE((149,151,150));
#4431=IFCINDEXEDPOLYGONALFACE((150,151,152));
#4432=IFCINDEXEDPOLYGONALFACE((150,152,130));
#4433=IFCINDEXEDPOLYGONALFACE((151,127,153));
#4434=IFCINDEXEDPOLYGONALFACE((151,153,152));
#4435=IFCINDEXEDPOLYGONALFACE((152,153,154));
#4436=IFCINDEXEDPOLYGONALFACE((152,154,130));
#4437=IFCINDEXEDPOLYGONALFACE((153,127,155));
#4438=IFCINDEXEDPOLYGONALFACE((153,155,154));
#4439=IFCINDEXEDPOLYGONALFACE((154,155,156));
#4440=IFCINDEXEDPOLYGONALFACE((154,156,130));
#4441=IFCINDEXEDPOLYGONALFACE((155,127,157));
#4442=IFCINDEXEDPOLYGONALFACE((155,157,156));
#4443=IFCINDEXEDPOLYGONALFACE((156,157,158));
#4444=IFCINDEXEDPOLYGONALFACE((156,158,130));
#4445=IFCINDEXEDPOLYGONALFACE((157,127,159));
#4446=IFCINDEXEDPOLYGONALFACE((157,159,158));
#4447=IFCINDEXEDPOLYGONALFACE((158,159,160));
#4448=IFCINDEXEDPOLYGONALFACE((158,160,130));
#4449=IFCINDEXEDPOLYGONALFACE((159,127,161));
#4450=IFCINDEXEDPOLYGONALFACE((159,161,160));
#4451=IFCINDEXEDPOLYGONALFACE((160,161,162));
#4452=IFCINDEXEDPOLYGONALFACE((160,162,130));
#4453=IFCINDEXEDPOLYGONALFACE((161,127,163));
#4454=IFCINDEXEDPOLYGONALFACE((161,163,162));
#4455=IFCINDEXEDPOLYGONALFACE((162,163,164));
#4456=IFCINDEXEDPOLYGONALFACE((162,164,130));
#4457=IFCINDEXEDPOLYGONALFACE((163,127,165));
#4458=IFCINDEXEDPOLYGONALFACE((163,165,164));
#4459=IFCINDEXEDPOLYGONALFACE((164,165,166));
#4460=IFCINDEXEDPOLYGONALFACE((164,166,130));
#4461=IFCINDEXEDPOLYGONALFACE((165,127,167));
#4462=IFCINDEXEDPOLYGONALFACE((165,167,166));
#4463=IFCINDEXEDPOLYGONALFACE((166,167,168));
#4464=IFCINDEXEDPOLYGONALFACE((166,168,130));
#4465=IFCINDEXEDPOLYGONALFACE((167,127,128));
#4466=IFCINDEXEDPOLYGONALFACE((167,128,168));
#4467=IFCINDEXEDPOLYGONALFACE((168,128,129));
#4468=IFCINDEXEDPOLYGONALFACE((168,129,130));
#4469=IFCINDEXEDPOLYGONALFACE((170,169,173));
#4470=IFCINDEXEDPOLYGONALFACE((170,173,171));
#4471=IFCINDEXEDPOLYGONALFACE((171,173,174));
#4472=IFCINDEXEDPOLYGONALFACE((171,174,172));
#4473=IFCINDEXEDPOLYGONALFACE((173,169,175));
#4474=IFCINDEXEDPOLYGONALFACE((173,175,174));
#4475=IFCINDEXEDPOLYGONALFACE((174,175,176));
#4476=IFCINDEXEDPOLYGONALFACE((174,176,172));
#4477=IFCINDEXEDPOLYGONALFACE((175,169,177));
#4478=IFCINDEXEDPOLYGONALFACE((175,177,176));
#4479=IFCINDEXEDPOLYGONALFACE((176,177,178));
#4480=IFCINDEXEDPOLYGONALFACE((176,178,172));
#4481=IFCINDEXEDPOLYGONALFACE((177,169,179));
#4482=IFCINDEXEDPOLYGONALFACE((177,179,178));
#4483=IFCINDEXEDPOLYGONALFACE((178,179,180));
#4484=IFCINDEXEDPOLYGONALFACE((178,180,172));
#4485=IFCINDEXEDPOLYGONALFACE((179,169,181));
#4486=IFCINDEXEDPOLYGONALFACE((179,181,180));
#4487=IFCINDEXEDPOLYGONALFACE((180,181,182));
#4488=IFCINDEXEDPOLYGONALFACE((180,182,172));
#4489=IFCINDEXEDPOLYGONALFACE((181,169,183));
#4490=IFCINDEXEDPOLYGONALFACE((181,183,182));
#4491=IFCINDEXEDPOLYGONALFACE((182,183,184));
#4492=IFCINDEXEDPOLYGONALFACE((182,184,172));
#4493=IFCINDEXEDPOLYGONALFACE((183,169,185));
#4494=IFCINDEXEDPOLYGONALFACE((183,185,184));
#4495=IFCINDEXEDPOLYGONALFACE((184,185,186));
#4496=IFCINDEXEDPOLYGONALFACE((184,186,172));
#4497=IFCINDEXEDPOLYGONALFACE((185,169,187));
#4498=IFCINDEXEDPOLYGONALFACE((185,187,186));
#4499=IFCINDEXEDPOLYGONALFACE((186,187,188));
#4500=IFCINDEXEDPOLYGONALFACE((186,188,172));
#4501=IFCINDEXEDPOLYGONALFACE((187,169,189));
#4502=IFCINDEXEDPOLYGONALFACE((187,189,188));
#4503=IFCINDEXEDPOLYGONALFACE((188,189,190));
#4504=IFCINDEXEDPOLYGONALFACE((188,190,172));
#4505=IFCINDEXEDPOLYGONALFACE((189,169,191));
#4506=IFCINDEXEDPOLYGONALFACE((189,191,190));
#4507=IFCINDEXEDPOLYGONALFACE((190,191,192));
#4508=IFCINDEXEDPOLYGONALFACE((190,192,172));
#4509=IFCINDEXEDPOLYGONALFACE((191,169,193));
#4510=IFCINDEXEDPOLYGONALFACE((191,193,192));
#4511=IFCINDEXEDPOLYGONALFACE((192,193,194));
#4512=IFCINDEXEDPOLYGONALFACE((192,194,172));
#4513=IFCINDEXEDPOLYGONALFACE((193,169,195));
#4514=IFCINDEXEDPOLYGONALFACE((193,195,194));
#4515=IFCINDEXEDPOLYGONALFACE((194,195,196));
#4516=IFCINDEXEDPOLYGONALFACE((194,196,172));
#4517=IFCINDEXEDPOLYGONALFACE((195,169,197));
#4518=IFCINDEXEDPOLYGONALFACE((195,197,196));
#4519=IFCINDEXEDPOLYGONALFACE((196,197,198));
#4520=IFCINDEXEDPOLYGONALFACE((196,198,172));
#4521=IFCINDEXEDPOLYGONALFACE((197,169,199));
#4522=IFCINDEXEDPOLYGONALFACE((197,199,198));
#4523=IFCINDEXEDPOLYGONALFACE((198,199,200));
#4524=IFCINDEXEDPOLYGONALFACE((198,200,172));
#4525=IFCINDEXEDPOLYGONALFACE((199,169,201));
#4526=IFCINDEXEDPOLYGONALFACE((199,201,200));
#4527=IFCINDEXEDPOLYGONALFACE((200,201,202));
#4528=IFCINDEXEDPOLYGONALFACE((200,202,172));
#4529=IFCINDEXEDPOLYGONALFACE((201,169,203));
#4530=IFCINDEXEDPOLYGONALFACE((201,203,202));
#4531=IFCINDEXEDPOLYGONALFACE((202,203,204));
#4532=IFCINDEXEDPOLYGONALFACE((202,204,172));
#4533=IFCINDEXEDPOLYGONALFACE((203,169,205));
#4534=IFCINDEXEDPOLYGONALFACE((203,205,204));
#4535=IFCINDEXEDPOLYGONALFACE((204,205,206));
#4536=IFCINDEXEDPOLYGONALFACE((204,206,172));
#4537=IFCINDEXEDPOLYGONALFACE((205,169,207));
#4538=IFCINDEXEDPOLYGONALFACE((205,207,206));
#4539=IFCINDEXEDPOLYGONALFACE((206,207,208));
#4540=IFCINDEXEDPOLYGONALFACE((206,208,172));
#4541=IFCINDEXEDPOLYGONALFACE((207,169,209));
#4542=IFCINDEXEDPOLYGONALFACE((207,209,208));
#4543=IFCINDEXEDPOLYGONALFACE((208,209,210));
#4544=IFCINDEXEDPOLYGONALFACE((208,210,172));
#4545=IFCINDEXEDPOLYGONALFACE((209,169,170));
#4546=IFCINDEXEDPOLYGONALFACE((209,170,210));
#4547=IFCINDEXEDPOLYGONALFACE((210,170,171));
#4548=IFCINDEXEDPOLYGONALFACE((210,171,172));
#4549=IFCINDEXEDPOLYGONALFACE((212,211,215));
#4550=IFCINDEXEDPOLYGONALFACE((212,215,213));
#4551=IFCINDEXEDPOLYGONALFACE((213,215,216));
#4552=IFCINDEXEDPOLYGONALFACE((213,216,214));
#4553=IFCINDEXEDPOLYGONALFACE((215,211,217));
#4554=IFCINDEXEDPOLYGONALFACE((215,217,216));
#4555=IFCINDEXEDPOLYGONALFACE((216,217,218));
#4556=IFCINDEXEDPOLYGONALFACE((216,218,214));
#4557=IFCINDEXEDPOLYGONALFACE((217,211,219));
#4558=IFCINDEXEDPOLYGONALFACE((217,219,218));
#4559=IFCINDEXEDPOLYGONALFACE((218,219,220));
#4560=IFCINDEXEDPOLYGONALFACE((218,220,214));
#4561=IFCINDEXEDPOLYGONALFACE((219,211,221));
#4562=IFCINDEXEDPOLYGONALFACE((219,221,220));
#4563=IFCINDEXEDPOLYGONALFACE((220,221,222));
#4564=IFCINDEXEDPOLYGONALFACE((220,222,214));
#4565=IFCINDEXEDPOLYGONALFACE((221,211,223));
#4566=IFCINDEXEDPOLYGONALFACE((221,223,222));
#4567=IFCINDEXEDPOLYGONALFACE((222,223,224));
#4568=IFCINDEXEDPOLYGONALFACE((222,224,214));
#4569=IFCINDEXEDPOLYGONALFACE((223,211,225));
#4570=IFCINDEXEDPOLYGONALFACE((223,225,224));
#4571=IFCINDEXEDPOLYGONALFACE((224,225,226));
#4572=IFCINDEXEDPOLYGONALFACE((224,226,214));
#4573=IFCINDEXEDPOLYGONALFACE((225,211,227));
#4574=IFCINDEXEDPOLYGONALFACE((225,227,226));
#4575=IFCINDEXEDPOLYGONALFACE((226,227,228));
#4576=IFCINDEXEDPOLYGONALFACE((226,228,214));
#4577=IFCINDEXEDPOLYGONALFACE((227,211,229));
#4578=IFCINDEXEDPOLYGONALFACE((227,229,228));
#4579=IFCINDEXEDPOLYGONALFACE((228,229,230));
#4580=IFCINDEXEDPOLYGONALFACE((228,230,214));
#4581=IFCINDEXEDPOLYGONALFACE((229,211,231));
#4582=IFCINDEXEDPOLYGONALFACE((229,231,230));
#4583=IFCINDEXEDPOLYGONALFACE((230,231,232));
#4584=IFCINDEXEDPOLYGONALFACE((230,232,214));
#4585=IFCINDEXEDPOLYGONALFACE((231,211,233));
#4586=IFCINDEXEDPOLYGONALFACE((231,233,232));
#4587=IFCINDEXEDPOLYGONALFACE((232,233,234));
#4588=IFCINDEXEDPOLYGONALFACE((232,234,214));
#4589=IFCINDEXEDPOLYGONALFACE((233,211,235));
#4590=IFCINDEXEDPOLYGONALFACE((233,235,234));
#4591=IFCINDEXEDPOLYGONALFACE((234,235,236));
#4592=IFCINDEXEDPOLYGONALFACE((234,236,214));
#4593=IFCINDEXEDPOLYGONALFACE((235,211,237));
#4594=IFCINDEXEDPOLYGONALFACE((235,237,236));
#4595=IFCINDEXEDPOLYGONALFACE((236,237,238));
#4596=IFCINDEXEDPOLYGONALFACE((236,238,214));
#4597=IFCINDEXEDPOLYGONALFACE((237,211,239));
#4598=IFCINDEXEDPOLYGONALFACE((237,239,238));
#4599=IFCINDEXEDPOLYGONALFACE((238,239,240));
#4600=IFCINDEXEDPOLYGONALFACE((238,240,214));
#4601=IFCINDEXEDPOLYGONALFACE((239,211,241));
#4602=IFCINDEXEDPOLYGONALFACE((239,241,240));
#4603=IFCINDEXEDPOLYGONALFACE((240,241,242));
#4604=IFCINDEXEDPOLYGONALFACE((240,242,214));
#4605=IFCINDEXEDPOLYGONALFACE((241,211,243));
#4606=IFCINDEXEDPOLYGONALFACE((241,243,242));
#4607=IFCINDEXEDPOLYGONALFACE((242,243,244));
#4608=IFCINDEXEDPOLYGONALFACE((242,244,214));
#4609=IFCINDEXEDPOLYGONALFACE((243,211,245));
#4610=IFCINDEXEDPOLYGONALFACE((243,245,244));
#4611=IFCINDEXEDPOLYGONALFACE((244,245,246));
#4612=IFCINDEXEDPOLYGONALFACE((244,246,214));
#4613=IFCINDEXEDPOLYGONALFACE((245,211,247));
#4614=IFCINDEXEDPOLYGONALFACE((245,247,246));
#4615=IFCINDEXEDPOLYGONALFACE((246,247,248));
#4616=IFCINDEXEDPOLYGONALFACE((246,248,214));
#4617=IFCINDEXEDPOLYGONALFACE((247,211,249));
#4618=IFCINDEXEDPOLYGONALFACE((247,249,248));
#4619=IFCINDEXEDPOLYGONALFACE((248,249,250));
#4620=IFCINDEXEDPOLYGONALFACE((248,250,214));
#4621=IFCINDEXEDPOLYGONALFACE((249,211,251));
#4622=IFCINDEXEDPOLYGONALFACE((249,251,250));
#4623=IFCINDEXEDPOLYGONALFACE((250,251,252));
#4624=IFCINDEXEDPOLYGONALFACE((250,252,214));
#4625=IFCINDEXEDPOLYGONALFACE((251,211,212));
#4626=IFCINDEXEDPOLYGONALFACE((251,212,252));
#4627=IFCINDEXEDPOLYGONALFACE((252,212,213));
#4628=IFCINDEXEDPOLYGONALFACE((252,213,214));
#4629=IFCPOLYGONALFACESET(#4148,$,(#4149,#4150,#4151,#4152,#4153,#4154,#4155,#4156,#4157,#4158,#4159,#4160,#4161,#4162,#4163,#4164,#4165,#4166,#4167,#4168,#4169,#4170,#4171,#4172,#4173,#4174,#4175,#4176,#4177,#4178,#4179,#4180,#4181,#4182,#4183,#4184,#4185,#4186,#4187,#4188,#4189,#4190,#4191,#4192,#4193,#4194,#4195,#4196,#4197,#4198,#4199,#4200,#4201,#4202,#4203,#4204,#4205,#4206,#4207,#4208,#4209,#4210,#4211,#4212,#4213,#4214,#4215,#4216,#4217,#4218,#4219,#4220,#4221,#4222,#4223,#4224,#4225,#4226,#4227,#4228,#4229,#4230,#4231,#4232,#4233,#4234,#4235,#4236,#4237,#4238,#4239,#4240,#4241,#4242,#4243,#4244,#4245,#4246,#4247,#4248,#4249,#4250,#4251,#4252,#4253,#4254,#4255,#4256,#4257,#4258,#4259,#4260,#4261,#4262,#4263,#4264,#4265,#4266,#4267,#4268,#4269,#4270,#4271,#4272,#4273,#4274,#4275,#4276,#4277,#4278,#4279,#4280,#4281,#4282,#4283,#4284,#4285,#4286,#4287,#4288,#4289,#4290,#4291,#4292,#4293,#4294,#4295,#4296,#4297,#4298,#4299,#4300,#4301,#4302,#4303,#4304,#4305,#4306,#4307,#4308,#4309,#4310,#4311,#4312,#4313,#4314,#4315,#4316,#4317,#4318,#4319,#4320,#4321,#4322,#4323,#4324,#4325,#4326,#4327,#4328,#4329,#4330,#4331,#4332,#4333,#4334,#4335,#4336,#4337,#4338,#4339,#4340,#4341,#4342,#4343,#4344,#4345,#4346,#4347,#4348,#4349,#4350,#4351,#4352,#4353,#4354,#4355,#4356,#4357,#4358,#4359,#4360,#4361,#4362,#4363,#4364,#4365,#4366,#4367,#4368,#4369,#4370,#4371,#4372,#4373,#4374,#4375,#4376,#4377,#4378,#4379,#4380,#4381,#4382,#4383,#4384,#4385,#4386,#4387,#4388,#4389,#4390,#4391,#4392,#4393,#4394,#4395,#4396,#4397,#4398,#4399,#4400,#4401,#4402,#4403,#4404,#4405,#4406,#4407,#4408,#4409,#4410,#4411,#4412,#4413,#4414,#4415,#4416,#4417,#4418,#4419,#4420,#4421,#4422,#4423,#4424,#4425,#4426,#4427,#4428,#4429,#4430,#4431,#4432,#4433,#4434,#4435,#4436,#4437,#4438,#4439,#4440,#4441,#4442,#4443,#4444,#4445,#4446,#4447,#4448,#4449,#4450,#4451,#4452,#4453,#4454,#4455,#4456,#4457,#4458,#4459,#4460,#4461,#4462,#4463,#4464,#4465,#4466,#4467,#4468,#4469,#4470,#4471,#4472,#4473,#4474,#4475,#4476,#4477,#4478,#4479,#4480,#4481,#4482,#4483,#4484,#4485,#4486,#4487,#4488,#4489,#4490,#4491,#4492,#4493,#4494,#4495,#4496,#4497,#4498,#4499,#4500,#4501,#4502,#4503,#4504,#4505,#4506,#4507,#4508,#4509,#4510,#4511,#4512,#4513,#4514,#4515,#4516,#4517,#4518,#4519,#4520,#4521,#4522,#4523,#4524,#4525,#4526,#4527,#4528,#4529,#4530,#4531,#4532,#4533,#4534,#4535,#4536,#4537,#4538,#4539,#4540,#4541,#4542,#4543,#4544,#4545,#4546,#4547,#4548,#4549,#4550,#4551,#4552,#4553,#4554,#4555,#4556,#4557,#4558,#4559,#4560,#4561,#4562,#4563,#4564,#4565,#4566,#4567,#4568,#4569,#4570,#4571,#4572,#4573,#4574,#4575,#4576,#4577,#4578,#4579,#4580,#4581,#4582,#4583,#4584,#4585,#4586,#4587,#4588,#4589,#4590,#4591,#4592,#4593,#4594,#4595,#4596,#4597,#4598,#4599,#4600,#4601,#4602,#4603,#4604,#4605,#4606,#4607,#4608,#4609,#4610,#4611,#4612,#4613,#4614,#4615,#4616,#4617,#4618,#4619,#4620,#4621,#4622,#4623,#4624,#4625,#4626,#4627,#4628),$);
#4630=IFCSHAPEREPRESENTATION(#16,'Body','Tessellation',(#4629));
#4631=IFCPRODUCTDEFINITIONSHAPE($,$,(#4630));
#4632=IFCCARTESIANPOINT((0.,0.,0.));
#4633=IFCDIRECTION((0.,0.,1.));
#4634=IFCDIRECTION((1.,0.,0.));
#4635=IFCAXIS2PLACEMENT3D(#4632,#4633,#4634);
#4636=IFCLOCALPLACEMENT($,#4635);
#4637=IFCOWNERHISTORY(#5,#6,.READWRITE.,.ADDED.,1788887571,#5,#6,1788887571);
#4638=IFCPROPERTYSET('2D4olS8q56CP40Dg9hWdyz',#4637,'Pset_TrimeshGeneration',$,(#4641,#4642,#4643,#4644,#4645));
#4639=IFCOWNERHISTORY(#5,#6,.READWRITE.,.ADDED.,1788887571,#5,#6,1788887571);
#4640=IFCRELDEFINESBYPROPERTIES('2mBzi9Jnf4v9uuMOFkTNJ9',#4639,$,$,(#4147),#4638);
#4641=IFCPROPERTYSINGLEVALUE('GenerationMethod',$,IFCLABEL('TRIMESH_CODE'),$);
#4642=IFCPROPERTYSINGLEVALUE('VertexCount',$,IFCINTEGER(252),$);
#4643=IFCPROPERTYSINGLEVALUE('FaceCount',$,IFCINTEGER(480),$);
#4644=IFCPROPERTYSINGLEVALUE('IsWatertight',$,IFCBOOLEAN(.T.),$);
#4645=IFCPROPERTYSINGLEVALUE('Volume',$,IFCREAL(60.0729037064898),$);
#4646=IFCOWNERHISTORY(#5,#6,.READWRITE.,.MODIFIED.,1788887598,#5,#6,1788887598);
#4647=IFCSLAB('2ncTA8RWHF4O00PeDbL9Db',#4646,'Working_Platform_Deck',$,$,#4704,#4699,$,$);
#4648=IFCCARTESIANPOINTLIST3D(((-1.5,-1.5,5.),(-1.5,-1.5,5.15),(-1.5,1.,5.),(-1.5,1.,5.15),(13.5,-1.5,5.),(13.5,-1.5,5.15),(13.5,1.,5.),(13.5,1.,5.15),(-1.5,7.,5.),(-1.5,7.,5.15),(-1.5,9.5,5.),(-1.5,9.5,5.15),(13.5,7.,5.),(13.5,7.,5.15),(13.5,9.5,5.),(13.5,9.5,5.15),(-1.5,1.,5.),(-1.5,1.,5.15),(-1.5,7.,5.),(-1.5,7.,5.15),(2.5,1.,5.),(2.5,1.,5.15),(2.5,7.,5.),(2.5,7.,5.15),(9.5,1.,5.),(9.5,1.,5.15),(9.5,7.,5.),(9.5,7.,5.15),(13.5,1.,5.),(13.5,1.,5.15),(13.5,7.,5.),(13.5,7.,5.15)));
#4649=IFCINDEXEDPOLYGONALFACE((2,4,1));
#4650=IFCINDEXEDPOLYGONALFACE((5,2,1));
#4651=IFCINDEXEDPOLYGONALFACE((1,4,3));
#4652=IFCINDEXEDPOLYGONALFACE((3,5,1));
#4653=IFCINDEXEDPOLYGONALFACE((2,8,4));
#4654=IFCINDEXEDPOLYGONALFACE((6,2,5));
#4655=IFCINDEXEDPOLYGONALFACE((6,8,2));
#4656=IFCINDEXEDPOLYGONALFACE((4,8,3));
#4657=IFCINDEXEDPOLYGONALFACE((7,5,3));
#4658=IFCINDEXEDPOLYGONALFACE((3,8,7));
#4659=IFCINDEXEDPOLYGONALFACE((7,6,5));
#4660=IFCINDEXEDPOLYGONALFACE((8,6,7));
#4661=IFCINDEXEDPOLYGONALFACE((10,12,9));
#4662=IFCINDEXEDPOLYGONALFACE((13,10,9));
#4663=IFCINDEXEDPOLYGONALFACE((9,12,11));
#4664=IFCINDEXEDPOLYGONALFACE((11,13,9));
#4665=IFCINDEXEDPOLYGONALFACE((10,16,12));
#4666=IFCINDEXEDPOLYGONALFACE((14,10,13));
#4667=IFCINDEXEDPOLYGONALFACE((14,16,10));
#4668=IFCINDEXEDPOLYGONALFACE((12,16,11));
#4669=IFCINDEXEDPOLYGONALFACE((15,13,11));
#4670=IFCINDEXEDPOLYGONALFACE((11,16,15));
#4671=IFCINDEXEDPOLYGONALFACE((15,14,13));
#4672=IFCINDEXEDPOLYGONALFACE((16,14,15));
#4673=IFCINDEXEDPOLYGONALFACE((18,20,17));
#4674=IFCINDEXEDPOLYGONALFACE((21,18,17));
#4675=IFCINDEXEDPOLYGONALFACE((17,20,19));
#4676=IFCINDEXEDPOLYGONALFACE((19,21,17));
#4677=IFCINDEXEDPOLYGONALFACE((18,24,20));
#4678=IFCINDEXEDPOLYGONALFACE((22,18,21));
#4679=IFCINDEXEDPOLYGONALFACE((22,24,18));
#4680=IFCINDEXEDPOLYGONALFACE((20,24,19));
#4681=IFCINDEXEDPOLYGONALFACE((23,21,19));
#4682=IFCINDEXEDPOLYGONALFACE((19,24,23));
#4683=IFCINDEXEDPOLYGONALFACE((23,22,21));
#4684=IFCINDEXEDPOLYGONALFACE((24,22,23));
#4685=IFCINDEXEDPOLYGONALFACE((26,28,25));
#4686=IFCINDEXEDPOLYGONALFACE((29,26,25));
#4687=IFCINDEXEDPOLYGONALFACE((25,28,27));
#4688=IFCINDEXEDPOLYGONALFACE((27,29,25));
#4689=IFCINDEXEDPOLYGONALFACE((26,32,28));
#4690=IFCINDEXEDPOLYGONALFACE((30,26,29));
#4691=IFCINDEXEDPOLYGONALFACE((30,32,26));
#4692=IFCINDEXEDPOLYGONALFACE((28,32,27));
#4693=IFCINDEXEDPOLYGONALFACE((31,29,27));
#4694=IFCINDEXEDPOLYGONALFACE((27,32,31));
#4695=IFCINDEXEDPOLYGONALFACE((31,30,29));
#4696=IFCINDEXEDPOLYGONALFACE((32,30,31));
#4697=IFCPOLYGONALFACESET(#4648,$,(#4649,#4650,#4651,#4652,#4653,#4654,#4655,#4656,#4657,#4658,#4659,#4660,#4661,#4662,#4663,#4664,#4665,#4666,#4667,#4668,#4669,#4670,#4671,#4672,#4673,#4674,#4675,#4676,#4677,#4678,#4679,#4680,#4681,#4682,#4683,#4684,#4685,#4686,#4687,#4688,#4689,#4690,#4691,#4692,#4693,#4694,#4695,#4696),$);
#4698=IFCSHAPEREPRESENTATION(#16,'Body','Tessellation',(#4697));
#4699=IFCPRODUCTDEFINITIONSHAPE($,$,(#4698));
#4700=IFCCARTESIANPOINT((0.,0.,0.));
#4701=IFCDIRECTION((0.,0.,1.));
#4702=IFCDIRECTION((1.,0.,0.));
#4703=IFCAXIS2PLACEMENT3D(#4700,#4701,#4702);
#4704=IFCLOCALPLACEMENT($,#4703);
#4705=IFCOWNERHISTORY(#5,#6,.READWRITE.,.ADDED.,1788887598,#5,#6,1788887598);
#4706=IFCPROPERTYSET('300jkYFaj1vQ6a9RHEZCd1',#4705,'Pset_TrimeshGeneration',$,(#4709,#4710,#4711,#4712,#4713));
#4707=IFCOWNERHISTORY(#5,#6,.READWRITE.,.ADDED.,1788887598,#5,#6,1788887598);
#4708=IFCRELDEFINESBYPROPERTIES('0SEHEDitPDRBkJhKVD$Wk0',#4707,$,$,(#4647),#4706);
#4709=IFCPROPERTYSINGLEVALUE('GenerationMethod',$,IFCLABEL('TRIMESH_CODE'),$);
#4710=IFCPROPERTYSINGLEVALUE('VertexCount',$,IFCINTEGER(32),$);
#4711=IFCPROPERTYSINGLEVALUE('FaceCount',$,IFCINTEGER(48),$);
#4712=IFCPROPERTYSINGLEVALUE('IsWatertight',$,IFCBOOLEAN(.T.),$);
#4713=IFCPROPERTYSINGLEVALUE('Volume',$,IFCREAL(18.450000000000042),$);
#4714=IFCOWNERHISTORY(#5,#6,.READWRITE.,.MODIFIED.,1788887598,#5,#6,1788887598);
#4715=IFCRAILING('2FAmP8hnn7$f3tGCG1VT90',#4714,'Platform_Guard_Rail',$,$,#5316,#5311,$,$);
#4716=IFCCARTESIANPOINTLIST3D(((-1.44,-1.44,5.15),(-1.44,-1.44,6.25),(-1.44,-1.3599999999999999,5.15),(-1.44,-1.3599999999999999,6.25),(-1.3599999999999999,-1.44,5.15),(-1.3599999999999999,-1.44,6.25),(-1.3599999999999999,-1.3599999999999999,5.15),(-1.3599999999999999,-1.3599999999999999,6.25),(-1.44,9.360000000000001,5.15),(-1.44,9.360000000000001,6.25),(-1.44,9.44,5.15),(-1.44,9.44,6.25),(-1.3599999999999999,9.360000000000001,5.15),(-1.3599999999999999,9.360000000000001,6.25),(-1.3599999999999999,9.44,5.15),(-1.3599999999999999,9.44,6.25),(0.4100000000000002,-1.44,5.15),(0.4100000000000002,-1.44,6.25),(0.4100000000000002,-1.3599999999999999,5.15),(0.4100000000000002,-1.3599999999999999,6.25),(0.49000000000000016,-1.44,5.15),(0.49000000000000016,-1.44,6.25),(0.49000000000000016,-1.3599999999999999,5.15),(0.49000000000000016,-1.3599999999999999,6.25),(0.4100000000000002,9.360000000000001,5.15),(0.4100000000000002,9.360000000000001,6.25),(0.4100000000000002,9.44,5.15),(0.4100000000000002,9.44,6.25),(0.49000000000000016,9.360000000000001,5.15),(0.49000000000000016,9.360000000000001,6.25),(0.49000000000000016,9.44,5.15),(0.49000000000000016,9.44,6.25),(2.2600000000000002,-1.44,5.15),(2.2600000000000002,-1.44,6.25),(2.2600000000000002,-1.3599999999999999,5.15),(2.2600000000000002,-1.3599999999999999,6.25),(2.3400000000000003,-1.44,5.15),(2.3400000000000003,-1.44,6.25),(2.3400000000000003,-1.3599999999999999,5.15),(2.3400000000000003,-1.3599999999999999,6.25),(2.2600000000000002,9.360000000000001,5.15),(2.2600000000000002,9.360000000000001,6.25),(2.2600000000000002,9.44,5.15),(2.2600000000000002,9.44,6.25),(2.3400000000000003,9.360000000000001,5.15),(2.3400000000000003,9.360000000000001,6.25),(2.3400000000000003,9.44,5.15),(2.3400000000000003,9.44,6.25),(4.11,-1.44,5.15),(4.11,-1.44,6.25),(4.11,-1.3599999999999999,5.15),(4.11,-1.3599999999999999,6.25),(4.19,-1.44,5.15),(4.19,-1.44,6.25),(4.19,-1.3599999999999999,5.15),(4.19,-1.3599999999999999,6.25),(4.11,9.360000000000001,5.15),(4.11,9.360000000000001,6.25),(4.11,9.44,5.15),(4.11,9.44,6.25),(4.19,9.360000000000001,5.15),(4.19,9.360000000000001,6.25),(4.19,9.44,5.15),(4.19,9.44,6.25),(5.96,-1.44,5.15),(5.96,-1.44,6.25),(5.96,-1.3599999999999999,5.15),(5.96,-1.3599999999999999,6.25),(6.04,-1.44,5.15),(6.04,-1.44,6.25),(6.04,-1.3599999999999999,5.15),(6.04,-1.3599999999999999,6.25),(5.96,9.360000000000001,5.15),(5.96,9.360000000000001,6.25),(5.96,9.44,5.15),(5.96,9.44,6.25),(6.04,9.360000000000001,5.15),(6.04,9.360000000000001,6.25),(6.04,9.44,5.15),(6.04,9.44,6.25),(7.81,-1.44,5.15),(7.81,-1.44,6.25),(7.81,-1.3599999999999999,5.15),(7.81,-1.3599999999999999,6.25),(7.89,-1.44,5.15),(7.89,-1.44,6.25),(7.89,-1.3599999999999999,5.15),(7.89,-1.3599999999999999,6.25),(7.81,9.360000000000001,5.15),(7.81,9.360000000000001,6.25),(7.81,9.44,5.15),(7.81,9.44,6.25),(7.89,9.360000000000001,5.15),(7.89,9.360000000000001,6.25),(7.89,9.44,5.15),(7.89,9.44,6.25),(9.660000000000002,-1.44,5.15),(9.660000000000002,-1.44,6.25),(9.660000000000002,-1.3599999999999999,5.15),(9.660000000000002,-1.3599999999999999,6.25),(9.74,-1.44,5.15),(9.74,-1.44,6.25),(9.74,-1.3599999999999999,5.15),(9.74,-1.3599999999999999,6.25),(9.660000000000002,9.360000000000001,5.15),(9.660000000000002,9.360000000000001,6.25),(9.660000000000002,9.44,5.15),(9.660000000000002,9.44,6.25),(9.74,9.360000000000001,5.15),(9.74,9.360000000000001,6.25),(9.74,9.44,5.15),(9.74,9.44,6.25),(11.510000000000002,-1.44,5.15),(11.510000000000002,-1.44,6.25),(11.510000000000002,-1.3599999999999999,5.15),(11.510000000000002,-1.3599999999999999,6.25),(11.59,-1.44,5.15),(11.59,-1.44,6.25),(11.59,-1.3599999999999999,5.15),(11.59,-1.3599999999999999,6.25),(11.510000000000002,9.360000000000001,5.15),(11.510000000000002,9.360000000000001,6.25),(11.510000000000002,9.44,5.15),(11.510000000000002,9.44,6.25),(11.59,9.360000000000001,5.15),(11.59,9.360000000000001,6.25),(11.59,9.44,5.15),(11.59,9.44,6.25),(13.360000000000001,-1.44,5.15),(13.360000000000001,-1.44,6.25),(13.360000000000001,-1.3599999999999999,5.15),(13.360000000000001,-1.3599999999999999,6.25),(13.44,-1.44,5.15),(13.44,-1.44,6.25),(13.44,-1.3599999999999999,5.15),(13.44,-1.3599999999999999,6.25),(13.360000000000001,9.360000000000001,5.15),(13.360000000000001,9.360000000000001,6.25),(13.360000000000001,9.44,5.15),(13.360000000000001,9.44,6.25),(13.44,9.360000000000001,5.15),(13.44,9.360000000000001,6.25),(13.44,9.44,5.15),(13.44,9.44,6.25),(-1.44,0.36000000000000015,5.15),(-1.44,0.36000000000000015,6.25),(-1.44,0.4400000000000001,5.15),(-1.44,0.4400000000000001,6.25),(-1.3599999999999999,0.36000000000000015,5.15),(-1.3599999999999999,0.36000000000000015,6.25),(-1.3599999999999999,0.4400000000000001,5.15),(-1.3599999999999999,0.4400000000000001,6.25),(13.360000000000001,0.36000000000000015,5.15),(13.360000000000001,0.36000000000000015,6.25),(13.360000000000001,0.4400000000000001,5.15),(13.360000000000001,0.4400000000000001,6.25),(13.44,0.36000000000000015,5.15),(13.44,0.36000000000000015,6.25),(13.44,0.4400000000000001,5.15),(13.44,0.4400000000000001,6.25),(-1.44,2.16,5.15),(-1.44,2.16,6.25),(-1.44,2.24,5.15),(-1.44,2.24,6.25),(-1.3599999999999999,2.16,5.15),(-1.3599999999999999,2.16,6.25),(-1.3599999999999999,2.24,5.15),(-1.3599999999999999,2.24,6.25),(13.360000000000001,2.16,5.15),(13.360000000000001,2.16,6.25),(13.360000000000001,2.24,5.15),(13.360000000000001,2.24,6.25),(13.44,2.16,5.15),(13.44,2.16,6.25),(13.44,2.24,5.15),(13.44,2.24,6.25),(-1.44,3.9600000000000017,5.15),(-1.44,3.9600000000000017,6.25),(-1.44,4.040000000000002,5.15),(-1.44,4.040000000000002,6.25),(-1.3599999999999999,3.9600000000000017,5.15),(-1.3599999999999999,3.9600000000000017,6.25),(-1.3599999999999999,4.040000000000002,5.15),(-1.3599999999999999,4.040000000000002,6.25),(13.360000000000001,3.9600000000000017,5.15),(13.360000000000001,3.9600000000000017,6.25),(13.360000000000001,4.040000000000002,5.15),(13.360000000000001,4.040000000000002,6.25),(13.44,3.9600000000000017,5.15),(13.44,3.9600000000000017,6.25),(13.44,4.040000000000002,5.15),(13.44,4.040000000000002,6.25),(-1.44,5.760000000000001,5.15),(-1.44,5.760000000000001,6.25),(-1.44,5.840000000000001,5.15),(-1.44,5.840000000000001,6.25),(-1.3599999999999999,5.760000000000001,5.15),(-1.3599999999999999,5.760000000000001,6.25),(-1.3599999999999999,5.840000000000001,5.15),(-1.3599999999999999,5.840000000000001,6.25),(13.360000000000001,5.760000000000001,5.15),(13.360000000000001,5.760000000000001,6.25),(13.360000000000001,5.840000000000001,5.15),(13.360000000000001,5.840000000000001,6.25),(13.44,5.760000000000001,5.15),(13.44,5.760000000000001,6.25),(13.44,5.840000000000001,5.15),(13.44,5.840000000000001,6.25),(-1.44,7.56,5.15),(-1.44,7.56,6.25),(-1.44,7.64,5.15),(-1.44,7.64,6.25),(-1.3599999999999999,7.56,5.15),(-1.3599999999999999,7.56,6.25),(-1.3599999999999999,7.64,5.15),(-1.3599999999999999,7.64,6.25),(13.360000000000001,7.56,5.15),(13.360000000000001,7.56,6.25),(13.360000000000001,7.64,5.15),(13.360000000000001,7.64,6.25),(13.44,7.56,5.15),(13.44,7.56,6.25),(13.44,7.64,5.15),(13.44,7.64,6.25),(-1.4000000000000004,-1.4,5.7),(-1.4000000000000004,-1.4,5.67),(13.4,-1.4,5.67),(13.4,-1.4,5.7),(-1.4000000000000004,-1.3787867965644034,5.678786796564403),(13.4,-1.3787867965644034,5.678786796564403),(-1.4000000000000004,-1.3699999999999999,5.7),(13.4,-1.3699999999999999,5.7),(-1.4000000000000004,-1.3787867965644034,5.721213203435597),(13.4,-1.3787867965644034,5.721213203435597),(-1.4000000000000004,-1.4,5.73),(13.4,-1.4,5.73),(-1.4000000000000004,-1.4212132034355964,5.721213203435597),(13.4,-1.4212132034355964,5.721213203435597),(-1.4000000000000004,-1.43,5.7),(13.4,-1.43,5.7),(-1.4000000000000004,-1.4212132034355964,5.678786796564403),(13.4,-1.4212132034355964,5.678786796564403),(-1.4000000000000004,9.4,5.7),(-1.4000000000000004,9.4,5.67),(13.4,9.4,5.67),(13.4,9.4,5.7),(-1.4000000000000004,9.421213203435597,5.678786796564403),(13.4,9.421213203435597,5.678786796564403),(-1.4000000000000004,9.43,5.7),(13.4,9.43,5.7),(-1.4000000000000004,9.421213203435597,5.721213203435597),(13.4,9.421213203435597,5.721213203435597),(-1.4000000000000004,9.4,5.73),(13.4,9.4,5.73),(-1.4000000000000004,9.378786796564404,5.721213203435597),(13.4,9.378786796564404,5.721213203435597),(-1.4000000000000004,9.370000000000001,5.7),(13.4,9.370000000000001,5.7),(-1.4000000000000004,9.378786796564404,5.678786796564403),(13.4,9.378786796564404,5.678786796564403),(-1.4,-1.4000000000000004,5.7),(-1.4,-1.4000000000000004,5.67),(-1.4,9.4,5.67),(-1.4,9.4,5.7),(-1.4212132034355964,-1.4000000000000004,5.678786796564403),(-1.4212132034355964,9.4,5.678786796564403),(-1.43,-1.4000000000000004,5.7),(-1.43,9.4,5.7),(-1.4212132034355964,-1.4000000000000004,5.721213203435597),(-1.4212132034355964,9.4,5.721213203435597),(-1.4,-1.4000000000000004,5.73),(-1.4,9.4,5.73),(-1.3787867965644034,-1.4000000000000004,5.721213203435597),(-1.3787867965644034,9.4,5.721213203435597),(-1.3699999999999999,-1.4000000000000004,5.7),(-1.3699999999999999,9.4,5.7),(-1.3787867965644034,-1.4000000000000004,5.678786796564403),(-1.3787867965644034,9.4,5.678786796564403),(13.4,-1.4000000000000004,5.7),(13.4,-1.4000000000000004,5.67),(13.4,9.4,5.67),(13.4,9.4,5.7),(13.378786796564404,-1.4000000000000004,5.678786796564403),(13.378786796564404,9.4,5.678786796564403),(13.370000000000001,-1.4000000000000004,5.7),(13.370000000000001,9.4,5.7),(13.378786796564404,-1.4000000000000004,5.721213203435597),(13.378786796564404,9.4,5.721213203435597),(13.4,-1.4000000000000004,5.73),(13.4,9.4,5.73),(13.421213203435597,-1.4000000000000004,5.721213203435597),(13.421213203435597,9.4,5.721213203435597),(13.43,-1.4000000000000004,5.7),(13.43,9.4,5.7),(13.421213203435597,-1.4000000000000004,5.678786796564403),(13.421213203435597,9.4,5.678786796564403),(-1.4000000000000004,-1.4,6.18),(-1.4000000000000004,-1.4,6.1499999999999995),(13.4,-1.4,6.1499999999999995),(13.4,-1.4,6.18),(-1.4000000000000004,-1.3787867965644034,6.158786796564403),(13.4,-1.3787867965644034,6.158786796564403),(-1.4000000000000004,-1.3699999999999999,6.18),(13.4,-1.3699999999999999,6.18),(-1.4000000000000004,-1.3787867965644034,6.2012132034355965),(13.4,-1.3787867965644034,6.2012132034355965),(-1.4000000000000004,-1.4,6.21),(13.4,-1.4,6.21),(-1.4000000000000004,-1.4212132034355964,6.2012132034355965),(13.4,-1.4212132034355964,6.2012132034355965),(-1.4000000000000004,-1.43,6.18),(13.4,-1.43,6.18),(-1.4000000000000004,-1.4212132034355964,6.158786796564403),(13.4,-1.4212132034355964,6.158786796564403),(-1.4000000000000004,9.4,6.18),(-1.4000000000000004,9.4,6.1499999999999995),(13.4,9.4,6.1499999999999995),(13.4,9.4,6.18),(-1.4000000000000004,9.421213203435597,6.158786796564403),(13.4,9.421213203435597,6.158786796564403),(-1.4000000000000004,9.43,6.18),(13.4,9.43,6.18),(-1.4000000000000004,9.421213203435597,6.2012132034355965),(13.4,9.421213203435597,6.2012132034355965),(-1.4000000000000004,9.4,6.21),(13.4,9.4,6.21),(-1.4000000000000004,9.378786796564404,6.2012132034355965),(13.4,9.378786796564404,6.2012132034355965),(-1.4000000000000004,9.370000000000001,6.18),(13.4,9.370000000000001,6.18),(-1.4000000000000004,9.378786796564404,6.158786796564403),(13.4,9.378786796564404,6.158786796564403),(-1.4,-1.4000000000000004,6.18),(-1.4,-1.4000000000000004,6.1499999999999995),(-1.4,9.4,6.1499999999999995),(-1.4,9.4,6.18),(-1.4212132034355964,-1.4000000000000004,6.158786796564403),(-1.4212132034355964,9.4,6.158786796564403),(-1.43,-1.4000000000000004,6.18),(-1.43,9.4,6.18),(-1.4212132034355964,-1.4000000000000004,6.2012132034355965),(-1.4212132034355964,9.4,6.2012132034355965),(-1.4,-1.4000000000000004,6.21),(-1.4,9.4,6.21),(-1.3787867965644034,-1.4000000000000004,6.2012132034355965),(-1.3787867965644034,9.4,6.2012132034355965),(-1.3699999999999999,-1.4000000000000004,6.18),(-1.3699999999999999,9.4,6.18),(-1.3787867965644034,-1.4000000000000004,6.158786796564403),(-1.3787867965644034,9.4,6.158786796564403),(13.4,-1.4000000000000004,6.18),(13.4,-1.4000000000000004,6.1499999999999995),(13.4,9.4,6.1499999999999995),(13.4,9.4,6.18),(13.378786796564404,-1.4000000000000004,6.158786796564403),(13.378786796564404,9.4,6.158786796564403),(13.370000000000001,-1.4000000000000004,6.18),(13.370000000000001,9.4,6.18),(13.378786796564404,-1.4000000000000004,6.2012132034355965),(13.378786796564404,9.4,6.2012132034355965),(13.4,-1.4000000000000004,6.21),(13.4,9.4,6.21),(13.421213203435597,-1.4000000000000004,6.2012132034355965),(13.421213203435597,9.4,6.2012132034355965),(13.43,-1.4000000000000004,6.18),(13.43,9.4,6.18),(13.421213203435597,-1.4000000000000004,6.158786796564403),(13.421213203435597,9.4,6.158786796564403)));
#4717=IFCINDEXEDPOLYGONALFACE((2,4,1));
#4718=IFCINDEXEDPOLYGONALFACE((5,2,1));
#4719=IFCINDEXEDPOLYGONALFACE((1,4,3));
#4720=IFCINDEXEDPOLYGONALFACE((3,5,1));
#4721=IFCINDEXEDPOLYGONALFACE((2,8,4));
#4722=IFCINDEXEDPOLYGONALFACE((6,2,5));
#4723=IFCINDEXEDPOLYGONALFACE((6,8,2));
#4724=IFCINDEXEDPOLYGONALFACE((4,8,3));
#4725=IFCINDEXEDPOLYGONALFACE((7,5,3));
#4726=IFCINDEXEDPOLYGONALFACE((3,8,7));
#4727=IFCINDEXEDPOLYGONALFACE((7,6,5));
#4728=IFCINDEXEDPOLYGONALFACE((8,6,7));
#4729=IFCINDEXEDPOLYGONALFACE((10,12,9));
#4730=IFCINDEXEDPOLYGONALFACE((13,10,9));
#4731=IFCINDEXEDPOLYGONALFACE((9,12,11));
#4732=IFCINDEXEDPOLYGONALFACE((11,13,9));
#4733=IFCINDEXEDPOLYGONALFACE((10,16,12));
#4734=IFCINDEXEDPOLYGONALFACE((14,10,13));
#4735=IFCINDEXEDPOLYGONALFACE((14,16,10));
#4736=IFCINDEXEDPOLYGONALFACE((12,16,11));
#4737=IFCINDEXEDPOLYGONALFACE((15,13,11));
#4738=IFCINDEXEDPOLYGONALFACE((11,16,15));
#4739=IFCINDEXEDPOLYGONALFACE((15,14,13));
#4740=IFCINDEXEDPOLYGONALFACE((16,14,15));
#4741=IFCINDEXEDPOLYGONALFACE((18,20,17));
#4742=IFCINDEXEDPOLYGONALFACE((21,18,17));
#4743=IFCINDEXEDPOLYGONALFACE((17,20,19));
#4744=IFCINDEXEDPOLYGONALFACE((19,21,17));
#4745=IFCINDEXEDPOLYGONALFACE((18,24,20));
#4746=IFCINDEXEDPOLYGONALFACE((22,18,21));
#4747=IFCINDEXEDPOLYGONALFACE((22,24,18));
#4748=IFCINDEXEDPOLYGONALFACE((20,24,19));
#4749=IFCINDEXEDPOLYGONALFACE((23,21,19));
#4750=IFCINDEXEDPOLYGONALFACE((19,24,23));
#4751=IFCINDEXEDPOLYGONALFACE((23,22,21));
#4752=IFCINDEXEDPOLYGONALFACE((24,22,23));
#4753=IFCINDEXEDPOLYGONALFACE((26,28,25));
#4754=IFCINDEXEDPOLYGONALFACE((29,26,25));
#4755=IFCINDEXEDPOLYGONALFACE((25,28,27));
#4756=IFCINDEXEDPOLYGONALFACE((27,29,25));
#4757=IFCINDEXEDPOLYGONALFACE((26,32,28));
#4758=IFCINDEXEDPOLYGONALFACE((30,26,29));
#4759=IFCINDEXEDPOLYGONALFACE((30,32,26));
#4760=IFCINDEXEDPOLYGONALFACE((28,32,27));
#4761=IFCINDEXEDPOLYGONALFACE((31,29,27));
#4762=IFCINDEXEDPOLYGONALFACE((27,32,31));
#4763=IFCINDEXEDPOLYGONALFACE((31,30,29));
#4764=IFCINDEXEDPOLYGONALFACE((32,30,31));
#4765=IFCINDEXEDPOLYGONALFACE((34,36,33));
#4766=IFCINDEXEDPOLYGONALFACE((37,34,33));
#4767=IFCINDEXEDPOLYGONALFACE((33,36,35));
#4768=IFCINDEXEDPOLYGONALFACE((35,37,33));
#4769=IFCINDEXEDPOLYGONALFACE((34,40,36));
#4770=IFCINDEXEDPOLYGONALFACE((38,34,37));
#4771=IFCINDEXEDPOLYGONALFACE((38,40,34));
#4772=IFCINDEXEDPOLYGONALFACE((36,40,35));
#4773=IFCINDEXEDPOLYGONALFACE((39,37,35));
#4774=IFCINDEXEDPOLYGONALFACE((35,40,39));
#4775=IFCINDEXEDPOLYGONALFACE((39,38,37));
#4776=IFCINDEXEDPOLYGONALFACE((40,38,39));
#4777=IFCINDEXEDPOLYGONALFACE((42,44,41));
#4778=IFCINDEXEDPOLYGONALFACE((45,42,41));
#4779=IFCINDEXEDPOLYGONALFACE((41,44,43));
#4780=IFCINDEXEDPOLYGONALFACE((43,45,41));
#4781=IFCINDEXEDPOLYGONALFACE((42,48,44));
#4782=IFCINDEXEDPOLYGONALFACE((46,42,45));
#4783=IFCINDEXEDPOLYGONALFACE((46,48,42));
#4784=IFCINDEXEDPOLYGONALFACE((44,48,43));
#4785=IFCINDEXEDPOLYGONALFACE((47,45,43));
#4786=IFCINDEXEDPOLYGONALFACE((43,48,47));
#4787=IFCINDEXEDPOLYGONALFACE((47,46,45));
#4788=IFCINDEXEDPOLYGONALFACE((48,46,47));
#4789=IFCINDEXEDPOLYGONALFACE((50,52,49));
#4790=IFCINDEXEDPOLYGONALFACE((53,50,49));
#4791=IFCINDEXEDPOLYGONALFACE((49,52,51));
#4792=IFCINDEXEDPOLYGONALFACE((51,53,49));
#4793=IFCINDEXEDPOLYGONALFACE((50,56,52));
#4794=IFCINDEXEDPOLYGONALFACE((54,50,53));
#4795=IFCINDEXEDPOLYGONALFACE((54,56,50));
#4796=IFCINDEXEDPOLYGONALFACE((52,56,51));
#4797=IFCINDEXEDPOLYGONALFACE((55,53,51));
#4798=IFCINDEXEDPOLYGONALFACE((51,56,55));
#4799=IFCINDEXEDPOLYGONALFACE((55,54,53));
#4800=IFCINDEXEDPOLYGONALFACE((56,54,55));
#4801=IFCINDEXEDPOLYGONALFACE((58,60,57));
#4802=IFCINDEXEDPOLYGONALFACE((61,58,57));
#4803=IFCINDEXEDPOLYGONALFACE((57,60,59));
#4804=IFCINDEXEDPOLYGONALFACE((59,61,57));
#4805=IFCINDEXEDPOLYGONALFACE((58,64,60));
#4806=IFCINDEXEDPOLYGONALFACE((62,58,61));
#4807=IFCINDEXEDPOLYGONALFACE((62,64,58));
#4808=IFCINDEXEDPOLYGONALFACE((60,64,59));
#4809=IFCINDEXEDPOLYGONALFACE((63,61,59));
#4810=IFCINDEXEDPOLYGONALFACE((59,64,63));
#4811=IFCINDEXEDPOLYGONALFACE((63,62,61));
#4812=IFCINDEXEDPOLYGONALFACE((64,62,63));
#4813=IFCINDEXEDPOLYGONALFACE((66,68,65));
#4814=IFCINDEXEDPOLYGONALFACE((69,66,65));
#4815=IFCINDEXEDPOLYGONALFACE((65,68,67));
#4816=IFCINDEXEDPOLYGONALFACE((67,69,65));
#4817=IFCINDEXEDPOLYGONALFACE((66,72,68));
#4818=IFCINDEXEDPOLYGONALFACE((70,66,69));
#4819=IFCINDEXEDPOLYGONALFACE((70,72,66));
#4820=IFCINDEXEDPOLYGONALFACE((68,72,67));
#4821=IFCINDEXEDPOLYGONALFACE((71,69,67));
#4822=IFCINDEXEDPOLYGONALFACE((67,72,71));
#4823=IFCINDEXEDPOLYGONALFACE((71,70,69));
#4824=IFCINDEXEDPOLYGONALFACE((72,70,71));
#4825=IFCINDEXEDPOLYGONALFACE((74,76,73));
#4826=IFCINDEXEDPOLYGONALFACE((77,74,73));
#4827=IFCINDEXEDPOLYGONALFACE((73,76,75));
#4828=IFCINDEXEDPOLYGONALFACE((75,77,73));
#4829=IFCINDEXEDPOLYGONALFACE((74,80,76));
#4830=IFCINDEXEDPOLYGONALFACE((78,74,77));
#4831=IFCINDEXEDPOLYGONALFACE((78,80,74));
#4832=IFCINDEXEDPOLYGONALFACE((76,80,75));
#4833=IFCINDEXEDPOLYGONALFACE((79,77,75));
#4834=IFCINDEXEDPOLYGONALFACE((75,80,79));
#4835=IFCINDEXEDPOLYGONALFACE((79,78,77));
#4836=IFCINDEXEDPOLYGONALFACE((80,78,79));
#4837=IFCINDEXEDPOLYGONALFACE((82,84,81));
#4838=IFCINDEXEDPOLYGONALFACE((85,82,81));
#4839=IFCINDEXEDPOLYGONALFACE((81,84,83));
#4840=IFCINDEXEDPOLYGONALFACE((83,85,81));
#4841=IFCINDEXEDPOLYGONALFACE((82,88,84));
#4842=IFCINDEXEDPOLYGONALFACE((86,82,85));
#4843=IFCINDEXEDPOLYGONALFACE((86,88,82));
#4844=IFCINDEXEDPOLYGONALFACE((84,88,83));
#4845=IFCINDEXEDPOLYGONALFACE((87,85,83));
#4846=IFCINDEXEDPOLYGONALFACE((83,88,87));
#4847=IFCINDEXEDPOLYGONALFACE((87,86,85));
#4848=IFCINDEXEDPOLYGONALFACE((88,86,87));
#4849=IFCINDEXEDPOLYGONALFACE((90,92,89));
#4850=IFCINDEXEDPOLYGONALFACE((93,90,89));
#4851=IFCINDEXEDPOLYGONALFACE((89,92,91));
#4852=IFCINDEXEDPOLYGONALFACE((91,93,89));
#4853=IFCINDEXEDPOLYGONALFACE((90,96,92));
#4854=IFCINDEXEDPOLYGONALFACE((94,90,93));
#4855=IFCINDEXEDPOLYGONALFACE((94,96,90));
#4856=IFCINDEXEDPOLYGONALFACE((92,96,91));
#4857=IFCINDEXEDPOLYGONALFACE((95,93,91));
#4858=IFCINDEXEDPOLYGONALFACE((91,96,95));
#4859=IFCINDEXEDPOLYGONALFACE((95,94,93));
#4860=IFCINDEXEDPOLYGONALFACE((96,94,95));
#4861=IFCINDEXEDPOLYGONALFACE((98,100,97));
#4862=IFCINDEXEDPOLYGONALFACE((101,98,97));
#4863=IFCINDEXEDPOLYGONALFACE((97,100,99));
#4864=IFCINDEXEDPOLYGONALFACE((99,101,97));
#4865=IFCINDEXEDPOLYGONALFACE((98,104,100));
#4866=IFCINDEXEDPOLYGONALFACE((102,98,101));
#4867=IFCINDEXEDPOLYGONALFACE((102,104,98));
#4868=IFCINDEXEDPOLYGONALFACE((100,104,99));
#4869=IFCINDEXEDPOLYGONALFACE((103,101,99));
#4870=IFCINDEXEDPOLYGONALFACE((99,104,103));
#4871=IFCINDEXEDPOLYGONALFACE((103,102,101));
#4872=IFCINDEXEDPOLYGONALFACE((104,102,103));
#4873=IFCINDEXEDPOLYGONALFACE((106,108,105));
#4874=IFCINDEXEDPOLYGONALFACE((109,106,105));
#4875=IFCINDEXEDPOLYGONALFACE((105,108,107));
#4876=IFCINDEXEDPOLYGONALFACE((107,109,105));
#4877=IFCINDEXEDPOLYGONALFACE((106,112,108));
#4878=IFCINDEXEDPOLYGONALFACE((110,106,109));
#4879=IFCINDEXEDPOLYGONALFACE((110,112,106));
#4880=IFCINDEXEDPOLYGONALFACE((108,112,107));
#4881=IFCINDEXEDPOLYGONALFACE((111,109,107));
#4882=IFCINDEXEDPOLYGONALFACE((107,112,111));
#4883=IFCINDEXEDPOLYGONALFACE((111,110,109));
#4884=IFCINDEXEDPOLYGONALFACE((112,110,111));
#4885=IFCINDEXEDPOLYGONALFACE((114,116,113));
#4886=IFCINDEXEDPOLYGONALFACE((117,114,113));
#4887=IFCINDEXEDPOLYGONALFACE((113,116,115));
#4888=IFCINDEXEDPOLYGONALFACE((115,117,113));
#4889=IFCINDEXEDPOLYGONALFACE((114,120,116));
#4890=IFCINDEXEDPOLYGONALFACE((118,114,117));
#4891=IFCINDEXEDPOLYGONALFACE((118,120,114));
#4892=IFCINDEXEDPOLYGONALFACE((116,120,115));
#4893=IFCINDEXEDPOLYGONALFACE((119,117,115));
#4894=IFCINDEXEDPOLYGONALFACE((115,120,119));
#4895=IFCINDEXEDPOLYGONALFACE((119,118,117));
#4896=IFCINDEXEDPOLYGONALFACE((120,118,119));
#4897=IFCINDEXEDPOLYGONALFACE((122,124,121));
#4898=IFCINDEXEDPOLYGONALFACE((125,122,121));
#4899=IFCINDEXEDPOLYGONALFACE((121,124,123));
#4900=IFCINDEXEDPOLYGONALFACE((123,125,121));
#4901=IFCINDEXEDPOLYGONALFACE((122,128,124));
#4902=IFCINDEXEDPOLYGONALFACE((126,122,125));
#4903=IFCINDEXEDPOLYGONALFACE((126,128,122));
#4904=IFCINDEXEDPOLYGONALFACE((124,128,123));
#4905=IFCINDEXEDPOLYGONALFACE((127,125,123));
#4906=IFCINDEXEDPOLYGONALFACE((123,128,127));
#4907=IFCINDEXEDPOLYGONALFACE((127,126,125));
#4908=IFCINDEXEDPOLYGONALFACE((128,126,127));
#4909=IFCINDEXEDPOLYGONALFACE((130,132,129));
#4910=IFCINDEXEDPOLYGONALFACE((133,130,129));
#4911=IFCINDEXEDPOLYGONALFACE((129,132,131));
#4912=IFCINDEXEDPOLYGONALFACE((131,133,129));
#4913=IFCINDEXEDPOLYGONALFACE((130,136,132));
#4914=IFCINDEXEDPOLYGONALFACE((134,130,133));
#4915=IFCINDEXEDPOLYGONALFACE((134,136,130));
#4916=IFCINDEXEDPOLYGONALFACE((132,136,131));
#4917=IFCINDEXEDPOLYGONALFACE((135,133,131));
#4918=IFCINDEXEDPOLYGONALFACE((131,136,135));
#4919=IFCINDEXEDPOLYGONALFACE((135,134,133));
#4920=IFCINDEXEDPOLYGONALFACE((136,134,135));
#4921=IFCINDEXEDPOLYGONALFACE((138,140,137));
#4922=IFCINDEXEDPOLYGONALFACE((141,138,137));
#4923=IFCINDEXEDPOLYGONALFACE((137,140,139));
#4924=IFCINDEXEDPOLYGONALFACE((139,141,137));
#4925=IFCINDEXEDPOLYGONALFACE((138,144,140));
#4926=IFCINDEXEDPOLYGONALFACE((142,138,141));
#4927=IFCINDEXEDPOLYGONALFACE((142,144,138));
#4928=IFCINDEXEDPOLYGONALFACE((140,144,139));
#4929=IFCINDEXEDPOLYGONALFACE((143,141,139));
#4930=IFCINDEXEDPOLYGONALFACE((139,144,143));
#4931=IFCINDEXEDPOLYGONALFACE((143,142,141));
#4932=IFCINDEXEDPOLYGONALFACE((144,142,143));
#4933=IFCINDEXEDPOLYGONALFACE((146,148,145));
#4934=IFCINDEXEDPOLYGONALFACE((149,146,145));
#4935=IFCINDEXEDPOLYGONALFACE((145,148,147));
#4936=IFCINDEXEDPOLYGONALFACE((147,149,145));
#4937=IFCINDEXEDPOLYGONALFACE((146,152,148));
#4938=IFCINDEXEDPOLYGONALFACE((150,146,149));
#4939=IFCINDEXEDPOLYGONALFACE((150,152,146));
#4940=IFCINDEXEDPOLYGONALFACE((148,152,147));
#4941=IFCINDEXEDPOLYGONALFACE((151,149,147));
#4942=IFCINDEXEDPOLYGONALFACE((147,152,151));
#4943=IFCINDEXEDPOLYGONALFACE((151,150,149));
#4944=IFCINDEXEDPOLYGONALFACE((152,150,151));
#4945=IFCINDEXEDPOLYGONALFACE((154,156,153));
#4946=IFCINDEXEDPOLYGONALFACE((157,154,153));
#4947=IFCINDEXEDPOLYGONALFACE((153,156,155));
#4948=IFCINDEXEDPOLYGONALFACE((155,157,153));
#4949=IFCINDEXEDPOLYGONALFACE((154,160,156));
#4950=IFCINDEXEDPOLYGONALFACE((158,154,157));
#4951=IFCINDEXEDPOLYGONALFACE((158,160,154));
#4952=IFCINDEXEDPOLYGONALFACE((156,160,155));
#4953=IFCINDEXEDPOLYGONALFACE((159,157,155));
#4954=IFCINDEXEDPOLYGONALFACE((155,160,159));
#4955=IFCINDEXEDPOLYGONALFACE((159,158,157));
#4956=IFCINDEXEDPOLYGONALFACE((160,158,159));
#4957=IFCINDEXEDPOLYGONALFACE((162,164,161));
#4958=IFCINDEXEDPOLYGONALFACE((165,162,161));
#4959=IFCINDEXEDPOLYGONALFACE((161,164,163));
#4960=IFCINDEXEDPOLYGONALFACE((163,165,161));
#4961=IFCINDEXEDPOLYGONALFACE((162,168,164));
#4962=IFCINDEXEDPOLYGONALFACE((166,162,165));
#4963=IFCINDEXEDPOLYGONALFACE((166,168,162));
#4964=IFCINDEXEDPOLYGONALFACE((164,168,163));
#4965=IFCINDEXEDPOLYGONALFACE((167,165,163));
#4966=IFCINDEXEDPOLYGONALFACE((163,168,167));
#4967=IFCINDEXEDPOLYGONALFACE((167,166,165));
#4968=IFCINDEXEDPOLYGONALFACE((168,166,167));
#4969=IFCINDEXEDPOLYGONALFACE((170,172,169));
#4970=IFCINDEXEDPOLYGONALFACE((173,170,169));
#4971=IFCINDEXEDPOLYGONALFACE((169,172,171));
#4972=IFCINDEXEDPOLYGONALFACE((171,173,169));
#4973=IFCINDEXEDPOLYGONALFACE((170,176,172));
#4974=IFCINDEXEDPOLYGONALFACE((174,170,173));
#4975=IFCINDEXEDPOLYGONALFACE((174,176,170));
#4976=IFCINDEXEDPOLYGONALFACE((172,176,171));
#4977=IFCINDEXEDPOLYGONALFACE((175,173,171));
#4978=IFCINDEXEDPOLYGONALFACE((171,176,175));
#4979=IFCINDEXEDPOLYGONALFACE((175,174,173));
#4980=IFCINDEXEDPOLYGONALFACE((176,174,175));
#4981=IFCINDEXEDPOLYGONALFACE((178,180,177));
#4982=IFCINDEXEDPOLYGONALFACE((181,178,177));
#4983=IFCINDEXEDPOLYGONALFACE((177,180,179));
#4984=IFCINDEXEDPOLYGONALFACE((179,181,177));
#4985=IFCINDEXEDPOLYGONALFACE((178,184,180));
#4986=IFCINDEXEDPOLYGONALFACE((182,178,181));
#4987=IFCINDEXEDPOLYGONALFACE((182,184,178));
#4988=IFCINDEXEDPOLYGONALFACE((180,184,179));
#4989=IFCINDEXEDPOLYGONALFACE((183,181,179));
#4990=IFCINDEXEDPOLYGONALFACE((179,184,183));
#4991=IFCINDEXEDPOLYGONALFACE((183,182,181));
#4992=IFCINDEXEDPOLYGONALFACE((184,182,183));
#4993=IFCINDEXEDPOLYGONALFACE((186,188,185));
#4994=IFCINDEXEDPOLYGONALFACE((189,186,185));
#4995=IFCINDEXEDPOLYGONALFACE((185,188,187));
#4996=IFCINDEXEDPOLYGONALFACE((187,189,185));
#4997=IFCINDEXEDPOLYGONALFACE((186,192,188));
#4998=IFCINDEXEDPOLYGONALFACE((190,186,189));
#4999=IFCINDEXEDPOLYGONALFACE((190,192,186));
#5000=IFCINDEXEDPOLYGONALFACE((188,192,187));
#5001=IFCINDEXEDPOLYGONALFACE((191,189,187));
#5002=IFCINDEXEDPOLYGONALFACE((187,192,191));
#5003=IFCINDEXEDPOLYGONALFACE((191,190,189));
#5004=IFCINDEXEDPOLYGONALFACE((192,190,191));
#5005=IFCINDEXEDPOLYGONALFACE((194,196,193));
#5006=IFCINDEXEDPOLYGONALFACE((197,194,193));
#5007=IFCINDEXEDPOLYGONALFACE((193,196,195));
#5008=IFCINDEXEDPOLYGONALFACE((195,197,193));
#5009=IFCINDEXEDPOLYGONALFACE((194,200,196));
#5010=IFCINDEXEDPOLYGONALFACE((198,194,197));
#5011=IFCINDEXEDPOLYGONALFACE((198,200,194));
#5012=IFCINDEXEDPOLYGONALFACE((196,200,195));
#5013=IFCINDEXEDPOLYGONALFACE((199,197,195));
#5014=IFCINDEXEDPOLYGONALFACE((195,200,199));
#5015=IFCINDEXEDPOLYGONALFACE((199,198,197));
#5016=IFCINDEXEDPOLYGONALFACE((200,198,199));
#5017=IFCINDEXEDPOLYGONALFACE((202,204,201));
#5018=IFCINDEXEDPOLYGONALFACE((205,202,201));
#5019=IFCINDEXEDPOLYGONALFACE((201,204,203));
#5020=IFCINDEXEDPOLYGONALFACE((203,205,201));
#5021=IFCINDEXEDPOLYGONALFACE((202,208,204));
#5022=IFCINDEXEDPOLYGONALFACE((206,202,205));
#5023=IFCINDEXEDPOLYGONALFACE((206,208,202));
#5024=IFCINDEXEDPOLYGONALFACE((204,208,203));
#5025=IFCINDEXEDPOLYGONALFACE((207,205,203));
#5026=IFCINDEXEDPOLYGONALFACE((203,208,207));
#5027=IFCINDEXEDPOLYGONALFACE((207,206,205));
#5028=IFCINDEXEDPOLYGONALFACE((208,206,207));
#5029=IFCINDEXEDPOLYGONALFACE((210,212,209));
#5030=IFCINDEXEDPOLYGONALFACE((213,210,209));
#5031=IFCINDEXEDPOLYGONALFACE((209,212,211));
#5032=IFCINDEXEDPOLYGONALFACE((211,213,209));
#5033=IFCINDEXEDPOLYGONALFACE((210,216,212));
#5034=IFCINDEXEDPOLYGONALFACE((214,210,213));
#5035=IFCINDEXEDPOLYGONALFACE((214,216,210));
#5036=IFCINDEXEDPOLYGONALFACE((212,216,211));
#5037=IFCINDEXEDPOLYGONALFACE((215,213,211));
#5038=IFCINDEXEDPOLYGONALFACE((211,216,215));
#5039=IFCINDEXEDPOLYGONALFACE((215,214,213));
#5040=IFCINDEXEDPOLYGONALFACE((216,214,215));
#5041=IFCINDEXEDPOLYGONALFACE((218,220,217));
#5042=IFCINDEXEDPOLYGONALFACE((221,218,217));
#5043=IFCINDEXEDPOLYGONALFACE((217,220,219));
#5044=IFCINDEXEDPOLYGONALFACE((219,221,217));
#5045=IFCINDEXEDPOLYGONALFACE((218,224,220));
#5046=IFCINDEXEDPOLYGONALFACE((222,218,221));
#5047=IFCINDEXEDPOLYGONALFACE((222,224,218));
#5048=IFCINDEXEDPOLYGONALFACE((220,224,219));
#5049=IFCINDEXEDPOLYGONALFACE((223,221,219));
#5050=IFCINDEXEDPOLYGONALFACE((219,224,223));
#5051=IFCINDEXEDPOLYGONALFACE((223,222,221));
#5052=IFCINDEXEDPOLYGONALFACE((224,222,223));
#5053=IFCINDEXEDPOLYGONALFACE((226,225,229));
#5054=IFCINDEXEDPOLYGONALFACE((226,229,227));
#5055=IFCINDEXEDPOLYGONALFACE((227,229,230));
#5056=IFCINDEXEDPOLYGONALFACE((227,230,228));
#5057=IFCINDEXEDPOLYGONALFACE((229,225,231));
#5058=IFCINDEXEDPOLYGONALFACE((229,231,230));
#5059=IFCINDEXEDPOLYGONALFACE((230,231,232));
#5060=IFCINDEXEDPOLYGONALFACE((230,232,228));
#5061=IFCINDEXEDPOLYGONALFACE((231,225,233));
#5062=IFCINDEXEDPOLYGONALFACE((231,233,232));
#5063=IFCINDEXEDPOLYGONALFACE((232,233,234));
#5064=IFCINDEXEDPOLYGONALFACE((232,234,228));
#5065=IFCINDEXEDPOLYGONALFACE((233,225,235));
#5066=IFCINDEXEDPOLYGONALFACE((233,235,234));
#5067=IFCINDEXEDPOLYGONALFACE((234,235,236));
#5068=IFCINDEXEDPOLYGONALFACE((234,236,228));
#5069=IFCINDEXEDPOLYGONALFACE((235,225,237));
#5070=IFCINDEXEDPOLYGONALFACE((235,237,236));
#5071=IFCINDEXEDPOLYGONALFACE((236,237,238));
#5072=IFCINDEXEDPOLYGONALFACE((236,238,228));
#5073=IFCINDEXEDPOLYGONALFACE((237,225,239));
#5074=IFCINDEXEDPOLYGONALFACE((237,239,238));
#5075=IFCINDEXEDPOLYGONALFACE((238,239,240));
#5076=IFCINDEXEDPOLYGONALFACE((238,240,228));
#5077=IFCINDEXEDPOLYGONALFACE((239,225,241));
#5078=IFCINDEXEDPOLYGONALFACE((239,241,240));
#5079=IFCINDEXEDPOLYGONALFACE((240,241,242));
#5080=IFCINDEXEDPOLYGONALFACE((240,242,228));
#5081=IFCINDEXEDPOLYGONALFACE((241,225,226));
#5082=IFCINDEXEDPOLYGONALFACE((241,226,242));
#5083=IFCINDEXEDPOLYGONALFACE((242,226,227));
#5084=IFCINDEXEDPOLYGONALFACE((242,227,228));
#5085=IFCINDEXEDPOLYGONALFACE((244,243,247));
#5086=IFCINDEXEDPOLYGONALFACE((244,247,245));
#5087=IFCINDEXEDPOLYGONALFACE((245,247,248));
#5088=IFCINDEXEDPOLYGONALFACE((245,248,246));
#5089=IFCINDEXEDPOLYGONALFACE((247,243,249));
#5090=IFCINDEXEDPOLYGONALFACE((247,249,248));
#5091=IFCINDEXEDPOLYGONALFACE((248,249,250));
#5092=IFCINDEXEDPOLYGONALFACE((248,250,246));
#5093=IFCINDEXEDPOLYGONALFACE((249,243,251));
#5094=IFCINDEXEDPOLYGONALFACE((249,251,250));
#5095=IFCINDEXEDPOLYGONALFACE((250,251,252));
#5096=IFCINDEXEDPOLYGONALFACE((250,252,246));
#5097=IFCINDEXEDPOLYGONALFACE((251,243,253));
#5098=IFCINDEXEDPOLYGONALFACE((251,253,252));
#5099=IFCINDEXEDPOLYGONALFACE((252,253,254));
#5100=IFCINDEXEDPOLYGONALFACE((252,254,246));
#5101=IFCINDEXEDPOLYGONALFACE((253,243,255));
#5102=IFCINDEXEDPOLYGONALFACE((253,255,254));
#5103=IFCINDEXEDPOLYGONALFACE((254,255,256));
#5104=IFCINDEXEDPOLYGONALFACE((254,256,246));
#5105=IFCINDEXEDPOLYGONALFACE((255,243,257));
#5106=IFCINDEXEDPOLYGONALFACE((255,257,256));
#5107=IFCINDEXEDPOLYGONALFACE((256,257,258));
#5108=IFCINDEXEDPOLYGONALFACE((256,258,246));
#5109=IFCINDEXEDPOLYGONALFACE((257,243,259));
#5110=IFCINDEXEDPOLYGONALFACE((257,259,258));
#5111=IFCINDEXEDPOLYGONALFACE((258,259,260));
#5112=IFCINDEXEDPOLYGONALFACE((258,260,246));
#5113=IFCINDEXEDPOLYGONALFACE((259,243,244));
#5114=IFCINDEXEDPOLYGONALFACE((259,244,260));
#5115=IFCINDEXEDPOLYGONALFACE((260,244,245));
#5116=IFCINDEXEDPOLYGONALFACE((260,245,246));
#5117=IFCINDEXEDPOLYGONALFACE((262,261,265));
#5118=IFCINDEXEDPOLYGONALFACE((262,265,263));
#5119=IFCINDEXEDPOLYGONALFACE((263,265,266));
#5120=IFCINDEXEDPOLYGONALFACE((263,266,264));
#5121=IFCINDEXEDPOLYGONALFACE((265,261,267));
#5122=IFCINDEXEDPOLYGONALFACE((265,267,266));
#5123=IFCINDEXEDPOLYGONALFACE((266,267,268));
#5124=IFCINDEXEDPOLYGONALFACE((266,268,264));
#5125=IFCINDEXEDPOLYGONALFACE((267,261,269));
#5126=IFCINDEXEDPOLYGONALFACE((267,269,268));
#5127=IFCINDEXEDPOLYGONALFACE((268,269,270));
#5128=IFCINDEXEDPOLYGONALFACE((268,270,264));
#5129=IFCINDEXEDPOLYGONALFACE((269,261,271));
#5130=IFCINDEXEDPOLYGONALFACE((269,271,270));
#5131=IFCINDEXEDPOLYGONALFACE((270,271,272));
#5132=IFCINDEXEDPOLYGONALFACE((270,272,264));
#5133=IFCINDEXEDPOLYGONALFACE((271,261,273));
#5134=IFCINDEXEDPOLYGONALFACE((271,273,272));
#5135=IFCINDEXEDPOLYGONALFACE((272,273,274));
#5136=IFCINDEXEDPOLYGONALFACE((272,274,264));
#5137=IFCINDEXEDPOLYGONALFACE((273,261,275));
#5138=IFCINDEXEDPOLYGONALFACE((273,275,274));
#5139=IFCINDEXEDPOLYGONALFACE((274,275,276));
#5140=IFCINDEXEDPOLYGONALFACE((274,276,264));
#5141=IFCINDEXEDPOLYGONALFACE((275,261,277));
#5142=IFCINDEXEDPOLYGONALFACE((275,277,276));
#5143=IFCINDEXEDPOLYGONALFACE((276,277,278));
#5144=IFCINDEXEDPOLYGONALFACE((276,278,264));
#5145=IFCINDEXEDPOLYGONALFACE((277,261,262));
#5146=IFCINDEXEDPOLYGONALFACE((277,262,278));
#5147=IFCINDEXEDPOLYGONALFACE((278,262,263));
#5148=IFCINDEXEDPOLYGONALFACE((278,263,264));
#5149=IFCINDEXEDPOLYGONALFACE((280,279,283));
#5150=IFCINDEXEDPOLYGONALFACE((280,283,281));
#5151=IFCINDEXEDPOLYGONALFACE((281,283,284));
#5152=IFCINDEXEDPOLYGONALFACE((281,284,282));
#5153=IFCINDEXEDPOLYGONALFACE((283,279,285));
#5154=IFCINDEXEDPOLYGONALFACE((283,285,284));
#5155=IFCINDEXEDPOLYGONALFACE((284,285,286));
#5156=IFCINDEXEDPOLYGONALFACE((284,286,282));
#5157=IFCINDEXEDPOLYGONALFACE((285,279,287));
#5158=IFCINDEXEDPOLYGONALFACE((285,287,286));
#5159=IFCINDEXEDPOLYGONALFACE((286,287,288));
#5160=IFCINDEXEDPOLYGONALFACE((286,288,282));
#5161=IFCINDEXEDPOLYGONALFACE((287,279,289));
#5162=IFCINDEXEDPOLYGONALFACE((287,289,288));
#5163=IFCINDEXEDPOLYGONALFACE((288,289,290));
#5164=IFCINDEXEDPOLYGONALFACE((288,290,282));
#5165=IFCINDEXEDPOLYGONALFACE((289,279,291));
#5166=IFCINDEXEDPOLYGONALFACE((289,291,290));
#5167=IFCINDEXEDPOLYGONALFACE((290,291,292));
#5168=IFCINDEXEDPOLYGONALFACE((290,292,282));
#5169=IFCINDEXEDPOLYGONALFACE((291,279,293));
#5170=IFCINDEXEDPOLYGONALFACE((291,293,292));
#5171=IFCINDEXEDPOLYGONALFACE((292,293,294));
#5172=IFCINDEXEDPOLYGONALFACE((292,294,282));
#5173=IFCINDEXEDPOLYGONALFACE((293,279,295));
#5174=IFCINDEXEDPOLYGONALFACE((293,295,294));
#5175=IFCINDEXEDPOLYGONALFACE((294,295,296));
#5176=IFCINDEXEDPOLYGONALFACE((294,296,282));
#5177=IFCINDEXEDPOLYGONALFACE((295,279,280));
#5178=IFCINDEXEDPOLYGONALFACE((295,280,296));
#5179=IFCINDEXEDPOLYGONALFACE((296,280,281));
#5180=IFCINDEXEDPOLYGONALFACE((296,281,282));
#5181=IFCINDEXEDPOLYGONALFACE((298,297,301));
#5182=IFCINDEXEDPOLYGONALFACE((298,301,299));
#5183=IFCINDEXEDPOLYGONALFACE((299,301,302));
#5184=IFCINDEXEDPOLYGONALFACE((299,302,300));
#5185=IFCINDEXEDPOLYGONALFACE((301,297,303));
#5186=IFCINDEXEDPOLYGONALFACE((301,303,302));
#5187=IFCINDEXEDPOLYGONALFACE((302,303,304));
#5188=IFCINDEXEDPOLYGONALFACE((302,304,300));
#5189=IFCINDEXEDPOLYGONALFACE((303,297,305));
#5190=IFCINDEXEDPOLYGONALFACE((303,305,304));
#5191=IFCINDEXEDPOLYGONALFACE((304,305,306));
#5192=IFCINDEXEDPOLYGONALFACE((304,306,300));
#5193=IFCINDEXEDPOLYGONALFACE((305,297,307));
#5194=IFCINDEXEDPOLYGONALFACE((305,307,306));
#5195=IFCINDEXEDPOLYGONALFACE((306,307,308));
#5196=IFCINDEXEDPOLYGONALFACE((306,308,300));
#5197=IFCINDEXEDPOLYGONALFACE((307,297,309));
#5198=IFCINDEXEDPOLYGONALFACE((307,309,308));
#5199=IFCINDEXEDPOLYGONALFACE((308,309,310));
#5200=IFCINDEXEDPOLYGONALFACE((308,310,300));
#5201=IFCINDEXEDPOLYGONALFACE((309,297,311));
#5202=IFCINDEXEDPOLYGONALFACE((309,311,310));
#5203=IFCINDEXEDPOLYGONALFACE((310,311,312));
#5204=IFCINDEXEDPOLYGONALFACE((310,312,300));
#5205=IFCINDEXEDPOLYGONALFACE((311,297,313));
#5206=IFCINDEXEDPOLYGONALFACE((311,313,312));
#5207=IFCINDEXEDPOLYGONALFACE((312,313,314));
#5208=IFCINDEXEDPOLYGONALFACE((312,314,300));
#5209=IFCINDEXEDPOLYGONALFACE((313,297,298));
#5210=IFCINDEXEDPOLYGONALFACE((313,298,314));
#5211=IFCINDEXEDPOLYGONALFACE((314,298,299));
#5212=IFCINDEXEDPOLYGONALFACE((314,299,300));
#5213=IFCINDEXEDPOLYGONALFACE((316,315,319));
#5214=IFCINDEXEDPOLYGONALFACE((316,319,317));
#5215=IFCINDEXEDPOLYGONALFACE((317,319,320));
#5216=IFCINDEXEDPOLYGONALFACE((317,320,318));
#5217=IFCINDEXEDPOLYGONALFACE((319,315,321));
#5218=IFCINDEXEDPOLYGONALFACE((319,321,320));
#5219=IFCINDEXEDPOLYGONALFACE((320,321,322));
#5220=IFCINDEXEDPOLYGONALFACE((320,322,318));
#5221=IFCINDEXEDPOLYGONALFACE((321,315,323));
#5222=IFCINDEXEDPOLYGONALFACE((321,323,322));
#5223=IFCINDEXEDPOLYGONALFACE((322,323,324));
#5224=IFCINDEXEDPOLYGONALFACE((322,324,318));
#5225=IFCINDEXEDPOLYGONALFACE((323,315,325));
#5226=IFCINDEXEDPOLYGONALFACE((323,325,324));
#5227=IFCINDEXEDPOLYGONALFACE((324,325,326));
#5228=IFCINDEXEDPOLYGONALFACE((324,326,318));
#5229=IFCINDEXEDPOLYGONALFACE((325,315,327));
#5230=IFCINDEXEDPOLYGONALFACE((325,327,326));
#5231=IFCINDEXEDPOLYGONALFACE((326,327,328));
#5232=IFCINDEXEDPOLYGONALFACE((326,328,318));
#5233=IFCINDEXEDPOLYGONALFACE((327,315,329));
#5234=IFCINDEXEDPOLYGONALFACE((327,329,328));
#5235=IFCINDEXEDPOLYGONALFACE((328,329,330));
#5236=IFCINDEXEDPOLYGONALFACE((328,330,318));
#5237=IFCINDEXEDPOLYGONALFACE((329,315,331));
#5238=IFCINDEXEDPOLYGONALFACE((329,331,330));
#5239=IFCINDEXEDPOLYGONALFACE((330,331,332));
#5240=IFCINDEXEDPOLYGONALFACE((330,332,318));
#5241=IFCINDEXEDPOLYGONALFACE((331,315,316));
#5242=IFCINDEXEDPOLYGONALFACE((331,316,332));
#5243=IFCINDEXEDPOLYGONALFACE((332,316,317));
#5244=IFCINDEXEDPOLYGONALFACE((332,317,318));
#5245=IFCINDEXEDPOLYGONALFACE((334,333,337));
#5246=IFCINDEXEDPOLYGONALFACE((334,337,335));
#5247=IFCINDEXEDPOLYGONALFACE((335,337,338));
#5248=IFCINDEXEDPOLYGONALFACE((335,338,336));
#5249=IFCINDEXEDPOLYGONALFACE((337,333,339));
#5250=IFCINDEXEDPOLYGONALFACE((337,339,338));
#5251=IFCINDEXEDPOLYGONALFACE((338,339,340));
#5252=IFCINDEXEDPOLYGONALFACE((338,340,336));
#5253=IFCINDEXEDPOLYGONALFACE((339,333,341));
#5254=IFCINDEXEDPOLYGONALFACE((339,341,340));
#5255=IFCINDEXEDPOLYGONALFACE((340,341,342));
#5256=IFCINDEXEDPOLYGONALFACE((340,342,336));
#5257=IFCINDEXEDPOLYGONALFACE((341,333,343));
#5258=IFCINDEXEDPOLYGONALFACE((341,343,342));
#5259=IFCINDEXEDPOLYGONALFACE((342,343,344));
#5260=IFCINDEXEDPOLYGONALFACE((342,344,336));
#5261=IFCINDEXEDPOLYGONALFACE((343,333,345));
#5262=IFCINDEXEDPOLYGONALFACE((343,345,344));
#5263=IFCINDEXEDPOLYGONALFACE((344,345,346));
#5264=IFCINDEXEDPOLYGONALFACE((344,346,336));
#5265=IFCINDEXEDPOLYGONALFACE((345,333,347));
#5266=IFCINDEXEDPOLYGONALFACE((345,347,346));
#5267=IFCINDEXEDPOLYGONALFACE((346,347,348));
#5268=IFCINDEXEDPOLYGONALFACE((346,348,336));
#5269=IFCINDEXEDPOLYGONALFACE((347,333,349));
#5270=IFCINDEXEDPOLYGONALFACE((347,349,348));
#5271=IFCINDEXEDPOLYGONALFACE((348,349,350));
#5272=IFCINDEXEDPOLYGONALFACE((348,350,336));
#5273=IFCINDEXEDPOLYGONALFACE((349,333,334));
#5274=IFCINDEXEDPOLYGONALFACE((349,334,350));
#5275=IFCINDEXEDPOLYGONALFACE((350,334,335));
#5276=IFCINDEXEDPOLYGONALFACE((350,335,336));
#5277=IFCINDEXEDPOLYGONALFACE((352,351,355));
#5278=IFCINDEXEDPOLYGONALFACE((352,355,353));
#5279=IFCINDEXEDPOLYGONALFACE((353,355,356));
#5280=IFCINDEXEDPOLYGONALFACE((353,356,354));
#5281=IFCINDEXEDPOLYGONALFACE((355,351,357));
#5282=IFCINDEXEDPOLYGONALFACE((355,357,356));
#5283=IFCINDEXEDPOLYGONALFACE((356,357,358));
#5284=IFCINDEXEDPOLYGONALFACE((356,358,354));
#5285=IFCINDEXEDPOLYGONALFACE((357,351,359));
#5286=IFCINDEXEDPOLYGONALFACE((357,359,358));
#5287=IFCINDEXEDPOLYGONALFACE((358,359,360));
#5288=IFCINDEXEDPOLYGONALFACE((358,360,354));
#5289=IFCINDEXEDPOLYGONALFACE((359,351,361));
#5290=IFCINDEXEDPOLYGONALFACE((359,361,360));
#5291=IFCINDEXEDPOLYGONALFACE((360,361,362));
#5292=IFCINDEXEDPOLYGONALFACE((360,362,354));
#5293=IFCINDEXEDPOLYGONALFACE((361,351,363));
#5294=IFCINDEXEDPOLYGONALFACE((361,363,362));
#5295=IFCINDEXEDPOLYGONALFACE((362,363,364));
#5296=IFCINDEXEDPOLYGONALFACE((362,364,354));
#5297=IFCINDEXEDPOLYGONALFACE((363,351,365));
#5298=IFCINDEXEDPOLYGONALFACE((363,365,364));
#5299=IFCINDEXEDPOLYGONALFACE((364,365,366));
#5300=IFCINDEXEDPOLYGONALFACE((364,366,354));
#5301=IFCINDEXEDPOLYGONALFACE((365,351,367));
#5302=IFCINDEXEDPOLYGONALFACE((365,367,366));
#5303=IFCINDEXEDPOLYGONALFACE((366,367,368));
#5304=IFCINDEXEDPOLYGONALFACE((366,368,354));
#5305=IFCINDEXEDPOLYGONALFACE((367,351,352));
#5306=IFCINDEXEDPOLYGONALFACE((367,352,368));
#5307=IFCINDEXEDPOLYGONALFACE((368,352,353));
#5308=IFCINDEXEDPOLYGONALFACE((368,353,354));
#5309=IFCPOLYGONALFACESET(#4716,$,(#4717,#4718,#4719,#4720,#4721,#4722,#4723,#4724,#4725,#4726,#4727,#4728,#4729,#4730,#4731,#4732,#4733,#4734,#4735,#4736,#4737,#4738,#4739,#4740,#4741,#4742,#4743,#4744,#4745,#4746,#4747,#4748,#4749,#4750,#4751,#4752,#4753,#4754,#4755,#4756,#4757,#4758,#4759,#4760,#4761,#4762,#4763,#4764,#4765,#4766,#4767,#4768,#4769,#4770,#4771,#4772,#4773,#4774,#4775,#4776,#4777,#4778,#4779,#4780,#4781,#4782,#4783,#4784,#4785,#4786,#4787,#4788,#4789,#4790,#4791,#4792,#4793,#4794,#4795,#4796,#4797,#4798,#4799,#4800,#4801,#4802,#4803,#4804,#4805,#4806,#4807,#4808,#4809,#4810,#4811,#4812,#4813,#4814,#4815,#4816,#4817,#4818,#4819,#4820,#4821,#4822,#4823,#4824,#4825,#4826,#4827,#4828,#4829,#4830,#4831,#4832,#4833,#4834,#4835,#4836,#4837,#4838,#4839,#4840,#4841,#4842,#4843,#4844,#4845,#4846,#4847,#4848,#4849,#4850,#4851,#4852,#4853,#4854,#4855,#4856,#4857,#4858,#4859,#4860,#4861,#4862,#4863,#4864,#4865,#4866,#4867,#4868,#4869,#4870,#4871,#4872,#4873,#4874,#4875,#4876,#4877,#4878,#4879,#4880,#4881,#4882,#4883,#4884,#4885,#4886,#4887,#4888,#4889,#4890,#4891,#4892,#4893,#4894,#4895,#4896,#4897,#4898,#4899,#4900,#4901,#4902,#4903,#4904,#4905,#4906,#4907,#4908,#4909,#4910,#4911,#4912,#4913,#4914,#4915,#4916,#4917,#4918,#4919,#4920,#4921,#4922,#4923,#4924,#4925,#4926,#4927,#4928,#4929,#4930,#4931,#4932,#4933,#4934,#4935,#4936,#4937,#4938,#4939,#4940,#4941,#4942,#4943,#4944,#4945,#4946,#4947,#4948,#4949,#4950,#4951,#4952,#4953,#4954,#4955,#4956,#4957,#4958,#4959,#4960,#4961,#4962,#4963,#4964,#4965,#4966,#4967,#4968,#4969,#4970,#4971,#4972,#4973,#4974,#4975,#4976,#4977,#4978,#4979,#4980,#4981,#4982,#4983,#4984,#4985,#4986,#4987,#4988,#4989,#4990,#4991,#4992,#4993,#4994,#4995,#4996,#4997,#4998,#4999,#5000,#5001,#5002,#5003,#5004,#5005,#5006,#5007,#5008,#5009,#5010,#5011,#5012,#5013,#5014,#5015,#5016,#5017,#5018,#5019,#5020,#5021,#5022,#5023,#5024,#5025,#5026,#5027,#5028,#5029,#5030,#5031,#5032,#5033,#5034,#5035,#5036,#5037,#5038,#5039,#5040,#5041,#5042,#5043,#5044,#5045,#5046,#5047,#5048,#5049,#5050,#5051,#5052,#5053,#5054,#5055,#5056,#5057,#5058,#5059,#5060,#5061,#5062,#5063,#5064,#5065,#5066,#5067,#5068,#5069,#5070,#5071,#5072,#5073,#5074,#5075,#5076,#5077,#5078,#5079,#5080,#5081,#5082,#5083,#5084,#5085,#5086,#5087,#5088,#5089,#5090,#5091,#5092,#5093,#5094,#5095,#5096,#5097,#5098,#5099,#5100,#5101,#5102,#5103,#5104,#5105,#5106,#5107,#5108,#5109,#5110,#5111,#5112,#5113,#5114,#5115,#5116,#5117,#5118,#5119,#5120,#5121,#5122,#5123,#5124,#5125,#5126,#5127,#5128,#5129,#5130,#5131,#5132,#5133,#5134,#5135,#5136,#5137,#5138,#5139,#5140,#5141,#5142,#5143,#5144,#5145,#5146,#5147,#5148,#5149,#5150,#5151,#5152,#5153,#5154,#5155,#5156,#5157,#5158,#5159,#5160,#5161,#5162,#5163,#5164,#5165,#5166,#5167,#5168,#5169,#5170,#5171,#5172,#5173,#5174,#5175,#5176,#5177,#5178,#5179,#5180,#5181,#5182,#5183,#5184,#5185,#5186,#5187,#5188,#5189,#5190,#5191,#5192,#5193,#5194,#5195,#5196,#5197,#5198,#5199,#5200,#5201,#5202,#5203,#5204,#5205,#5206,#5207,#5208,#5209,#5210,#5211,#5212,#5213,#5214,#5215,#5216,#5217,#5218,#5219,#5220,#5221,#5222,#5223,#5224,#5225,#5226,#5227,#5228,#5229,#5230,#5231,#5232,#5233,#5234,#5235,#5236,#5237,#5238,#5239,#5240,#5241,#5242,#5243,#5244,#5245,#5246,#5247,#5248,#5249,#5250,#5251,#5252,#5253,#5254,#5255,#5256,#5257,#5258,#5259,#5260,#5261,#5262,#5263,#5264,#5265,#5266,#5267,#5268,#5269,#5270,#5271,#5272,#5273,#5274,#5275,#5276,#5277,#5278,#5279,#5280,#5281,#5282,#5283,#5284,#5285,#5286,#5287,#5288,#5289,#5290,#5291,#5292,#5293,#5294,#5295,#5296,#5297,#5298,#5299,#5300,#5301,#5302,#5303,#5304,#5305,#5306,#5307,#5308),$);
#5310=IFCSHAPEREPRESENTATION(#16,'Body','Tessellation',(#5309));
#5311=IFCPRODUCTDEFINITIONSHAPE($,$,(#5310));
#5312=IFCCARTESIANPOINT((0.,0.,0.));
#5313=IFCDIRECTION((0.,0.,1.));
#5314=IFCDIRECTION((1.,0.,0.));
#5315=IFCAXIS2PLACEMENT3D(#5312,#5313,#5314);
#5316=IFCLOCALPLACEMENT($,#5315);
#5317=IFCOWNERHISTORY(#5,#6,.READWRITE.,.ADDED.,1788887598,#5,#6,1788887598);
#5318=IFCPROPERTYSET('36GoH4GXH91PAh8C2yIaPQ',#5317,'Pset_TrimeshGeneration',$,(#5321,#5322,#5323,#5324,#5325));
#5319=IFCOWNERHISTORY(#5,#6,.READWRITE.,.ADDED.,1788887598,#5,#6,1788887598);
#5320=IFCRELDEFINESBYPROPERTIES('2ZpEQfeTH2UwkCFe4DhrpO',#5319,$,$,(#4715),#5318);
#5321=IFCPROPERTYSINGLEVALUE('GenerationMethod',$,IFCLABEL('TRIMESH_CODE'),$);
#5322=IFCPROPERTYSINGLEVALUE('VertexCount',$,IFCINTEGER(368),$);
#5323=IFCPROPERTYSINGLEVALUE('FaceCount',$,IFCINTEGER(592),$);
#5324=IFCPROPERTYSINGLEVALUE('IsWatertight',$,IFCBOOLEAN(.T.),$);
#5325=IFCPROPERTYSINGLEVALUE('Volume',$,IFCREAL(0.4577878438166092),$);
#5326=IFCOWNERHISTORY(#5,#6,.READWRITE.,.MODIFIED.,1788887599,#5,#6,1788887599);
#5327=IFCSTAIR('3HycFY18bFHul_2L6FbA7d',#5326,'Access_Ladder',$,$,#6032,#6027,$,$);
#5328=IFCCARTESIANPOINTLIST3D(((4.225,1.3699999999999999,-1.),(4.225,1.3699999999999999,5.6),(4.225,1.43,-1.),(4.225,1.43,5.6),(4.275,1.3699999999999999,-1.),(4.275,1.3699999999999999,5.6),(4.275,1.43,-1.),(4.275,1.43,5.6),(4.725,1.3699999999999999,-1.),(4.725,1.3699999999999999,5.6),(4.725,1.43,-1.),(4.725,1.43,5.6),(4.775,1.3699999999999999,-1.),(4.775,1.3699999999999999,5.6),(4.775,1.43,-1.),(4.775,1.43,5.6),(4.25,1.4,-0.7),(4.25,1.4,-0.718),(4.75,1.4,-0.718),(4.75,1.4,-0.7),(4.25,1.4127279220613578,-0.7127279220613578),(4.75,1.4127279220613578,-0.7127279220613578),(4.25,1.418,-0.7),(4.75,1.418,-0.7),(4.25,1.4127279220613578,-0.6872720779386421),(4.75,1.4127279220613578,-0.6872720779386421),(4.25,1.4,-0.6819999999999999),(4.75,1.4,-0.6819999999999999),(4.25,1.387272077938642,-0.6872720779386421),(4.75,1.387272077938642,-0.6872720779386421),(4.25,1.382,-0.7),(4.75,1.382,-0.7),(4.25,1.387272077938642,-0.7127279220613578),(4.75,1.387272077938642,-0.7127279220613578),(4.25,1.4,-0.4),(4.25,1.4,-0.41800000000000004),(4.75,1.4,-0.41800000000000004),(4.75,1.4,-0.4),(4.25,1.4127279220613578,-0.4127279220613579),(4.75,1.4127279220613578,-0.4127279220613579),(4.25,1.418,-0.4),(4.75,1.418,-0.4),(4.25,1.4127279220613578,-0.38727207793864216),(4.75,1.4127279220613578,-0.38727207793864216),(4.25,1.4,-0.382),(4.75,1.4,-0.382),(4.25,1.387272077938642,-0.38727207793864216),(4.75,1.387272077938642,-0.38727207793864216),(4.25,1.382,-0.4),(4.75,1.382,-0.4),(4.25,1.387272077938642,-0.4127279220613579),(4.75,1.387272077938642,-0.4127279220613579),(4.25,1.4,-0.10000000000000009),(4.25,1.4,-0.11800000000000009),(4.75,1.4,-0.11800000000000009),(4.75,1.4,-0.10000000000000009),(4.25,1.4127279220613578,-0.11272792206135794),(4.75,1.4127279220613578,-0.11272792206135794),(4.25,1.418,-0.10000000000000009),(4.75,1.418,-0.10000000000000009),(4.25,1.4127279220613578,-0.08727207793864224),(4.75,1.4127279220613578,-0.08727207793864224),(4.25,1.4,-0.08200000000000009),(4.75,1.4,-0.08200000000000009),(4.25,1.387272077938642,-0.08727207793864224),(4.75,1.387272077938642,-0.08727207793864224),(4.25,1.382,-0.10000000000000009),(4.75,1.382,-0.10000000000000009),(4.25,1.387272077938642,-0.11272792206135794),(4.75,1.387272077938642,-0.11272792206135794),(4.25,1.4,0.19999999999999996),(4.25,1.4,0.18199999999999997),(4.75,1.4,0.18199999999999997),(4.75,1.4,0.19999999999999996),(4.25,1.4127279220613578,0.1872720779386421),(4.75,1.4127279220613578,0.1872720779386421),(4.25,1.418,0.19999999999999996),(4.75,1.418,0.19999999999999996),(4.25,1.4127279220613578,0.21272792206135782),(4.75,1.4127279220613578,0.21272792206135782),(4.25,1.4,0.21799999999999994),(4.75,1.4,0.21799999999999994),(4.25,1.387272077938642,0.21272792206135782),(4.75,1.387272077938642,0.21272792206135782),(4.25,1.382,0.19999999999999996),(4.75,1.382,0.19999999999999996),(4.25,1.387272077938642,0.1872720779386421),(4.75,1.387272077938642,0.1872720779386421),(4.25,1.4,0.5),(4.25,1.4,0.482),(4.75,1.4,0.482),(4.75,1.4,0.5),(4.25,1.4127279220613578,0.48727207793864213),(4.75,1.4127279220613578,0.48727207793864213),(4.25,1.418,0.5),(4.75,1.418,0.5),(4.25,1.4127279220613578,0.5127279220613579),(4.75,1.4127279220613578,0.5127279220613579),(4.25,1.4,0.518),(4.75,1.4,0.518),(4.25,1.387272077938642,0.5127279220613579),(4.75,1.387272077938642,0.5127279220613579),(4.25,1.382,0.5),(4.75,1.382,0.5),(4.25,1.387272077938642,0.48727207793864213),(4.75,1.387272077938642,0.48727207793864213),(4.25,1.4,0.7999999999999998),(4.25,1.4,0.7819999999999998),(4.75,1.4,0.7819999999999998),(4.75,1.4,0.7999999999999998),(4.25,1.4127279220613578,0.787272077938642),(4.75,1.4127279220613578,0.787272077938642),(4.25,1.418,0.7999999999999998),(4.75,1.418,0.7999999999999998),(4.25,1.4127279220613578,0.8127279220613577),(4.75,1.4127279220613578,0.8127279220613577),(4.25,1.4,0.8179999999999998),(4.75,1.4,0.8179999999999998),(4.25,1.387272077938642,0.8127279220613577),(4.75,1.387272077938642,0.8127279220613577),(4.25,1.382,0.7999999999999998),(4.75,1.382,0.7999999999999998),(4.25,1.387272077938642,0.787272077938642),(4.75,1.387272077938642,0.787272077938642),(4.25,1.4,1.1),(4.25,1.4,1.082),(4.75,1.4,1.082),(4.75,1.4,1.1),(4.25,1.4127279220613578,1.0872720779386422),(4.75,1.4127279220613578,1.0872720779386422),(4.25,1.418,1.1),(4.75,1.418,1.1),(4.25,1.4127279220613578,1.112727922061358),(4.75,1.4127279220613578,1.112727922061358),(4.25,1.4,1.118),(4.75,1.4,1.118),(4.25,1.387272077938642,1.112727922061358),(4.75,1.387272077938642,1.112727922061358),(4.25,1.382,1.1),(4.75,1.382,1.1),(4.25,1.387272077938642,1.0872720779386422),(4.75,1.387272077938642,1.0872720779386422),(4.25,1.4,1.4),(4.25,1.4,1.382),(4.75,1.4,1.382),(4.75,1.4,1.4),(4.25,1.4127279220613578,1.387272077938642),(4.75,1.4127279220613578,1.387272077938642),(4.25,1.418,1.4),(4.75,1.418,1.4),(4.25,1.4127279220613578,1.4127279220613578),(4.75,1.4127279220613578,1.4127279220613578),(4.25,1.4,1.418),(4.75,1.4,1.418),(4.25,1.387272077938642,1.4127279220613578),(4.75,1.387272077938642,1.4127279220613578),(4.25,1.382,1.4),(4.75,1.382,1.4),(4.25,1.387272077938642,1.387272077938642),(4.75,1.387272077938642,1.387272077938642),(4.25,1.4,1.6999999999999997),(4.25,1.4,1.6819999999999997),(4.75,1.4,1.6819999999999997),(4.75,1.4,1.6999999999999997),(4.25,1.4127279220613578,1.6872720779386419),(4.75,1.4127279220613578,1.6872720779386419),(4.25,1.418,1.6999999999999997),(4.75,1.418,1.6999999999999997),(4.25,1.4127279220613578,1.7127279220613576),(4.75,1.4127279220613578,1.7127279220613576),(4.25,1.4,1.7179999999999997),(4.75,1.4,1.7179999999999997),(4.25,1.387272077938642,1.7127279220613576),(4.75,1.387272077938642,1.7127279220613576),(4.25,1.382,1.6999999999999997),(4.75,1.382,1.6999999999999997),(4.25,1.387272077938642,1.6872720779386419),(4.75,1.387272077938642,1.6872720779386419),(4.25,1.4,2.),(4.25,1.4,1.982),(4.75,1.4,1.982),(4.75,1.4,2.),(4.25,1.4127279220613578,1.9872720779386421),(4.75,1.4127279220613578,1.9872720779386421),(4.25,1.418,2.),(4.75,1.418,2.),(4.25,1.4127279220613578,2.012727922061358),(4.75,1.4127279220613578,2.012727922061358),(4.25,1.4,2.018),(4.75,1.4,2.018),(4.25,1.387272077938642,2.012727922061358),(4.75,1.387272077938642,2.012727922061358),(4.25,1.382,2.),(4.75,1.382,2.),(4.25,1.387272077938642,1.9872720779386421),(4.75,1.387272077938642,1.9872720779386421),(4.25,1.4,2.3),(4.25,1.4,2.282),(4.75,1.4,2.282),(4.75,1.4,2.3),(4.25,1.4127279220613578,2.287272077938642),(4.75,1.4127279220613578,2.287272077938642),(4.25,1.418,2.3),(4.75,1.418,2.3),(4.25,1.4127279220613578,2.3127279220613577),(4.75,1.4127279220613578,2.3127279220613577),(4.25,1.4,2.3179999999999996),(4.75,1.4,2.3179999999999996),(4.25,1.387272077938642,2.3127279220613577),(4.75,1.387272077938642,2.3127279220613577),(4.25,1.382,2.3),(4.75,1.382,2.3),(4.25,1.387272077938642,2.287272077938642),(4.75,1.387272077938642,2.287272077938642),(4.25,1.4,2.5999999999999996),(4.25,1.4,2.582),(4.75,1.4,2.582),(4.75,1.4,2.5999999999999996),(4.25,1.4127279220613578,2.587272077938642),(4.75,1.4127279220613578,2.587272077938642),(4.25,1.418,2.5999999999999996),(4.75,1.418,2.5999999999999996),(4.25,1.4127279220613578,2.6127279220613575),(4.75,1.4127279220613578,2.6127279220613575),(4.25,1.4,2.6179999999999994),(4.75,1.4,2.6179999999999994),(4.25,1.387272077938642,2.6127279220613575),(4.75,1.387272077938642,2.6127279220613575),(4.25,1.382,2.5999999999999996),(4.75,1.382,2.5999999999999996),(4.25,1.387272077938642,2.587272077938642),(4.75,1.387272077938642,2.587272077938642),(4.25,1.4,2.9),(4.25,1.4,2.882),(4.75,1.4,2.882),(4.75,1.4,2.9),(4.25,1.4127279220613578,2.887272077938642),(4.75,1.4127279220613578,2.887272077938642),(4.25,1.418,2.9),(4.75,1.418,2.9),(4.25,1.4127279220613578,2.9127279220613578),(4.75,1.4127279220613578,2.9127279220613578),(4.25,1.4,2.9179999999999997),(4.75,1.4,2.9179999999999997),(4.25,1.387272077938642,2.9127279220613578),(4.75,1.387272077938642,2.9127279220613578),(4.25,1.382,2.9),(4.75,1.382,2.9),(4.25,1.387272077938642,2.887272077938642),(4.75,1.387272077938642,2.887272077938642),(4.25,1.4,3.2),(4.25,1.4,3.1820000000000004),(4.75,1.4,3.1820000000000004),(4.75,1.4,3.2),(4.25,1.4127279220613578,3.1872720779386423),(4.75,1.4127279220613578,3.1872720779386423),(4.25,1.418,3.2),(4.75,1.418,3.2),(4.25,1.4127279220613578,3.212727922061358),(4.75,1.4127279220613578,3.212727922061358),(4.25,1.4,3.218),(4.75,1.4,3.218),(4.25,1.387272077938642,3.212727922061358),(4.75,1.387272077938642,3.212727922061358),(4.25,1.382,3.2),(4.75,1.382,3.2),(4.25,1.387272077938642,3.1872720779386423),(4.75,1.387272077938642,3.1872720779386423),(4.25,1.4,3.5),(4.25,1.4,3.482),(4.75,1.4,3.482),(4.75,1.4,3.5),(4.25,1.4127279220613578,3.487272077938642),(4.75,1.4127279220613578,3.487272077938642),(4.25,1.418,3.5),(4.75,1.418,3.5),(4.25,1.4127279220613578,3.512727922061358),(4.75,1.4127279220613578,3.512727922061358),(4.25,1.4,3.518),(4.75,1.4,3.518),(4.25,1.387272077938642,3.512727922061358),(4.75,1.387272077938642,3.512727922061358),(4.25,1.382,3.5),(4.75,1.382,3.5),(4.25,1.387272077938642,3.487272077938642),(4.75,1.387272077938642,3.487272077938642),(4.25,1.4,3.8),(4.25,1.4,3.782),(4.75,1.4,3.782),(4.75,1.4,3.8),(4.25,1.4127279220613578,3.787272077938642),(4.75,1.4127279220613578,3.787272077938642),(4.25,1.418,3.8),(4.75,1.418,3.8),(4.25,1.4127279220613578,3.8127279220613577),(4.75,1.4127279220613578,3.8127279220613577),(4.25,1.4,3.8179999999999996),(4.75,1.4,3.8179999999999996),(4.25,1.387272077938642,3.8127279220613577),(4.75,1.387272077938642,3.8127279220613577),(4.25,1.382,3.8),(4.75,1.382,3.8),(4.25,1.387272077938642,3.787272077938642),(4.75,1.387272077938642,3.787272077938642),(4.25,1.4,4.1),(4.25,1.4,4.082),(4.75,1.4,4.082),(4.75,1.4,4.1),(4.25,1.4127279220613578,4.087272077938642),(4.75,1.4127279220613578,4.087272077938642),(4.25,1.418,4.1),(4.75,1.418,4.1),(4.25,1.4127279220613578,4.1127279220613575),(4.75,1.4127279220613578,4.1127279220613575),(4.25,1.4,4.117999999999999),(4.75,1.4,4.117999999999999),(4.25,1.387272077938642,4.1127279220613575),(4.75,1.387272077938642,4.1127279220613575),(4.25,1.382,4.1),(4.75,1.382,4.1),(4.25,1.387272077938642,4.087272077938642),(4.75,1.387272077938642,4.087272077938642),(4.25,1.4,4.3999999999999995),(4.25,1.4,4.382),(4.75,1.4,4.382),(4.75,1.4,4.3999999999999995),(4.25,1.4127279220613578,4.387272077938642),(4.75,1.4127279220613578,4.387272077938642),(4.25,1.418,4.3999999999999995),(4.75,1.418,4.3999999999999995),(4.25,1.4127279220613578,4.412727922061357),(4.75,1.4127279220613578,4.412727922061357),(4.25,1.4,4.417999999999999),(4.75,1.4,4.417999999999999),(4.25,1.387272077938642,4.412727922061357),(4.75,1.387272077938642,4.412727922061357),(4.25,1.382,4.3999999999999995),(4.75,1.382,4.3999999999999995),(4.25,1.387272077938642,4.387272077938642),(4.75,1.387272077938642,4.387272077938642),(4.25,1.4,4.7),(4.25,1.4,4.682),(4.75,1.4,4.682),(4.75,1.4,4.7),(4.25,1.4127279220613578,4.687272077938642),(4.75,1.4127279220613578,4.687272077938642),(4.25,1.418,4.7),(4.75,1.418,4.7),(4.25,1.4127279220613578,4.712727922061358),(4.75,1.4127279220613578,4.712727922061358),(4.25,1.4,4.718),(4.75,1.4,4.718),(4.25,1.387272077938642,4.712727922061358),(4.75,1.387272077938642,4.712727922061358),(4.25,1.382,4.7),(4.75,1.382,4.7),(4.25,1.387272077938642,4.687272077938642),(4.75,1.387272077938642,4.687272077938642),(4.25,1.4,5.),(4.25,1.4,4.982),(4.75,1.4,4.982),(4.75,1.4,5.),(4.25,1.4127279220613578,4.987272077938642),(4.75,1.4127279220613578,4.987272077938642),(4.25,1.418,5.),(4.75,1.418,5.),(4.25,1.4127279220613578,5.012727922061358),(4.75,1.4127279220613578,5.012727922061358),(4.25,1.4,5.018),(4.75,1.4,5.018),(4.25,1.387272077938642,5.012727922061358),(4.75,1.387272077938642,5.012727922061358),(4.25,1.382,5.),(4.75,1.382,5.),(4.25,1.387272077938642,4.987272077938642),(4.75,1.387272077938642,4.987272077938642),(4.25,1.4,5.3),(4.25,1.4,5.282),(4.75,1.4,5.282),(4.75,1.4,5.3),(4.25,1.4127279220613578,5.287272077938642),(4.75,1.4127279220613578,5.287272077938642),(4.25,1.418,5.3),(4.75,1.418,5.3),(4.25,1.4127279220613578,5.312727922061358),(4.75,1.4127279220613578,5.312727922061358),(4.25,1.4,5.318),(4.75,1.4,5.318),(4.25,1.387272077938642,5.312727922061358),(4.75,1.387272077938642,5.312727922061358),(4.25,1.382,5.3),(4.75,1.382,5.3),(4.25,1.387272077938642,5.287272077938642),(4.75,1.387272077938642,5.287272077938642)));
#5329=IFCINDEXEDPOLYGONALFACE((2,4,1));
#5330=IFCINDEXEDPOLYGONALFACE((5,2,1));
#5331=IFCINDEXEDPOLYGONALFACE((1,4,3));
#5332=IFCINDEXEDPOLYGONALFACE((3,5,1));
#5333=IFCINDEXEDPOLYGONALFACE((2,8,4));
#5334=IFCINDEXEDPOLYGONALFACE((6,2,5));
#5335=IFCINDEXEDPOLYGONALFACE((6,8,2));
#5336=IFCINDEXEDPOLYGONALFACE((4,8,3));
#5337=IFCINDEXEDPOLYGONALFACE((7,5,3));
#5338=IFCINDEXEDPOLYGONALFACE((3,8,7));
#5339=IFCINDEXEDPOLYGONALFACE((7,6,5));
#5340=IFCINDEXEDPOLYGONALFACE((8,6,7));
#5341=IFCINDEXEDPOLYGONALFACE((10,12,9));
#5342=IFCINDEXEDPOLYGONALFACE((13,10,9));
#5343=IFCINDEXEDPOLYGONALFACE((9,12,11));
#5344=IFCINDEXEDPOLYGONALFACE((11,13,9));
#5345=IFCINDEXEDPOLYGONALFACE((10,16,12));
#5346=IFCINDEXEDPOLYGONALFACE((14,10,13));
#5347=IFCINDEXEDPOLYGONALFACE((14,16,10));
#5348=IFCINDEXEDPOLYGONALFACE((12,16,11));
#5349=IFCINDEXEDPOLYGONALFACE((15,13,11));
#5350=IFCINDEXEDPOLYGONALFACE((11,16,15));
#5351=IFCINDEXEDPOLYGONALFACE((15,14,13));
#5352=IFCINDEXEDPOLYGONALFACE((16,14,15));
#5353=IFCINDEXEDPOLYGONALFACE((18,17,21));
#5354=IFCINDEXEDPOLYGONALFACE((18,21,19));
#5355=IFCINDEXEDPOLYGONALFACE((19,21,22));
#5356=IFCINDEXEDPOLYGONALFACE((19,22,20));
#5357=IFCINDEXEDPOLYGONALFACE((21,17,23));
#5358=IFCINDEXEDPOLYGONALFACE((21,23,22));
#5359=IFCINDEXEDPOLYGONALFACE((22,23,24));
#5360=IFCINDEXEDPOLYGONALFACE((22,24,20));
#5361=IFCINDEXEDPOLYGONALFACE((23,17,25));
#5362=IFCINDEXEDPOLYGONALFACE((23,25,24));
#5363=IFCINDEXEDPOLYGONALFACE((24,25,26));
#5364=IFCINDEXEDPOLYGONALFACE((24,26,20));
#5365=IFCINDEXEDPOLYGONALFACE((25,17,27));
#5366=IFCINDEXEDPOLYGONALFACE((25,27,26));
#5367=IFCINDEXEDPOLYGONALFACE((26,27,28));
#5368=IFCINDEXEDPOLYGONALFACE((26,28,20));
#5369=IFCINDEXEDPOLYGONALFACE((27,17,29));
#5370=IFCINDEXEDPOLYGONALFACE((27,29,28));
#5371=IFCINDEXEDPOLYGONALFACE((28,29,30));
#5372=IFCINDEXEDPOLYGONALFACE((28,30,20));
#5373=IFCINDEXEDPOLYGONALFACE((29,17,31));
#5374=IFCINDEXEDPOLYGONALFACE((29,31,30));
#5375=IFCINDEXEDPOLYGONALFACE((30,31,32));
#5376=IFCINDEXEDPOLYGONALFACE((30,32,20));
#5377=IFCINDEXEDPOLYGONALFACE((31,17,33));
#5378=IFCINDEXEDPOLYGONALFACE((31,33,32));
#5379=IFCINDEXEDPOLYGONALFACE((32,33,34));
#5380=IFCINDEXEDPOLYGONALFACE((32,34,20));
#5381=IFCINDEXEDPOLYGONALFACE((33,17,18));
#5382=IFCINDEXEDPOLYGONALFACE((33,18,34));
#5383=IFCINDEXEDPOLYGONALFACE((34,18,19));
#5384=IFCINDEXEDPOLYGONALFACE((34,19,20));
#5385=IFCINDEXEDPOLYGONALFACE((36,35,39));
#5386=IFCINDEXEDPOLYGONALFACE((36,39,37));
#5387=IFCINDEXEDPOLYGONALFACE((37,39,40));
#5388=IFCINDEXEDPOLYGONALFACE((37,40,38));
#5389=IFCINDEXEDPOLYGONALFACE((39,35,41));
#5390=IFCINDEXEDPOLYGONALFACE((39,41,40));
#5391=IFCINDEXEDPOLYGONALFACE((40,41,42));
#5392=IFCINDEXEDPOLYGONALFACE((40,42,38));
#5393=IFCINDEXEDPOLYGONALFACE((41,35,43));
#5394=IFCINDEXEDPOLYGONALFACE((41,43,42));
#5395=IFCINDEXEDPOLYGONALFACE((42,43,44));
#5396=IFCINDEXEDPOLYGONALFACE((42,44,38));
#5397=IFCINDEXEDPOLYGONALFACE((43,35,45));
#5398=IFCINDEXEDPOLYGONALFACE((43,45,44));
#5399=IFCINDEXEDPOLYGONALFACE((44,45,46));
#5400=IFCINDEXEDPOLYGONALFACE((44,46,38));
#5401=IFCINDEXEDPOLYGONALFACE((45,35,47));
#5402=IFCINDEXEDPOLYGONALFACE((45,47,46));
#5403=IFCINDEXEDPOLYGONALFACE((46,47,48));
#5404=IFCINDEXEDPOLYGONALFACE((46,48,38));
#5405=IFCINDEXEDPOLYGONALFACE((47,35,49));
#5406=IFCINDEXEDPOLYGONALFACE((47,49,48));
#5407=IFCINDEXEDPOLYGONALFACE((48,49,50));
#5408=IFCINDEXEDPOLYGONALFACE((48,50,38));
#5409=IFCINDEXEDPOLYGONALFACE((49,35,51));
#5410=IFCINDEXEDPOLYGONALFACE((49,51,50));
#5411=IFCINDEXEDPOLYGONALFACE((50,51,52));
#5412=IFCINDEXEDPOLYGONALFACE((50,52,38));
#5413=IFCINDEXEDPOLYGONALFACE((51,35,36));
#5414=IFCINDEXEDPOLYGONALFACE((51,36,52));
#5415=IFCINDEXEDPOLYGONALFACE((52,36,37));
#5416=IFCINDEXEDPOLYGONALFACE((52,37,38));
#5417=IFCINDEXEDPOLYGONALFACE((54,53,57));
#5418=IFCINDEXEDPOLYGONALFACE((54,57,55));
#5419=IFCINDEXEDPOLYGONALFACE((55,57,58));
#5420=IFCINDEXEDPOLYGONALFACE((55,58,56));
#5421=IFCINDEXEDPOLYGONALFACE((57,53,59));
#5422=IFCINDEXEDPOLYGONALFACE((57,59,58));
#5423=IFCINDEXEDPOLYGONALFACE((58,59,60));
#5424=IFCINDEXEDPOLYGONALFACE((58,60,56));
#5425=IFCINDEXEDPOLYGONALFACE((59,53,61));
#5426=IFCINDEXEDPOLYGONALFACE((59,61,60));
#5427=IFCINDEXEDPOLYGONALFACE((60,61,62));
#5428=IFCINDEXEDPOLYGONALFACE((60,62,56));
#5429=IFCINDEXEDPOLYGONALFACE((61,53,63));
#5430=IFCINDEXEDPOLYGONALFACE((61,63,62));
#5431=IFCINDEXEDPOLYGONALFACE((62,63,64));
#5432=IFCINDEXEDPOLYGONALFACE((62,64,56));
#5433=IFCINDEXEDPOLYGONALFACE((63,53,65));
#5434=IFCINDEXEDPOLYGONALFACE((63,65,64));
#5435=IFCINDEXEDPOLYGONALFACE((64,65,66));
#5436=IFCINDEXEDPOLYGONALFACE((64,66,56));
#5437=IFCINDEXEDPOLYGONALFACE((65,53,67));
#5438=IFCINDEXEDPOLYGONALFACE((65,67,66));
#5439=IFCINDEXEDPOLYGONALFACE((66,67,68));
#5440=IFCINDEXEDPOLYGONALFACE((66,68,56));
#5441=IFCINDEXEDPOLYGONALFACE((67,53,69));
#5442=IFCINDEXEDPOLYGONALFACE((67,69,68));
#5443=IFCINDEXEDPOLYGONALFACE((68,69,70));
#5444=IFCINDEXEDPOLYGONALFACE((68,70,56));
#5445=IFCINDEXEDPOLYGONALFACE((69,53,54));
#5446=IFCINDEXEDPOLYGONALFACE((69,54,70));
#5447=IFCINDEXEDPOLYGONALFACE((70,54,55));
#5448=IFCINDEXEDPOLYGONALFACE((70,55,56));
#5449=IFCINDEXEDPOLYGONALFACE((72,71,75));
#5450=IFCINDEXEDPOLYGONALFACE((72,75,73));
#5451=IFCINDEXEDPOLYGONALFACE((73,75,76));
#5452=IFCINDEXEDPOLYGONALFACE((73,76,74));
#5453=IFCINDEXEDPOLYGONALFACE((75,71,77));
#5454=IFCINDEXEDPOLYGONALFACE((75,77,76));
#5455=IFCINDEXEDPOLYGONALFACE((76,77,78));
#5456=IFCINDEXEDPOLYGONALFACE((76,78,74));
#5457=IFCINDEXEDPOLYGONALFACE((77,71,79));
#5458=IFCINDEXEDPOLYGONALFACE((77,79,78));
#5459=IFCINDEXEDPOLYGONALFACE((78,79,80));
#5460=IFCINDEXEDPOLYGONALFACE((78,80,74));
#5461=IFCINDEXEDPOLYGONALFACE((79,71,81));
#5462=IFCINDEXEDPOLYGONALFACE((79,81,80));
#5463=IFCINDEXEDPOLYGONALFACE((80,81,82));
#5464=IFCINDEXEDPOLYGONALFACE((80,82,74));
#5465=IFCINDEXEDPOLYGONALFACE((81,71,83));
#5466=IFCINDEXEDPOLYGONALFACE((81,83,82));
#5467=IFCINDEXEDPOLYGONALFACE((82,83,84));
#5468=IFCINDEXEDPOLYGONALFACE((82,84,74));
#5469=IFCINDEXEDPOLYGONALFACE((83,71,85));
#5470=IFCINDEXEDPOLYGONALFACE((83,85,84));
#5471=IFCINDEXEDPOLYGONALFACE((84,85,86));
#5472=IFCINDEXEDPOLYGONALFACE((84,86,74));
#5473=IFCINDEXEDPOLYGONALFACE((85,71,87));
#5474=IFCINDEXEDPOLYGONALFACE((85,87,86));
#5475=IFCINDEXEDPOLYGONALFACE((86,87,88));
#5476=IFCINDEXEDPOLYGONALFACE((86,88,74));
#5477=IFCINDEXEDPOLYGONALFACE((87,71,72));
#5478=IFCINDEXEDPOLYGONALFACE((87,72,88));
#5479=IFCINDEXEDPOLYGONALFACE((88,72,73));
#5480=IFCINDEXEDPOLYGONALFACE((88,73,74));
#5481=IFCINDEXEDPOLYGONALFACE((90,89,93));
#5482=IFCINDEXEDPOLYGONALFACE((90,93,91));
#5483=IFCINDEXEDPOLYGONALFACE((91,93,94));
#5484=IFCINDEXEDPOLYGONALFACE((91,94,92));
#5485=IFCINDEXEDPOLYGONALFACE((93,89,95));
#5486=IFCINDEXEDPOLYGONALFACE((93,95,94));
#5487=IFCINDEXEDPOLYGONALFACE((94,95,96));
#5488=IFCINDEXEDPOLYGONALFACE((94,96,92));
#5489=IFCINDEXEDPOLYGONALFACE((95,89,97));
#5490=IFCINDEXEDPOLYGONALFACE((95,97,96));
#5491=IFCINDEXEDPOLYGONALFACE((96,97,98));
#5492=IFCINDEXEDPOLYGONALFACE((96,98,92));
#5493=IFCINDEXEDPOLYGONALFACE((97,89,99));
#5494=IFCINDEXEDPOLYGONALFACE((97,99,98));
#5495=IFCINDEXEDPOLYGONALFACE((98,99,100));
#5496=IFCINDEXEDPOLYGONALFACE((98,100,92));
#5497=IFCINDEXEDPOLYGONALFACE((99,89,101));
#5498=IFCINDEXEDPOLYGONALFACE((99,101,100));
#5499=IFCINDEXEDPOLYGONALFACE((100,101,102));
#5500=IFCINDEXEDPOLYGONALFACE((100,102,92));
#5501=IFCINDEXEDPOLYGONALFACE((101,89,103));
#5502=IFCINDEXEDPOLYGONALFACE((101,103,102));
#5503=IFCINDEXEDPOLYGONALFACE((102,103,104));
#5504=IFCINDEXEDPOLYGONALFACE((102,104,92));
#5505=IFCINDEXEDPOLYGONALFACE((103,89,105));
#5506=IFCINDEXEDPOLYGONALFACE((103,105,104));
#5507=IFCINDEXEDPOLYGONALFACE((104,105,106));
#5508=IFCINDEXEDPOLYGONALFACE((104,106,92));
#5509=IFCINDEXEDPOLYGONALFACE((105,89,90));
#5510=IFCINDEXEDPOLYGONALFACE((105,90,106));
#5511=IFCINDEXEDPOLYGONALFACE((106,90,91));
#5512=IFCINDEXEDPOLYGONALFACE((106,91,92));
#5513=IFCINDEXEDPOLYGONALFACE((108,107,111));
#5514=IFCINDEXEDPOLYGONALFACE((108,111,109));
#5515=IFCINDEXEDPOLYGONALFACE((109,111,112));
#5516=IFCINDEXEDPOLYGONALFACE((109,112,110));
#5517=IFCINDEXEDPOLYGONALFACE((111,107,113));
#5518=IFCINDEXEDPOLYGONALFACE((111,113,112));
#5519=IFCINDEXEDPOLYGONALFACE((112,113,114));
#5520=IFCINDEXEDPOLYGONALFACE((112,114,110));
#5521=IFCINDEXEDPOLYGONALFACE((113,107,115));
#5522=IFCINDEXEDPOLYGONALFACE((113,115,114));
#5523=IFCINDEXEDPOLYGONALFACE((114,115,116));
#5524=IFCINDEXEDPOLYGONALFACE((114,116,110));
#5525=IFCINDEXEDPOLYGONALFACE((115,107,117));
#5526=IFCINDEXEDPOLYGONALFACE((115,117,116));
#5527=IFCINDEXEDPOLYGONALFACE((116,117,118));
#5528=IFCINDEXEDPOLYGONALFACE((116,118,110));
#5529=IFCINDEXEDPOLYGONALFACE((117,107,119));
#5530=IFCINDEXEDPOLYGONALFACE((117,119,118));
#5531=IFCINDEXEDPOLYGONALFACE((118,119,120));
#5532=IFCINDEXEDPOLYGONALFACE((118,120,110));
#5533=IFCINDEXEDPOLYGONALFACE((119,107,121));
#5534=IFCINDEXEDPOLYGONALFACE((119,121,120));
#5535=IFCINDEXEDPOLYGONALFACE((120,121,122));
#5536=IFCINDEXEDPOLYGONALFACE((120,122,110));
#5537=IFCINDEXEDPOLYGONALFACE((121,107,123));
#5538=IFCINDEXEDPOLYGONALFACE((121,123,122));
#5539=IFCINDEXEDPOLYGONALFACE((122,123,124));
#5540=IFCINDEXEDPOLYGONALFACE((122,124,110));
#5541=IFCINDEXEDPOLYGONALFACE((123,107,108));
#5542=IFCINDEXEDPOLYGONALFACE((123,108,124));
#5543=IFCINDEXEDPOLYGONALFACE((124,108,109));
#5544=IFCINDEXEDPOLYGONALFACE((124,109,110));
#5545=IFCINDEXEDPOLYGONALFACE((126,125,129));
#5546=IFCINDEXEDPOLYGONALFACE((126,129,127));
#5547=IFCINDEXEDPOLYGONALFACE((127,129,130));
#5548=IFCINDEXEDPOLYGONALFACE((127,130,128));
#5549=IFCINDEXEDPOLYGONALFACE((129,125,131));
#5550=IFCINDEXEDPOLYGONALFACE((129,131,130));
#5551=IFCINDEXEDPOLYGONALFACE((130,131,132));
#5552=IFCINDEXEDPOLYGONALFACE((130,132,128));
#5553=IFCINDEXEDPOLYGONALFACE((131,125,133));
#5554=IFCINDEXEDPOLYGONALFACE((131,133,132));
#5555=IFCINDEXEDPOLYGONALFACE((132,133,134));
#5556=IFCINDEXEDPOLYGONALFACE((132,134,128));
#5557=IFCINDEXEDPOLYGONALFACE((133,125,135));
#5558=IFCINDEXEDPOLYGONALFACE((133,135,134));
#5559=IFCINDEXEDPOLYGONALFACE((134,135,136));
#5560=IFCINDEXEDPOLYGONALFACE((134,136,128));
#5561=IFCINDEXEDPOLYGONALFACE((135,125,137));
#5562=IFCINDEXEDPOLYGONALFACE((135,137,136));
#5563=IFCINDEXEDPOLYGONALFACE((136,137,138));
#5564=IFCINDEXEDPOLYGONALFACE((136,138,128));
#5565=IFCINDEXEDPOLYGONALFACE((137,125,139));
#5566=IFCINDEXEDPOLYGONALFACE((137,139,138));
#5567=IFCINDEXEDPOLYGONALFACE((138,139,140));
#5568=IFCINDEXEDPOLYGONALFACE((138,140,128));
#5569=IFCINDEXEDPOLYGONALFACE((139,125,141));
#5570=IFCINDEXEDPOLYGONALFACE((139,141,140));
#5571=IFCINDEXEDPOLYGONALFACE((140,141,142));
#5572=IFCINDEXEDPOLYGONALFACE((140,142,128));
#5573=IFCINDEXEDPOLYGONALFACE((141,125,126));
#5574=IFCINDEXEDPOLYGONALFACE((141,126,142));
#5575=IFCINDEXEDPOLYGONALFACE((142,126,127));
#5576=IFCINDEXEDPOLYGONALFACE((142,127,128));
#5577=IFCINDEXEDPOLYGONALFACE((144,143,147));
#5578=IFCINDEXEDPOLYGONALFACE((144,147,145));
#5579=IFCINDEXEDPOLYGONALFACE((145,147,148));
#5580=IFCINDEXEDPOLYGONALFACE((145,148,146));
#5581=IFCINDEXEDPOLYGONALFACE((147,143,149));
#5582=IFCINDEXEDPOLYGONALFACE((147,149,148));
#5583=IFCINDEXEDPOLYGONALFACE((148,149,150));
#5584=IFCINDEXEDPOLYGONALFACE((148,150,146));
#5585=IFCINDEXEDPOLYGONALFACE((149,143,151));
#5586=IFCINDEXEDPOLYGONALFACE((149,151,150));
#5587=IFCINDEXEDPOLYGONALFACE((150,151,152));
#5588=IFCINDEXEDPOLYGONALFACE((150,152,146));
#5589=IFCINDEXEDPOLYGONALFACE((151,143,153));
#5590=IFCINDEXEDPOLYGONALFACE((151,153,152));
#5591=IFCINDEXEDPOLYGONALFACE((152,153,154));
#5592=IFCINDEXEDPOLYGONALFACE((152,154,146));
#5593=IFCINDEXEDPOLYGONALFACE((153,143,155));
#5594=IFCINDEXEDPOLYGONALFACE((153,155,154));
#5595=IFCINDEXEDPOLYGONALFACE((154,155,156));
#5596=IFCINDEXEDPOLYGONALFACE((154,156,146));
#5597=IFCINDEXEDPOLYGONALFACE((155,143,157));
#5598=IFCINDEXEDPOLYGONALFACE((155,157,156));
#5599=IFCINDEXEDPOLYGONALFACE((156,157,158));
#5600=IFCINDEXEDPOLYGONALFACE((156,158,146));
#5601=IFCINDEXEDPOLYGONALFACE((157,143,159));
#5602=IFCINDEXEDPOLYGONALFACE((157,159,158));
#5603=IFCINDEXEDPOLYGONALFACE((158,159,160));
#5604=IFCINDEXEDPOLYGONALFACE((158,160,146));
#5605=IFCINDEXEDPOLYGONALFACE((159,143,144));
#5606=IFCINDEXEDPOLYGONALFACE((159,144,160));
#5607=IFCINDEXEDPOLYGONALFACE((160,144,145));
#5608=IFCINDEXEDPOLYGONALFACE((160,145,146));
#5609=IFCINDEXEDPOLYGONALFACE((162,161,165));
#5610=IFCINDEXEDPOLYGONALFACE((162,165,163));
#5611=IFCINDEXEDPOLYGONALFACE((163,165,166));
#5612=IFCINDEXEDPOLYGONALFACE((163,166,164));
#5613=IFCINDEXEDPOLYGONALFACE((165,161,167));
#5614=IFCINDEXEDPOLYGONALFACE((165,167,166));
#5615=IFCINDEXEDPOLYGONALFACE((166,167,168));
#5616=IFCINDEXEDPOLYGONALFACE((166,168,164));
#5617=IFCINDEXEDPOLYGONALFACE((167,161,169));
#5618=IFCINDEXEDPOLYGONALFACE((167,169,168));
#5619=IFCINDEXEDPOLYGONALFACE((168,169,170));
#5620=IFCINDEXEDPOLYGONALFACE((168,170,164));
#5621=IFCINDEXEDPOLYGONALFACE((169,161,171));
#5622=IFCINDEXEDPOLYGONALFACE((169,171,170));
#5623=IFCINDEXEDPOLYGONALFACE((170,171,172));
#5624=IFCINDEXEDPOLYGONALFACE((170,172,164));
#5625=IFCINDEXEDPOLYGONALFACE((171,161,173));
#5626=IFCINDEXEDPOLYGONALFACE((171,173,172));
#5627=IFCINDEXEDPOLYGONALFACE((172,173,174));
#5628=IFCINDEXEDPOLYGONALFACE((172,174,164));
#5629=IFCINDEXEDPOLYGONALFACE((173,161,175));
#5630=IFCINDEXEDPOLYGONALFACE((173,175,174));
#5631=IFCINDEXEDPOLYGONALFACE((174,175,176));
#5632=IFCINDEXEDPOLYGONALFACE((174,176,164));
#5633=IFCINDEXEDPOLYGONALFACE((175,161,177));
#5634=IFCINDEXEDPOLYGONALFACE((175,177,176));
#5635=IFCINDEXEDPOLYGONALFACE((176,177,178));
#5636=IFCINDEXEDPOLYGONALFACE((176,178,164));
#5637=IFCINDEXEDPOLYGONALFACE((177,161,162));
#5638=IFCINDEXEDPOLYGONALFACE((177,162,178));
#5639=IFCINDEXEDPOLYGONALFACE((178,162,163));
#5640=IFCINDEXEDPOLYGONALFACE((178,163,164));
#5641=IFCINDEXEDPOLYGONALFACE((180,179,183));
#5642=IFCINDEXEDPOLYGONALFACE((180,183,181));
#5643=IFCINDEXEDPOLYGONALFACE((181,183,184));
#5644=IFCINDEXEDPOLYGONALFACE((181,184,182));
#5645=IFCINDEXEDPOLYGONALFACE((183,179,185));
#5646=IFCINDEXEDPOLYGONALFACE((183,185,184));
#5647=IFCINDEXEDPOLYGONALFACE((184,185,186));
#5648=IFCINDEXEDPOLYGONALFACE((184,186,182));
#5649=IFCINDEXEDPOLYGONALFACE((185,179,187));
#5650=IFCINDEXEDPOLYGONALFACE((185,187,186));
#5651=IFCINDEXEDPOLYGONALFACE((186,187,188));
#5652=IFCINDEXEDPOLYGONALFACE((186,188,182));
#5653=IFCINDEXEDPOLYGONALFACE((187,179,189));
#5654=IFCINDEXEDPOLYGONALFACE((187,189,188));
#5655=IFCINDEXEDPOLYGONALFACE((188,189,190));
#5656=IFCINDEXEDPOLYGONALFACE((188,190,182));
#5657=IFCINDEXEDPOLYGONALFACE((189,179,191));
#5658=IFCINDEXEDPOLYGONALFACE((189,191,190));
#5659=IFCINDEXEDPOLYGONALFACE((190,191,192));
#5660=IFCINDEXEDPOLYGONALFACE((190,192,182));
#5661=IFCINDEXEDPOLYGONALFACE((191,179,193));
#5662=IFCINDEXEDPOLYGONALFACE((191,193,192));
#5663=IFCINDEXEDPOLYGONALFACE((192,193,194));
#5664=IFCINDEXEDPOLYGONALFACE((192,194,182));
#5665=IFCINDEXEDPOLYGONALFACE((193,179,195));
#5666=IFCINDEXEDPOLYGONALFACE((193,195,194));
#5667=IFCINDEXEDPOLYGONALFACE((194,195,196));
#5668=IFCINDEXEDPOLYGONALFACE((194,196,182));
#5669=IFCINDEXEDPOLYGONALFACE((195,179,180));
#5670=IFCINDEXEDPOLYGONALFACE((195,180,196));
#5671=IFCINDEXEDPOLYGONALFACE((196,180,181));
#5672=IFCINDEXEDPOLYGONALFACE((196,181,182));
#5673=IFCINDEXEDPOLYGONALFACE((198,197,201));
#5674=IFCINDEXEDPOLYGONALFACE((198,201,199));
#5675=IFCINDEXEDPOLYGONALFACE((199,201,202));
#5676=IFCINDEXEDPOLYGONALFACE((199,202,200));
#5677=IFCINDEXEDPOLYGONALFACE((201,197,203));
#5678=IFCINDEXEDPOLYGONALFACE((201,203,202));
#5679=IFCINDEXEDPOLYGONALFACE((202,203,204));
#5680=IFCINDEXEDPOLYGONALFACE((202,204,200));
#5681=IFCINDEXEDPOLYGONALFACE((203,197,205));
#5682=IFCINDEXEDPOLYGONALFACE((203,205,204));
#5683=IFCINDEXEDPOLYGONALFACE((204,205,206));
#5684=IFCINDEXEDPOLYGONALFACE((204,206,200));
#5685=IFCINDEXEDPOLYGONALFACE((205,197,207));
#5686=IFCINDEXEDPOLYGONALFACE((205,207,206));
#5687=IFCINDEXEDPOLYGONALFACE((206,207,208));
#5688=IFCINDEXEDPOLYGONALFACE((206,208,200));
#5689=IFCINDEXEDPOLYGONALFACE((207,197,209));
#5690=IFCINDEXEDPOLYGONALFACE((207,209,208));
#5691=IFCINDEXEDPOLYGONALFACE((208,209,210));
#5692=IFCINDEXEDPOLYGONALFACE((208,210,200));
#5693=IFCINDEXEDPOLYGONALFACE((209,197,211));
#5694=IFCINDEXEDPOLYGONALFACE((209,211,210));
#5695=IFCINDEXEDPOLYGONALFACE((210,211,212));
#5696=IFCINDEXEDPOLYGONALFACE((210,212,200));
#5697=IFCINDEXEDPOLYGONALFACE((211,197,213));
#5698=IFCINDEXEDPOLYGONALFACE((211,213,212));
#5699=IFCINDEXEDPOLYGONALFACE((212,213,214));
#5700=IFCINDEXEDPOLYGONALFACE((212,214,200));
#5701=IFCINDEXEDPOLYGONALFACE((213,197,198));
#5702=IFCINDEXEDPOLYGONALFACE((213,198,214));
#5703=IFCINDEXEDPOLYGONALFACE((214,198,199));
#5704=IFCINDEXEDPOLYGONALFACE((214,199,200));
#5705=IFCINDEXEDPOLYGONALFACE((216,215,219));
#5706=IFCINDEXEDPOLYGONALFACE((216,219,217));
#5707=IFCINDEXEDPOLYGONALFACE((217,219,220));
#5708=IFCINDEXEDPOLYGONALFACE((217,220,218));
#5709=IFCINDEXEDPOLYGONALFACE((219,215,221));
#5710=IFCINDEXEDPOLYGONALFACE((219,221,220));
#5711=IFCINDEXEDPOLYGONALFACE((220,221,222));
#5712=IFCINDEXEDPOLYGONALFACE((220,222,218));
#5713=IFCINDEXEDPOLYGONALFACE((221,215,223));
#5714=IFCINDEXEDPOLYGONALFACE((221,223,222));
#5715=IFCINDEXEDPOLYGONALFACE((222,223,224));
#5716=IFCINDEXEDPOLYGONALFACE((222,224,218));
#5717=IFCINDEXEDPOLYGONALFACE((223,215,225));
#5718=IFCINDEXEDPOLYGONALFACE((223,225,224));
#5719=IFCINDEXEDPOLYGONALFACE((224,225,226));
#5720=IFCINDEXEDPOLYGONALFACE((224,226,218));
#5721=IFCINDEXEDPOLYGONALFACE((225,215,227));
#5722=IFCINDEXEDPOLYGONALFACE((225,227,226));
#5723=IFCINDEXEDPOLYGONALFACE((226,227,228));
#5724=IFCINDEXEDPOLYGONALFACE((226,228,218));
#5725=IFCINDEXEDPOLYGONALFACE((227,215,229));
#5726=IFCINDEXEDPOLYGONALFACE((227,229,228));
#5727=IFCINDEXEDPOLYGONALFACE((228,229,230));
#5728=IFCINDEXEDPOLYGONALFACE((228,230,218));
#5729=IFCINDEXEDPOLYGONALFACE((229,215,231));
#5730=IFCINDEXEDPOLYGONALFACE((229,231,230));
#5731=IFCINDEXEDPOLYGONALFACE((230,231,232));
#5732=IFCINDEXEDPOLYGONALFACE((230,232,218));
#5733=IFCINDEXEDPOLYGONALFACE((231,215,216));
#5734=IFCINDEXEDPOLYGONALFACE((231,216,232));
#5735=IFCINDEXEDPOLYGONALFACE((232,216,217));
#5736=IFCINDEXEDPOLYGONALFACE((232,217,218));
#5737=IFCINDEXEDPOLYGONALFACE((234,233,237));
#5738=IFCINDEXEDPOLYGONALFACE((234,237,235));
#5739=IFCINDEXEDPOLYGONALFACE((235,237,238));
#5740=IFCINDEXEDPOLYGONALFACE((235,238,236));
#5741=IFCINDEXEDPOLYGONALFACE((237,233,239));
#5742=IFCINDEXEDPOLYGONALFACE((237,239,238));
#5743=IFCINDEXEDPOLYGONALFACE((238,239,240));
#5744=IFCINDEXEDPOLYGONALFACE((238,240,236));
#5745=IFCINDEXEDPOLYGONALFACE((239,233,241));
#5746=IFCINDEXEDPOLYGONALFACE((239,241,240));
#5747=IFCINDEXEDPOLYGONALFACE((240,241,242));
#5748=IFCINDEXEDPOLYGONALFACE((240,242,236));
#5749=IFCINDEXEDPOLYGONALFACE((241,233,243));
#5750=IFCINDEXEDPOLYGONALFACE((241,243,242));
#5751=IFCINDEXEDPOLYGONALFACE((242,243,244));
#5752=IFCINDEXEDPOLYGONALFACE((242,244,236));
#5753=IFCINDEXEDPOLYGONALFACE((243,233,245));
#5754=IFCINDEXEDPOLYGONALFACE((243,245,244));
#5755=IFCINDEXEDPOLYGONALFACE((244,245,246));
#5756=IFCINDEXEDPOLYGONALFACE((244,246,236));
#5757=IFCINDEXEDPOLYGONALFACE((245,233,247));
#5758=IFCINDEXEDPOLYGONALFACE((245,247,246));
#5759=IFCINDEXEDPOLYGONALFACE((246,247,248));
#5760=IFCINDEXEDPOLYGONALFACE((246,248,236));
#5761=IFCINDEXEDPOLYGONALFACE((247,233,249));
#5762=IFCINDEXEDPOLYGONALFACE((247,249,248));
#5763=IFCINDEXEDPOLYGONALFACE((248,249,250));
#5764=IFCINDEXEDPOLYGONALFACE((248,250,236));
#5765=IFCINDEXEDPOLYGONALFACE((249,233,234));
#5766=IFCINDEXEDPOLYGONALFACE((249,234,250));
#5767=IFCINDEXEDPOLYGONALFACE((250,234,235));
#5768=IFCINDEXEDPOLYGONALFACE((250,235,236));
#5769=IFCINDEXEDPOLYGONALFACE((252,251,255));
#5770=IFCINDEXEDPOLYGONALFACE((252,255,253));
#5771=IFCINDEXEDPOLYGONALFACE((253,255,256));
#5772=IFCINDEXEDPOLYGONALFACE((253,256,254));
#5773=IFCINDEXEDPOLYGONALFACE((255,251,257));
#5774=IFCINDEXEDPOLYGONALFACE((255,257,256));
#5775=IFCINDEXEDPOLYGONALFACE((256,257,258));
#5776=IFCINDEXEDPOLYGONALFACE((256,258,254));
#5777=IFCINDEXEDPOLYGONALFACE((257,251,259));
#5778=IFCINDEXEDPOLYGONALFACE((257,259,258));
#5779=IFCINDEXEDPOLYGONALFACE((258,259,260));
#5780=IFCINDEXEDPOLYGONALFACE((258,260,254));
#5781=IFCINDEXEDPOLYGONALFACE((259,251,261));
#5782=IFCINDEXEDPOLYGONALFACE((259,261,260));
#5783=IFCINDEXEDPOLYGONALFACE((260,261,262));
#5784=IFCINDEXEDPOLYGONALFACE((260,262,254));
#5785=IFCINDEXEDPOLYGONALFACE((261,251,263));
#5786=IFCINDEXEDPOLYGONALFACE((261,263,262));
#5787=IFCINDEXEDPOLYGONALFACE((262,263,264));
#5788=IFCINDEXEDPOLYGONALFACE((262,264,254));
#5789=IFCINDEXEDPOLYGONALFACE((263,251,265));
#5790=IFCINDEXEDPOLYGONALFACE((263,265,264));
#5791=IFCINDEXEDPOLYGONALFACE((264,265,266));
#5792=IFCINDEXEDPOLYGONALFACE((264,266,254));
#5793=IFCINDEXEDPOLYGONALFACE((265,251,267));
#5794=IFCINDEXEDPOLYGONALFACE((265,267,266));
#5795=IFCINDEXEDPOLYGONALFACE((266,267,268));
#5796=IFCINDEXEDPOLYGONALFACE((266,268,254));
#5797=IFCINDEXEDPOLYGONALFACE((267,251,252));
#5798=IFCINDEXEDPOLYGONALFACE((267,252,268));
#5799=IFCINDEXEDPOLYGONALFACE((268,252,253));
#5800=IFCINDEXEDPOLYGONALFACE((268,253,254));
#5801=IFCINDEXEDPOLYGONALFACE((270,269,273));
#5802=IFCINDEXEDPOLYGONALFACE((270,273,271));
#5803=IFCINDEXEDPOLYGONALFACE((271,273,274));
#5804=IFCINDEXEDPOLYGONALFACE((271,274,272));
#5805=IFCINDEXEDPOLYGONALFACE((273,269,275));
#5806=IFCINDEXEDPOLYGONALFACE((273,275,274));
#5807=IFCINDEXEDPOLYGONALFACE((274,275,276));
#5808=IFCINDEXEDPOLYGONALFACE((274,276,272));
#5809=IFCINDEXEDPOLYGONALFACE((275,269,277));
#5810=IFCINDEXEDPOLYGONALFACE((275,277,276));
#5811=IFCINDEXEDPOLYGONALFACE((276,277,278));
#5812=IFCINDEXEDPOLYGONALFACE((276,278,272));
#5813=IFCINDEXEDPOLYGONALFACE((277,269,279));
#5814=IFCINDEXEDPOLYGONALFACE((277,279,278));
#5815=IFCINDEXEDPOLYGONALFACE((278,279,280));
#5816=IFCINDEXEDPOLYGONALFACE((278,280,272));
#5817=IFCINDEXEDPOLYGONALFACE((279,269,281));
#5818=IFCINDEXEDPOLYGONALFACE((279,281,280));
#5819=IFCINDEXEDPOLYGONALFACE((280,281,282));
#5820=IFCINDEXEDPOLYGONALFACE((280,282,272));
#5821=IFCINDEXEDPOLYGONALFACE((281,269,283));
#5822=IFCINDEXEDPOLYGONALFACE((281,283,282));
#5823=IFCINDEXEDPOLYGONALFACE((282,283,284));
#5824=IFCINDEXEDPOLYGONALFACE((282,284,272));
#5825=IFCINDEXEDPOLYGONALFACE((283,269,285));
#5826=IFCINDEXEDPOLYGONALFACE((283,285,284));
#5827=IFCINDEXEDPOLYGONALFACE((284,285,286));
#5828=IFCINDEXEDPOLYGONALFACE((284,286,272));
#5829=IFCINDEXEDPOLYGONALFACE((285,269,270));
#5830=IFCINDEXEDPOLYGONALFACE((285,270,286));
#5831=IFCINDEXEDPOLYGONALFACE((286,270,271));
#5832=IFCINDEXEDPOLYGONALFACE((286,271,272));
#5833=IFCINDEXEDPOLYGONALFACE((288,287,291));
#5834=IFCINDEXEDPOLYGONALFACE((288,291,289));
#5835=IFCINDEXEDPOLYGONALFACE((289,291,292));
#5836=IFCINDEXEDPOLYGONALFACE((289,292,290));
#5837=IFCINDEXEDPOLYGONALFACE((291,287,293));
#5838=IFCINDEXEDPOLYGONALFACE((291,293,292));
#5839=IFCINDEXEDPOLYGONALFACE((292,293,294));
#5840=IFCINDEXEDPOLYGONALFACE((292,294,290));
#5841=IFCINDEXEDPOLYGONALFACE((293,287,295));
#5842=IFCINDEXEDPOLYGONALFACE((293,295,294));
#5843=IFCINDEXEDPOLYGONALFACE((294,295,296));
#5844=IFCINDEXEDPOLYGONALFACE((294,296,290));
#5845=IFCINDEXEDPOLYGONALFACE((295,287,297));
#5846=IFCINDEXEDPOLYGONALFACE((295,297,296));
#5847=IFCINDEXEDPOLYGONALFACE((296,297,298));
#5848=IFCINDEXEDPOLYGONALFACE((296,298,290));
#5849=IFCINDEXEDPOLYGONALFACE((297,287,299));
#5850=IFCINDEXEDPOLYGONALFACE((297,299,298));
#5851=IFCINDEXEDPOLYGONALFACE((298,299,300));
#5852=IFCINDEXEDPOLYGONALFACE((298,300,290));
#5853=IFCINDEXEDPOLYGONALFACE((299,287,301));
#5854=IFCINDEXEDPOLYGONALFACE((299,301,300));
#5855=IFCINDEXEDPOLYGONALFACE((300,301,302));
#5856=IFCINDEXEDPOLYGONALFACE((300,302,290));
#5857=IFCINDEXEDPOLYGONALFACE((301,287,303));
#5858=IFCINDEXEDPOLYGONALFACE((301,303,302));
#5859=IFCINDEXEDPOLYGONALFACE((302,303,304));
#5860=IFCINDEXEDPOLYGONALFACE((302,304,290));
#5861=IFCINDEXEDPOLYGONALFACE((303,287,288));
#5862=IFCINDEXEDPOLYGONALFACE((303,288,304));
#5863=IFCINDEXEDPOLYGONALFACE((304,288,289));
#5864=IFCINDEXEDPOLYGONALFACE((304,289,290));
#5865=IFCINDEXEDPOLYGONALFACE((306,305,309));
#5866=IFCINDEXEDPOLYGONALFACE((306,309,307));
#5867=IFCINDEXEDPOLYGONALFACE((307,309,310));
#5868=IFCINDEXEDPOLYGONALFACE((307,310,308));
#5869=IFCINDEXEDPOLYGONALFACE((309,305,311));
#5870=IFCINDEXEDPOLYGONALFACE((309,311,310));
#5871=IFCINDEXEDPOLYGONALFACE((310,311,312));
#5872=IFCINDEXEDPOLYGONALFACE((310,312,308));
#5873=IFCINDEXEDPOLYGONALFACE((311,305,313));
#5874=IFCINDEXEDPOLYGONALFACE((311,313,312));
#5875=IFCINDEXEDPOLYGONALFACE((312,313,314));
#5876=IFCINDEXEDPOLYGONALFACE((312,314,308));
#5877=IFCINDEXEDPOLYGONALFACE((313,305,315));
#5878=IFCINDEXEDPOLYGONALFACE((313,315,314));
#5879=IFCINDEXEDPOLYGONALFACE((314,315,316));
#5880=IFCINDEXEDPOLYGONALFACE((314,316,308));
#5881=IFCINDEXEDPOLYGONALFACE((315,305,317));
#5882=IFCINDEXEDPOLYGONALFACE((315,317,316));
#5883=IFCINDEXEDPOLYGONALFACE((316,317,318));
#5884=IFCINDEXEDPOLYGONALFACE((316,318,308));
#5885=IFCINDEXEDPOLYGONALFACE((317,305,319));
#5886=IFCINDEXEDPOLYGONALFACE((317,319,318));
#5887=IFCINDEXEDPOLYGONALFACE((318,319,320));
#5888=IFCINDEXEDPOLYGONALFACE((318,320,308));
#5889=IFCINDEXEDPOLYGONALFACE((319,305,321));
#5890=IFCINDEXEDPOLYGONALFACE((319,321,320));
#5891=IFCINDEXEDPOLYGONALFACE((320,321,322));
#5892=IFCINDEXEDPOLYGONALFACE((320,322,308));
#5893=IFCINDEXEDPOLYGONALFACE((321,305,306));
#5894=IFCINDEXEDPOLYGONALFACE((321,306,322));
#5895=IFCINDEXEDPOLYGONALFACE((322,306,307));
#5896=IFCINDEXEDPOLYGONALFACE((322,307,308));
#5897=IFCINDEXEDPOLYGONALFACE((324,323,327));
#5898=IFCINDEXEDPOLYGONALFACE((324,327,325));
#5899=IFCINDEXEDPOLYGONALFACE((325,327,328));
#5900=IFCINDEXEDPOLYGONALFACE((325,328,326));
#5901=IFCINDEXEDPOLYGONALFACE((327,323,329));
#5902=IFCINDEXEDPOLYGONALFACE((327,329,328));
#5903=IFCINDEXEDPOLYGONALFACE((328,329,330));
#5904=IFCINDEXEDPOLYGONALFACE((328,330,326));
#5905=IFCINDEXEDPOLYGONALFACE((329,323,331));
#5906=IFCINDEXEDPOLYGONALFACE((329,331,330));
#5907=IFCINDEXEDPOLYGONALFACE((330,331,332));
#5908=IFCINDEXEDPOLYGONALFACE((330,332,326));
#5909=IFCINDEXEDPOLYGONALFACE((331,323,333));
#5910=IFCINDEXEDPOLYGONALFACE((331,333,332));
#5911=IFCINDEXEDPOLYGONALFACE((332,333,334));
#5912=IFCINDEXEDPOLYGONALFACE((332,334,326));
#5913=IFCINDEXEDPOLYGONALFACE((333,323,335));
#5914=IFCINDEXEDPOLYGONALFACE((333,335,334));
#5915=IFCINDEXEDPOLYGONALFACE((334,335,336));
#5916=IFCINDEXEDPOLYGONALFACE((334,336,326));
#5917=IFCINDEXEDPOLYGONALFACE((335,323,337));
#5918=IFCINDEXEDPOLYGONALFACE((335,337,336));
#5919=IFCINDEXEDPOLYGONALFACE((336,337,338));
#5920=IFCINDEXEDPOLYGONALFACE((336,338,326));
#5921=IFCINDEXEDPOLYGONALFACE((337,323,339));
#5922=IFCINDEXEDPOLYGONALFACE((337,339,338));
#5923=IFCINDEXEDPOLYGONALFACE((338,339,340));
#5924=IFCINDEXEDPOLYGONALFACE((338,340,326));
#5925=IFCINDEXEDPOLYGONALFACE((339,323,324));
#5926=IFCINDEXEDPOLYGONALFACE((339,324,340));
#5927=IFCINDEXEDPOLYGONALFACE((340,324,325));
#5928=IFCINDEXEDPOLYGONALFACE((340,325,326));
#5929=IFCINDEXEDPOLYGONALFACE((342,341,345));
#5930=IFCINDEXEDPOLYGONALFACE((342,345,343));
#5931=IFCINDEXEDPOLYGONALFACE((343,345,346));
#5932=IFCINDEXEDPOLYGONALFACE((343,346,344));
#5933=IFCINDEXEDPOLYGONALFACE((345,341,347));
#5934=IFCINDEXEDPOLYGONALFACE((345,347,346));
#5935=IFCINDEXEDPOLYGONALFACE((346,347,348));
#5936=IFCINDEXEDPOLYGONALFACE((346,348,344));
#5937=IFCINDEXEDPOLYGONALFACE((347,341,349));
#5938=IFCINDEXEDPOLYGONALFACE((347,349,348));
#5939=IFCINDEXEDPOLYGONALFACE((348,349,350));
#5940=IFCINDEXEDPOLYGONALFACE((348,350,344));
#5941=IFCINDEXEDPOLYGONALFACE((349,341,351));
#5942=IFCINDEXEDPOLYGONALFACE((349,351,350));
#5943=IFCINDEXEDPOLYGONALFACE((350,351,352));
#5944=IFCINDEXEDPOLYGONALFACE((350,352,344));
#5945=IFCINDEXEDPOLYGONALFACE((351,341,353));
#5946=IFCINDEXEDPOLYGONALFACE((351,353,352));
#5947=IFCINDEXEDPOLYGONALFACE((352,353,354));
#5948=IFCINDEXEDPOLYGONALFACE((352,354,344));
#5949=IFCINDEXEDPOLYGONALFACE((353,341,355));
#5950=IFCINDEXEDPOLYGONALFACE((353,355,354));
#5951=IFCINDEXEDPOLYGONALFACE((354,355,356));
#5952=IFCINDEXEDPOLYGONALFACE((354,356,344));
#5953=IFCINDEXEDPOLYGONALFACE((355,341,357));
#5954=IFCINDEXEDPOLYGONALFACE((355,357,356));
#5955=IFCINDEXEDPOLYGONALFACE((356,357,358));
#5956=IFCINDEXEDPOLYGONALFACE((356,358,344));
#5957=IFCINDEXEDPOLYGONALFACE((357,341,342));
#5958=IFCINDEXEDPOLYGONALFACE((357,342,358));
#5959=IFCINDEXEDPOLYGONALFACE((358,342,343));
#5960=IFCINDEXEDPOLYGONALFACE((358,343,344));
#5961=IFCINDEXEDPOLYGONALFACE((360,359,363));
#5962=IFCINDEXEDPOLYGONALFACE((360,363,361));
#5963=IFCINDEXEDPOLYGONALFACE((361,363,364));
#5964=IFCINDEXEDPOLYGONALFACE((361,364,362));
#5965=IFCINDEXEDPOLYGONALFACE((363,359,365));
#5966=IFCINDEXEDPOLYGONALFACE((363,365,364));
#5967=IFCINDEXEDPOLYGONALFACE((364,365,366));
#5968=IFCINDEXEDPOLYGONALFACE((364,366,362));
#5969=IFCINDEXEDPOLYGONALFACE((365,359,367));
#5970=IFCINDEXEDPOLYGONALFACE((365,367,366));
#5971=IFCINDEXEDPOLYGONALFACE((366,367,368));
#5972=IFCINDEXEDPOLYGONALFACE((366,368,362));
#5973=IFCINDEXEDPOLYGONALFACE((367,359,369));
#5974=IFCINDEXEDPOLYGONALFACE((367,369,368));
#5975=IFCINDEXEDPOLYGONALFACE((368,369,370));
#5976=IFCINDEXEDPOLYGONALFACE((368,370,362));
#5977=IFCINDEXEDPOLYGONALFACE((369,359,371));
#5978=IFCINDEXEDPOLYGONALFACE((369,371,370));
#5979=IFCINDEXEDPOLYGONALFACE((370,371,372));
#5980=IFCINDEXEDPOLYGONALFACE((370,372,362));
#5981=IFCINDEXEDPOLYGONALFACE((371,359,373));
#5982=IFCINDEXEDPOLYGONALFACE((371,373,372));
#5983=IFCINDEXEDPOLYGONALFACE((372,373,374));
#5984=IFCINDEXEDPOLYGONALFACE((372,374,362));
#5985=IFCINDEXEDPOLYGONALFACE((373,359,375));
#5986=IFCINDEXEDPOLYGONALFACE((373,375,374));
#5987=IFCINDEXEDPOLYGONALFACE((374,375,376));
#5988=IFCINDEXEDPOLYGONALFACE((374,376,362));
#5989=IFCINDEXEDPOLYGONALFACE((375,359,360));
#5990=IFCINDEXEDPOLYGONALFACE((375,360,376));
#5991=IFCINDEXEDPOLYGONALFACE((376,360,361));
#5992=IFCINDEXEDPOLYGONALFACE((376,361,362));
#5993=IFCINDEXEDPOLYGONALFACE((378,377,381));
#5994=IFCINDEXEDPOLYGONALFACE((378,381,379));
#5995=IFCINDEXEDPOLYGONALFACE((379,381,382));
#5996=IFCINDEXEDPOLYGONALFACE((379,382,380));
#5997=IFCINDEXEDPOLYGONALFACE((381,377,383));
#5998=IFCINDEXEDPOLYGONALFACE((381,383,382));
#5999=IFCINDEXEDPOLYGONALFACE((382,383,384));
#6000=IFCINDEXEDPOLYGONALFACE((382,384,380));
#6001=IFCINDEXEDPOLYGONALFACE((383,377,385));
#6002=IFCINDEXEDPOLYGONALFACE((383,385,384));
#6003=IFCINDEXEDPOLYGONALFACE((384,385,386));
#6004=IFCINDEXEDPOLYGONALFACE((384,386,380));
#6005=IFCINDEXEDPOLYGONALFACE((385,377,387));
#6006=IFCINDEXEDPOLYGONALFACE((385,387,386));
#6007=IFCINDEXEDPOLYGONALFACE((386,387,388));
#6008=IFCINDEXEDPOLYGONALFACE((386,388,380));
#6009=IFCINDEXEDPOLYGONALFACE((387,377,389));
#6010=IFCINDEXEDPOLYGONALFACE((387,389,388));
#6011=IFCINDEXEDPOLYGONALFACE((388,389,390));
#6012=IFCINDEXEDPOLYGONALFACE((388,390,380));
#6013=IFCINDEXEDPOLYGONALFACE((389,377,391));
#6014=IFCINDEXEDPOLYGONALFACE((389,391,390));
#6015=IFCINDEXEDPOLYGONALFACE((390,391,392));
#6016=IFCINDEXEDPOLYGONALFACE((390,392,380));
#6017=IFCINDEXEDPOLYGONALFACE((391,377,393));
#6018=IFCINDEXEDPOLYGONALFACE((391,393,392));
#6019=IFCINDEXEDPOLYGONALFACE((392,393,394));
#6020=IFCINDEXEDPOLYGONALFACE((392,394,380));
#6021=IFCINDEXEDPOLYGONALFACE((393,377,378));
#6022=IFCINDEXEDPOLYGONALFACE((393,378,394));
#6023=IFCINDEXEDPOLYGONALFACE((394,378,379));
#6024=IFCINDEXEDPOLYGONALFACE((394,379,380));
#6025=IFCPOLYGONALFACESET(#5328,$,(#5329,#5330,#5331,#5332,#5333,#5334,#5335,#5336,#5337,#5338,#5339,#5340,#5341,#5342,#5343,#5344,#5345,#5346,#5347,#5348,#5349,#5350,#5351,#5352,#5353,#5354,#5355,#5356,#5357,#5358,#5359,#5360,#5361,#5362,#5363,#5364,#5365,#5366,#5367,#5368,#5369,#5370,#5371,#5372,#5373,#5374,#5375,#5376,#5377,#5378,#5379,#5380,#5381,#5382,#5383,#5384,#5385,#5386,#5387,#5388,#5389,#5390,#5391,#5392,#5393,#5394,#5395,#5396,#5397,#5398,#5399,#5400,#5401,#5402,#5403,#5404,#5405,#5406,#5407,#5408,#5409,#5410,#5411,#5412,#5413,#5414,#5415,#5416,#5417,#5418,#5419,#5420,#5421,#5422,#5423,#5424,#5425,#5426,#5427,#5428,#5429,#5430,#5431,#5432,#5433,#5434,#5435,#5436,#5437,#5438,#5439,#5440,#5441,#5442,#5443,#5444,#5445,#5446,#5447,#5448,#5449,#5450,#5451,#5452,#5453,#5454,#5455,#5456,#5457,#5458,#5459,#5460,#5461,#5462,#5463,#5464,#5465,#5466,#5467,#5468,#5469,#5470,#5471,#5472,#5473,#5474,#5475,#5476,#5477,#5478,#5479,#5480,#5481,#5482,#5483,#5484,#5485,#5486,#5487,#5488,#5489,#5490,#5491,#5492,#5493,#5494,#5495,#5496,#5497,#5498,#5499,#5500,#5501,#5502,#5503,#5504,#5505,#5506,#5507,#5508,#5509,#5510,#5511,#5512,#5513,#5514,#5515,#5516,#5517,#5518,#5519,#5520,#5521,#5522,#5523,#5524,#5525,#5526,#5527,#5528,#5529,#5530,#5531,#5532,#5533,#5534,#5535,#5536,#5537,#5538,#5539,#5540,#5541,#5542,#5543,#5544,#5545,#5546,#5547,#5548,#5549,#5550,#5551,#5552,#5553,#5554,#5555,#5556,#5557,#5558,#5559,#5560,#5561,#5562,#5563,#5564,#5565,#5566,#5567,#5568,#5569,#5570,#5571,#5572,#5573,#5574,#5575,#5576,#5577,#5578,#5579,#5580,#5581,#5582,#5583,#5584,#5585,#5586,#5587,#5588,#5589,#5590,#5591,#5592,#5593,#5594,#5595,#5596,#5597,#5598,#5599,#5600,#5601,#5602,#5603,#5604,#5605,#5606,#5607,#5608,#5609,#5610,#5611,#5612,#5613,#5614,#5615,#5616,#5617,#5618,#5619,#5620,#5621,#5622,#5623,#5624,#5625,#5626,#5627,#5628,#5629,#5630,#5631,#5632,#5633,#5634,#5635,#5636,#5637,#5638,#5639,#5640,#5641,#5642,#5643,#5644,#5645,#5646,#5647,#5648,#5649,#5650,#5651,#5652,#5653,#5654,#5655,#5656,#5657,#5658,#5659,#5660,#5661,#5662,#5663,#5664,#5665,#5666,#5667,#5668,#5669,#5670,#5671,#5672,#5673,#5674,#5675,#5676,#5677,#5678,#5679,#5680,#5681,#5682,#5683,#5684,#5685,#5686,#5687,#5688,#5689,#5690,#5691,#5692,#5693,#5694,#5695,#5696,#5697,#5698,#5699,#5700,#5701,#5702,#5703,#5704,#5705,#5706,#5707,#5708,#5709,#5710,#5711,#5712,#5713,#5714,#5715,#5716,#5717,#5718,#5719,#5720,#5721,#5722,#5723,#5724,#5725,#5726,#5727,#5728,#5729,#5730,#5731,#5732,#5733,#5734,#5735,#5736,#5737,#5738,#5739,#5740,#5741,#5742,#5743,#5744,#5745,#5746,#5747,#5748,#5749,#5750,#5751,#5752,#5753,#5754,#5755,#5756,#5757,#5758,#5759,#5760,#5761,#5762,#5763,#5764,#5765,#5766,#5767,#5768,#5769,#5770,#5771,#5772,#5773,#5774,#5775,#5776,#5777,#5778,#5779,#5780,#5781,#5782,#5783,#5784,#5785,#5786,#5787,#5788,#5789,#5790,#5791,#5792,#5793,#5794,#5795,#5796,#5797,#5798,#5799,#5800,#5801,#5802,#5803,#5804,#5805,#5806,#5807,#5808,#5809,#5810,#5811,#5812,#5813,#5814,#5815,#5816,#5817,#5818,#5819,#5820,#5821,#5822,#5823,#5824,#5825,#5826,#5827,#5828,#5829,#5830,#5831,#5832,#5833,#5834,#5835,#5836,#5837,#5838,#5839,#5840,#5841,#5842,#5843,#5844,#5845,#5846,#5847,#5848,#5849,#5850,#5851,#5852,#5853,#5854,#5855,#5856,#5857,#5858,#5859,#5860,#5861,#5862,#5863,#5864,#5865,#5866,#5867,#5868,#5869,#5870,#5871,#5872,#5873,#5874,#5875,#5876,#5877,#5878,#5879,#5880,#5881,#5882,#5883,#5884,#5885,#5886,#5887,#5888,#5889,#5890,#5891,#5892,#5893,#5894,#5895,#5896,#5897,#5898,#5899,#5900,#5901,#5902,#5903,#5904,#5905,#5906,#5907,#5908,#5909,#5910,#5911,#5912,#5913,#5914,#5915,#5916,#5917,#5918,#5919,#5920,#5921,#5922,#5923,#5924,#5925,#5926,#5927,#5928,#5929,#5930,#5931,#5932,#5933,#5934,#5935,#5936,#5937,#5938,#5939,#5940,#5941,#5942,#5943,#5944,#5945,#5946,#5947,#5948,#5949,#5950,#5951,#5952,#5953,#5954,#5955,#5956,#5957,#5958,#5959,#5960,#5961,#5962,#5963,#5964,#5965,#5966,#5967,#5968,#5969,#5970,#5971,#5972,#5973,#5974,#5975,#5976,#5977,#5978,#5979,#5980,#5981,#5982,#5983,#5984,#5985,#5986,#5987,#5988,#5989,#5990,#5991,#5992,#5993,#5994,#5995,#5996,#5997,#5998,#5999,#6000,#6001,#6002,#6003,#6004,#6005,#6006,#6007,#6008,#6009,#6010,#6011,#6012,#6013,#6014,#6015,#6016,#6017,#6018,#6019,#6020,#6021,#6022,#6023,#6024),$);
#6026=IFCSHAPEREPRESENTATION(#16,'Body','Tessellation',(#6025));
#6027=IFCPRODUCTDEFINITIONSHAPE($,$,(#6026));
#6028=IFCCARTESIANPOINT((0.,0.,0.));
#6029=IFCDIRECTION((0.,0.,1.));
#6030=IFCDIRECTION((1.,0.,0.));
#6031=IFCAXIS2PLACEMENT3D(#6028,#6029,#6030);
#6032=IFCLOCALPLACEMENT($,#6031);
#6033=IFCOWNERHISTORY(#5,#6,.READWRITE.,.ADDED.,1788887599,#5,#6,1788887599);
#6034=IFCPROPERTYSET('3fEAOgqVb71eoi1TU_MU2v',#6033,'Pset_TrimeshGeneration',$,(#6037,#6038,#6039,#6040,#6041));
#6035=IFCOWNERHISTORY(#5,#6,.READWRITE.,.ADDED.,1788887599,#5,#6,1788887599);
#6036=IFCRELDEFINESBYPROPERTIES('1xYGq7JtXDxedhP6cnMHy2',#6035,$,$,(#5327),#6034);
#6037=IFCPROPERTYSINGLEVALUE('GenerationMethod',$,IFCLABEL('TRIMESH_CODE'),$);
#6038=IFCPROPERTYSINGLEVALUE('VertexCount',$,IFCINTEGER(394),$);
#6039=IFCPROPERTYSINGLEVALUE('FaceCount',$,IFCINTEGER(696),$);
#6040=IFCPROPERTYSINGLEVALUE('IsWatertight',$,IFCBOOLEAN(.T.),$);
#6041=IFCPROPERTYSINGLEVALUE('Volume',$,IFCREAL(0.049222309078385255),$);
#6042=IFCOWNERHISTORY(#5,#6,.READWRITE.,.MODIFIED.,1788887626,#5,#6,1788887626);
#6043=IFCGEOGRAPHICELEMENT('0AM3Y2B0zAReEJh15Q_QRu',#6042,'River_Bed_Level',$,$,#6100,#6095,$,$);
#6044=IFCCARTESIANPOINTLIST3D(((-10.,-9.,-0.5),(-10.,-9.,0.),(-10.,-0.40000000000000036,-0.5),(-10.,-0.40000000000000036,0.),(22.,-9.,-0.5),(22.,-9.,0.),(22.,-0.40000000000000036,-0.5),(22.,-0.40000000000000036,0.),(-10.,8.399999999999999,-0.5),(-10.,8.399999999999999,0.),(-10.,17.,-0.5),(-10.,17.,0.),(22.,8.399999999999999,-0.5),(22.,8.399999999999999,0.),(22.,17.,-0.5),(22.,17.,0.),(-10.,-0.40000000000000036,-0.5),(-10.,-0.40000000000000036,0.),(-10.,8.4,-0.5),(-10.,8.4,0.),(-0.40000000000000036,-0.40000000000000036,-0.5),(-0.40000000000000036,-0.40000000000000036,0.),(-0.40000000000000036,8.4,-0.5),(-0.40000000000000036,8.4,0.),(12.399999999999999,-0.40000000000000036,-0.5),(12.399999999999999,-0.40000000000000036,0.),(12.399999999999999,8.4,-0.5),(12.399999999999999,8.4,0.),(22.,-0.40000000000000036,-0.5),(22.,-0.40000000000000036,0.),(22.,8.4,-0.5),(22.,8.4,0.)));
#6045=IFCINDEXEDPOLYGONALFACE((2,4,1));
#6046=IFCINDEXEDPOLYGONALFACE((5,2,1));
#6047=IFCINDEXEDPOLYGONALFACE((1,4,3));
#6048=IFCINDEXEDPOLYGONALFACE((3,5,1));
#6049=IFCINDEXEDPOLYGONALFACE((2,8,4));
#6050=IFCINDEXEDPOLYGONALFACE((6,2,5));
#6051=IFCINDEXEDPOLYGONALFACE((6,8,2));
#6052=IFCINDEXEDPOLYGONALFACE((4,8,3));
#6053=IFCINDEXEDPOLYGONALFACE((7,5,3));
#6054=IFCINDEXEDPOLYGONALFACE((3,8,7));
#6055=IFCINDEXEDPOLYGONALFACE((7,6,5));
#6056=IFCINDEXEDPOLYGONALFACE((8,6,7));
#6057=IFCINDEXEDPOLYGONALFACE((10,12,9));
#6058=IFCINDEXEDPOLYGONALFACE((13,10,9));
#6059=IFCINDEXEDPOLYGONALFACE((9,12,11));
#6060=IFCINDEXEDPOLYGONALFACE((11,13,9));
#6061=IFCINDEXEDPOLYGONALFACE((10,16,12));
#6062=IFCINDEXEDPOLYGONALFACE((14,10,13));
#6063=IFCINDEXEDPOLYGONALFACE((14,16,10));
#6064=IFCINDEXEDPOLYGONALFACE((12,16,11));
#6065=IFCINDEXEDPOLYGONALFACE((15,13,11));
#6066=IFCINDEXEDPOLYGONALFACE((11,16,15));
#6067=IFCINDEXEDPOLYGONALFACE((15,14,13));
#6068=IFCINDEXEDPOLYGONALFACE((16,14,15));
#6069=IFCINDEXEDPOLYGONALFACE((18,20,17));
#6070=IFCINDEXEDPOLYGONALFACE((21,18,17));
#6071=IFCINDEXEDPOLYGONALFACE((17,20,19));
#6072=IFCINDEXEDPOLYGONALFACE((19,21,17));
#6073=IFCINDEXEDPOLYGONALFACE((18,24,20));
#6074=IFCINDEXEDPOLYGONALFACE((22,18,21));
#6075=IFCINDEXEDPOLYGONALFACE((22,24,18));
#6076=IFCINDEXEDPOLYGONALFACE((20,24,19));
#6077=IFCINDEXEDPOLYGONALFACE((23,21,19));
#6078=IFCINDEXEDPOLYGONALFACE((19,24,23));
#6079=IFCINDEXEDPOLYGONALFACE((23,22,21));
#6080=IFCINDEXEDPOLYGONALFACE((24,22,23));
#6081=IFCINDEXEDPOLYGONALFACE((26,28,25));
#6082=IFCINDEXEDPOLYGONALFACE((29,26,25));
#6083=IFCINDEXEDPOLYGONALFACE((25,28,27));
#6084=IFCINDEXEDPOLYGONALFACE((27,29,25));
#6085=IFCINDEXEDPOLYGONALFACE((26,32,28));
#6086=IFCINDEXEDPOLYGONALFACE((30,26,29));
#6087=IFCINDEXEDPOLYGONALFACE((30,32,26));
#6088=IFCINDEXEDPOLYGONALFACE((28,32,27));
#6089=IFCINDEXEDPOLYGONALFACE((31,29,27));
#6090=IFCINDEXEDPOLYGONALFACE((27,32,31));
#6091=IFCINDEXEDPOLYGONALFACE((31,30,29));
#6092=IFCINDEXEDPOLYGONALFACE((32,30,31));
#6093=IFCPOLYGONALFACESET(#6044,$,(#6045,#6046,#6047,#6048,#6049,#6050,#6051,#6052,#6053,#6054,#6055,#6056,#6057,#6058,#6059,#6060,#6061,#6062,#6063,#6064,#6065,#6066,#6067,#6068,#6069,#6070,#6071,#6072,#6073,#6074,#6075,#6076,#6077,#6078,#6079,#6080,#6081,#6082,#6083,#6084,#6085,#6086,#6087,#6088,#6089,#6090,#6091,#6092),$);
#6094=IFCSHAPEREPRESENTATION(#16,'Body','Tessellation',(#6093));
#6095=IFCPRODUCTDEFINITIONSHAPE($,$,(#6094));
#6096=IFCCARTESIANPOINT((0.,0.,0.));
#6097=IFCDIRECTION((0.,0.,1.));
#6098=IFCDIRECTION((1.,0.,0.));
#6099=IFCAXIS2PLACEMENT3D(#6096,#6097,#6098);
#6100=IFCLOCALPLACEMENT($,#6099);
#6101=IFCOWNERHISTORY(#5,#6,.READWRITE.,.ADDED.,1788887626,#5,#6,1788887626);
#6102=IFCPROPERTYSET('1FJg62iVP4I9tJIR7BHkOJ',#6101,'Pset_TrimeshGeneration',$,(#6105,#6106,#6107,#6108,#6109));
#6103=IFCOWNERHISTORY(#5,#6,.READWRITE.,.ADDED.,1788887626,#5,#6,1788887626);
#6104=IFCRELDEFINESBYPROPERTIES('1ZZI4YHyH6kOPD88q2jcvc',#6103,$,$,(#6043),#6102);
#6105=IFCPROPERTYSINGLEVALUE('GenerationMethod',$,IFCLABEL('TRIMESH_CODE'),$);
#6106=IFCPROPERTYSINGLEVALUE('VertexCount',$,IFCINTEGER(32),$);
#6107=IFCPROPERTYSINGLEVALUE('FaceCount',$,IFCINTEGER(48),$);
#6108=IFCPROPERTYSINGLEVALUE('IsWatertight',$,IFCBOOLEAN(.T.),$);
#6109=IFCPROPERTYSINGLEVALUE('Volume',$,IFCREAL(359.68),$);
#6110=IFCOWNERHISTORY(#5,#6,.READWRITE.,.MODIFIED.,1788887627,#5,#6,1788887627);
#6111=IFCBUILDINGELEMENTPROXY('0wMrGCPA972ASB4G6rg63F',#6110,'River_Water_Body',$,$,#6168,#6163,$,$);
#6112=IFCCARTESIANPOINTLIST3D(((-10.,-9.,0.),(-10.,-9.,3.),(-10.,-0.40000000000000036,0.),(-10.,-0.40000000000000036,3.),(22.,-9.,0.),(22.,-9.,3.),(22.,-0.40000000000000036,0.),(22.,-0.40000000000000036,3.),(-10.,8.399999999999999,0.),(-10.,8.399999999999999,3.),(-10.,17.,0.),(-10.,17.,3.),(22.,8.399999999999999,0.),(22.,8.399999999999999,3.),(22.,17.,0.),(22.,17.,3.),(-10.,-0.40000000000000036,0.),(-10.,-0.40000000000000036,3.),(-10.,8.4,0.),(-10.,8.4,3.),(-0.40000000000000036,-0.40000000000000036,0.),(-0.40000000000000036,-0.40000000000000036,3.),(-0.40000000000000036,8.4,0.),(-0.40000000000000036,8.4,3.),(12.399999999999999,-0.40000000000000036,0.),(12.399999999999999,-0.40000000000000036,3.),(12.399999999999999,8.4,0.),(12.399999999999999,8.4,3.),(22.,-0.40000000000000036,0.),(22.,-0.40000000000000036,3.),(22.,8.4,0.),(22.,8.4,3.)));
#6113=IFCINDEXEDPOLYGONALFACE((2,4,1));
#6114=IFCINDEXEDPOLYGONALFACE((5,2,1));
#6115=IFCINDEXEDPOLYGONALFACE((1,4,3));
#6116=IFCINDEXEDPOLYGONALFACE((3,5,1));
#6117=IFCINDEXEDPOLYGONALFACE((2,8,4));
#6118=IFCINDEXEDPOLYGONALFACE((6,2,5));
#6119=IFCINDEXEDPOLYGONALFACE((6,8,2));
#6120=IFCINDEXEDPOLYGONALFACE((4,8,3));
#6121=IFCINDEXEDPOLYGONALFACE((7,5,3));
#6122=IFCINDEXEDPOLYGONALFACE((3,8,7));
#6123=IFCINDEXEDPOLYGONALFACE((7,6,5));
#6124=IFCINDEXEDPOLYGONALFACE((8,6,7));
#6125=IFCINDEXEDPOLYGONALFACE((10,12,9));
#6126=IFCINDEXEDPOLYGONALFACE((13,10,9));
#6127=IFCINDEXEDPOLYGONALFACE((9,12,11));
#6128=IFCINDEXEDPOLYGONALFACE((11,13,9));
#6129=IFCINDEXEDPOLYGONALFACE((10,16,12));
#6130=IFCINDEXEDPOLYGONALFACE((14,10,13));
#6131=IFCINDEXEDPOLYGONALFACE((14,16,10));
#6132=IFCINDEXEDPOLYGONALFACE((12,16,11));
#6133=IFCINDEXEDPOLYGONALFACE((15,13,11));
#6134=IFCINDEXEDPOLYGONALFACE((11,16,15));
#6135=IFCINDEXEDPOLYGONALFACE((15,14,13));
#6136=IFCINDEXEDPOLYGONALFACE((16,14,15));
#6137=IFCINDEXEDPOLYGONALFACE((18,20,17));
#6138=IFCINDEXEDPOLYGONALFACE((21,18,17));
#6139=IFCINDEXEDPOLYGONALFACE((17,20,19));
#6140=IFCINDEXEDPOLYGONALFACE((19,21,17));
#6141=IFCINDEXEDPOLYGONALFACE((18,24,20));
#6142=IFCINDEXEDPOLYGONALFACE((22,18,21));
#6143=IFCINDEXEDPOLYGONALFACE((22,24,18));
#6144=IFCINDEXEDPOLYGONALFACE((20,24,19));
#6145=IFCINDEXEDPOLYGONALFACE((23,21,19));
#6146=IFCINDEXEDPOLYGONALFACE((19,24,23));
#6147=IFCINDEXEDPOLYGONALFACE((23,22,21));
#6148=IFCINDEXEDPOLYGONALFACE((24,22,23));
#6149=IFCINDEXEDPOLYGONALFACE((26,28,25));
#6150=IFCINDEXEDPOLYGONALFACE((29,26,25));
#6151=IFCINDEXEDPOLYGONALFACE((25,28,27));
#6152=IFCINDEXEDPOLYGONALFACE((27,29,25));
#6153=IFCINDEXEDPOLYGONALFACE((26,32,28));
#6154=IFCINDEXEDPOLYGONALFACE((30,26,29));
#6155=IFCINDEXEDPOLYGONALFACE((30,32,26));
#6156=IFCINDEXEDPOLYGONALFACE((28,32,27));
#6157=IFCINDEXEDPOLYGONALFACE((31,29,27));
#6158=IFCINDEXEDPOLYGONALFACE((27,32,31));
#6159=IFCINDEXEDPOLYGONALFACE((31,30,29));
#6160=IFCINDEXEDPOLYGONALFACE((32,30,31));
#6161=IFCPOLYGONALFACESET(#6112,$,(#6113,#6114,#6115,#6116,#6117,#6118,#6119,#6120,#6121,#6122,#6123,#6124,#6125,#6126,#6127,#6128,#6129,#6130,#6131,#6132,#6133,#6134,#6135,#6136,#6137,#6138,#6139,#6140,#6141,#6142,#6143,#6144,#6145,#6146,#6147,#6148,#6149,#6150,#6151,#6152,#6153,#6154,#6155,#6156,#6157,#6158,#6159,#6160),$);
#6162=IFCSHAPEREPRESENTATION(#16,'Body','Tessellation',(#6161));
#6163=IFCPRODUCTDEFINITIONSHAPE($,$,(#6162));
#6164=IFCCARTESIANPOINT((0.,0.,0.));
#6165=IFCDIRECTION((0.,0.,1.));
#6166=IFCDIRECTION((1.,0.,0.));
#6167=IFCAXIS2PLACEMENT3D(#6164,#6165,#6166);
#6168=IFCLOCALPLACEMENT($,#6167);
#6169=IFCOWNERHISTORY(#5,#6,.READWRITE.,.ADDED.,1788887627,#5,#6,1788887627);
#6170=IFCPROPERTYSET('1kOlK_trnFoBe6hDbFLxzy',#6169,'Pset_TrimeshGeneration',$,(#6173,#6174,#6175,#6176,#6177));
#6171=IFCOWNERHISTORY(#5,#6,.READWRITE.,.ADDED.,1788887627,#5,#6,1788887627);
#6172=IFCRELDEFINESBYPROPERTIES('21N0NMJAD0WwT2foUgpQ5e',#6171,$,$,(#6111),#6170);
#6173=IFCPROPERTYSINGLEVALUE('GenerationMethod',$,IFCLABEL('TRIMESH_CODE'),$);
#6174=IFCPROPERTYSINGLEVALUE('VertexCount',$,IFCINTEGER(32),$);
#6175=IFCPROPERTYSINGLEVALUE('FaceCount',$,IFCINTEGER(48),$);
#6176=IFCPROPERTYSINGLEVALUE('IsWatertight',$,IFCBOOLEAN(.T.),$);
#6177=IFCPROPERTYSINGLEVALUE('Volume',$,IFCREAL(2158.08),$);
#6178=IFCSURFACESTYLE('Steel_SheetPile_Weathered',.BOTH.,(#6179));
#6179=IFCSURFACESTYLERENDERING(#6180,0.,#6181,$,$,$,IFCNORMALISEDRATIOMEASURE(0.85),$,.NOTDEFINED.);
#6180=IFCCOLOURRGB($,0.33,0.3,0.27);
#6181=IFCCOLOURRGB($,0.33,0.3,0.27);
#6182=IFCSURFACESTYLE('Steel_Bracing_RedOxide',.BOTH.,(#6183));
#6183=IFCSURFACESTYLERENDERING(#6184,0.,#6185,$,$,$,IFCNORMALISEDRATIOMEASURE(0.55),$,.NOTDEFINED.);
#6184=IFCCOLOURRGB($,0.56,0.19,0.11);
#6185=IFCCOLOURRGB($,0.56,0.19,0.11);
#6186=IFCSURFACESTYLE('Concrete_Tremie_Underwater',.BOTH.,(#6187));
#6187=IFCSURFACESTYLERENDERING(#6188,0.,#6189,$,$,$,IFCNORMALISEDRATIOMEASURE(0.),$,.NOTDEFINED.);
#6188=IFCCOLOURRGB($,0.47,0.47,0.45);
#6189=IFCCOLOURRGB($,0.47,0.47,0.45);
#6190=IFCSURFACESTYLE('Concrete_Structural_C40',.BOTH.,(#6191));
#6191=IFCSURFACESTYLERENDERING(#6192,0.,#6193,$,$,$,IFCNORMALISEDRATIOMEASURE(0.),$,.NOTDEFINED.);
#6192=IFCCOLOURRGB($,0.69,0.68,0.65);
#6193=IFCCOLOURRGB($,0.69,0.68,0.65);
#6194=IFCSURFACESTYLE('Steel_Tubular_Pile',.BOTH.,(#6195));
#6195=IFCSURFACESTYLERENDERING(#6196,0.,#6197,$,$,$,IFCNORMALISEDRATIOMEASURE(0.8),$,.NOTDEFINED.);
#6196=IFCCOLOURRGB($,0.38,0.36,0.33);
#6197=IFCCOLOURRGB($,0.38,0.36,0.33);
#6198=IFCSURFACESTYLE('Steel_Galvanised',.BOTH.,(#6199));
#6199=IFCSURFACESTYLERENDERING(#6200,0.,#6201,$,$,$,IFCNORMALISEDRATIOMEASURE(0.9),$,.NOTDEFINED.);
#6200=IFCCOLOURRGB($,0.78,0.79,0.8);
#6201=IFCCOLOURRGB($,0.78,0.79,0.8);
#6202=IFCSURFACESTYLE('River_Water',.BOTH.,(#6203));
#6203=IFCSURFACESTYLERENDERING(#6204,0.74,#6205,$,$,$,IFCNORMALISEDRATIOMEASURE(0.05),$,.NOTDEFINED.);
#6204=IFCCOLOURRGB($,0.18,0.42,0.55);
#6205=IFCCOLOURRGB($,0.18,0.42,0.55);
#6206=IFCSURFACESTYLE('Riverbed_Silt',.BOTH.,(#6207));
#6207=IFCSURFACESTYLERENDERING(#6208,0.,#6209,$,$,$,IFCNORMALISEDRATIOMEASURE(0.),$,.NOTDEFINED.);
#6208=IFCCOLOURRGB($,0.37,0.3,0.21);
#6209=IFCCOLOURRGB($,0.37,0.3,0.21);
#6210=IFCSTYLEDITEM(#653,(#6178),'Steel_SheetPile_Weathered');
#6211=IFCMATERIAL('Material_Steel_SheetPile_Weathered',$,$);
#6212=IFCOWNERHISTORY(#5,#6,.READWRITE.,.MODIFIED.,1788889311,#5,#6,1788887695);
#6213=IFCRELASSOCIATESMATERIAL('0L7KyT9693YOB_jiDMHG3l',#6212,$,$,(#6450,#1767,#25,#1315,#671),#6211);
#6214=IFCSTYLEDITEM(#1297,(#6178),'Steel_SheetPile_Weathered');
#6215=IFCSTYLEDITEM(#1749,(#6178),'Steel_SheetPile_Weathered');
#6216=IFCSTYLEDITEM(#2201,(#6178),'Steel_SheetPile_Weathered');
#6217=IFCSTYLEDITEM(#2365,(#6182),'Steel_Bracing_RedOxide');
#6218=IFCMATERIAL('Material_Steel_Bracing_RedOxide',$,$);
#6219=IFCOWNERHISTORY(#5,#6,.READWRITE.,.MODIFIED.,1788887696,#5,#6,1788887696);
#6220=IFCRELASSOCIATESMATERIAL('3PRp6O4FD6EhkLulNu90cV',#6219,$,$,(#3115,#2711,#3455,#2547,#2219,#2383),#6218);
#6221=IFCSTYLEDITEM(#2529,(#6182),'Steel_Bracing_RedOxide');
#6222=IFCSTYLEDITEM(#2693,(#6182),'Steel_Bracing_RedOxide');
#6223=IFCSTYLEDITEM(#3097,(#6182),'Steel_Bracing_RedOxide');
#6224=IFCSTYLEDITEM(#3437,(#6182),'Steel_Bracing_RedOxide');
#6225=IFCSTYLEDITEM(#3777,(#6182),'Steel_Bracing_RedOxide');
#6226=IFCSTYLEDITEM(#3809,(#6186),'Concrete_Tremie_Underwater');
#6227=IFCMATERIAL('Material_Concrete_Tremie_Underwater',$,$);
#6228=IFCOWNERHISTORY(#5,#6,.READWRITE.,.ADDED.,1788887696,#5,#6,1788887696);
#6229=IFCRELASSOCIATESMATERIAL('1L6z5xshjDRfIJEKXhUEkR',#6228,$,$,(#3795),#6227);
#6230=IFCSTYLEDITEM(#3841,(#6190),'Concrete_Structural_C40');
#6231=IFCMATERIAL('Material_Concrete_Structural_C40',$,$);
#6232=IFCOWNERHISTORY(#5,#6,.READWRITE.,.MODIFIED.,1788887697,#5,#6,1788887697);
#6233=IFCRELASSOCIATESMATERIAL('0PFLU2qwL9ABEJBedvYMC6',#6232,$,$,(#3859,#3827),#6231);
#6234=IFCSTYLEDITEM(#4129,(#6190),'Concrete_Structural_C40');
#6235=IFCSTYLEDITEM(#4629,(#6194),'Steel_Tubular_Pile');
#6236=IFCMATERIAL('Material_Steel_Tubular_Pile',$,$);
#6237=IFCOWNERHISTORY(#5,#6,.READWRITE.,.ADDED.,1788887697,#5,#6,1788887697);
#6238=IFCRELASSOCIATESMATERIAL('2Y4q5VtQP2$g8Yo98QkLXc',#6237,$,$,(#4147),#6236);
#6239=IFCSTYLEDITEM(#4697,(#6198),'Steel_Galvanised');
#6240=IFCMATERIAL('Material_Steel_Galvanised',$,$);
#6241=IFCOWNERHISTORY(#5,#6,.READWRITE.,.MODIFIED.,1788887698,#5,#6,1788887698);
#6242=IFCRELASSOCIATESMATERIAL('3z2nxdl754dAKbZMVLYd0_',#6241,$,$,(#4647,#4715,#5327),#6240);
#6243=IFCSTYLEDITEM(#5309,(#6198),'Steel_Galvanised');
#6244=IFCSTYLEDITEM(#6025,(#6198),'Steel_Galvanised');
#6245=IFCSTYLEDITEM(#6161,(#6202),'River_Water');
#6246=IFCMATERIAL('Material_River_Water',$,$);
#6247=IFCOWNERHISTORY(#5,#6,.READWRITE.,.ADDED.,1788887698,#5,#6,1788887698);
#6248=IFCRELASSOCIATESMATERIAL('1tvu0AYdbCMg1Z6wdWB0TH',#6247,$,$,(#6111),#6246);
#6249=IFCSTYLEDITEM(#6093,(#6206),'Riverbed_Silt');
#6250=IFCMATERIAL('Material_Riverbed_Silt',$,$);
#6251=IFCOWNERHISTORY(#5,#6,.READWRITE.,.ADDED.,1788887698,#5,#6,1788887698);
#6252=IFCRELASSOCIATESMATERIAL('0aSe22sFL9NOhrK56NlMog',#6251,$,$,(#6043),#6250);
#6253=IFCOWNERHISTORY(#5,#6,.READWRITE.,.ADDED.,1788887749,#5,#6,1788887749);
#6254=IFCPROPERTYSET('1eB1Ze26nDO8epzI56v5Ot',#6253,'Pset_TemporaryWorks',$,(#6257,#6258,#6259,#6260,#6261,#6262,#6263,#6264));
#6255=IFCOWNERHISTORY(#5,#6,.READWRITE.,.ADDED.,1788887749,#5,#6,1788887749);
#6256=IFCRELDEFINESBYPROPERTIES('0Qq7YKeKrF5AB7LjCPkJzi',#6255,$,$,(#25),#6254);
#6257=IFCPROPERTYSINGLEVALUE('Status',$,IFCLABEL('Temporary'),$);
#6258=IFCPROPERTYSINGLEVALUE('DesignWaterLevel_m',$,IFCREAL(3.),$);
#6259=IFCPROPERTYSINGLEVALUE('RiverBedLevel_m',$,IFCREAL(0.),$);
#6260=IFCPROPERTYSINGLEVALUE('DredgeLevel_m',$,IFCREAL(-5.5),$);
#6261=IFCPROPERTYSINGLEVALUE('SheetPileToeLevel_m',$,IFCREAL(-12.),$);
#6262=IFCPROPERTYSINGLEVALUE('RetainedHeight_m',$,IFCREAL(10.5),$);
#6263=IFCPROPERTYSINGLEVALUE('BracingLevels_m',$,IFCLABEL('+3.60 / +1.50 / -1.00'),$);
#6264=IFCPROPERTYSINGLEVALUE('RemovalStage',$,IFCLABEL('Strip after pier lift 1 cast to +0.60'),$);
#6265=IFCOWNERHISTORY(#5,#6,.READWRITE.,.ADDED.,1788887749,#5,#6,1788887749);
#6266=IFCPROPERTYSET('2xz6W03FbBzRYei_sf$Nan',#6265,'Pset_TemporaryWorks',$,(#6269,#6270,#6271,#6272,#6273,#6274,#6275,#6276));
#6267=IFCOWNERHISTORY(#5,#6,.READWRITE.,.ADDED.,1788887749,#5,#6,1788887749);
#6268=IFCRELDEFINESBYPROPERTIES('3MztBumu12K9frtar154K9',#6267,$,$,(#671),#6266);
#6269=IFCPROPERTYSINGLEVALUE('Status',$,IFCLABEL('Temporary'),$);
#6270=IFCPROPERTYSINGLEVALUE('DesignWaterLevel_m',$,IFCREAL(3.),$);
#6271=IFCPROPERTYSINGLEVALUE('RiverBedLevel_m',$,IFCREAL(0.),$);
#6272=IFCPROPERTYSINGLEVALUE('DredgeLevel_m',$,IFCREAL(-5.5),$);
#6273=IFCPROPERTYSINGLEVALUE('SheetPileToeLevel_m',$,IFCREAL(-12.),$);
#6274=IFCPROPERTYSINGLEVALUE('RetainedHeight_m',$,IFCREAL(10.5),$);
#6275=IFCPROPERTYSINGLEVALUE('BracingLevels_m',$,IFCLABEL('+3.60 / +1.50 / -1.00'),$);
#6276=IFCPROPERTYSINGLEVALUE('RemovalStage',$,IFCLABEL('Strip after pier lift 1 cast to +0.60'),$);
#6277=IFCOWNERHISTORY(#5,#6,.READWRITE.,.ADDED.,1788887749,#5,#6,1788887749);
#6278=IFCPROPERTYSET('2iFkXmSRT4KAc2Az85Pkxi',#6277,'Pset_TemporaryWorks',$,(#6281,#6282,#6283,#6284,#6285,#6286,#6287,#6288));
#6279=IFCOWNERHISTORY(#5,#6,.READWRITE.,.ADDED.,1788887749,#5,#6,1788887749);
#6280=IFCRELDEFINESBYPROPERTIES('0UsqKUP6nF1wAIWhqGtLWe',#6279,$,$,(#1315),#6278);
#6281=IFCPROPERTYSINGLEVALUE('Status',$,IFCLABEL('Temporary'),$);
#6282=IFCPROPERTYSINGLEVALUE('DesignWaterLevel_m',$,IFCREAL(3.),$);
#6283=IFCPROPERTYSINGLEVALUE('RiverBedLevel_m',$,IFCREAL(0.),$);
#6284=IFCPROPERTYSINGLEVALUE('DredgeLevel_m',$,IFCREAL(-5.5),$);
#6285=IFCPROPERTYSINGLEVALUE('SheetPileToeLevel_m',$,IFCREAL(-12.),$);
#6286=IFCPROPERTYSINGLEVALUE('RetainedHeight_m',$,IFCREAL(10.5),$);
#6287=IFCPROPERTYSINGLEVALUE('BracingLevels_m',$,IFCLABEL('+3.60 / +1.50 / -1.00'),$);
#6288=IFCPROPERTYSINGLEVALUE('RemovalStage',$,IFCLABEL('Strip after pier lift 1 cast to +0.60'),$);
#6289=IFCOWNERHISTORY(#5,#6,.READWRITE.,.ADDED.,1788887749,#5,#6,1788887749);
#6290=IFCPROPERTYSET('18R4IxD7jCRvoMukOyDftM',#6289,'Pset_TemporaryWorks',$,(#6293,#6294,#6295,#6296,#6297,#6298,#6299,#6300));
#6291=IFCOWNERHISTORY(#5,#6,.READWRITE.,.ADDED.,1788887749,#5,#6,1788887749);
#6292=IFCRELDEFINESBYPROPERTIES('0NspZegCz4iudDjaxLWo_X',#6291,$,$,(#1767),#6290);
#6293=IFCPROPERTYSINGLEVALUE('Status',$,IFCLABEL('Temporary'),$);
#6294=IFCPROPERTYSINGLEVALUE('DesignWaterLevel_m',$,IFCREAL(3.),$);
#6295=IFCPROPERTYSINGLEVALUE('RiverBedLevel_m',$,IFCREAL(0.),$);
#6296=IFCPROPERTYSINGLEVALUE('DredgeLevel_m',$,IFCREAL(-5.5),$);
#6297=IFCPROPERTYSINGLEVALUE('SheetPileToeLevel_m',$,IFCREAL(-12.),$);
#6298=IFCPROPERTYSINGLEVALUE('RetainedHeight_m',$,IFCREAL(10.5),$);
#6299=IFCPROPERTYSINGLEVALUE('BracingLevels_m',$,IFCLABEL('+3.60 / +1.50 / -1.00'),$);
#6300=IFCPROPERTYSINGLEVALUE('RemovalStage',$,IFCLABEL('Strip after pier lift 1 cast to +0.60'),$);
#6301=IFCOWNERHISTORY(#5,#6,.READWRITE.,.ADDED.,1788887749,#5,#6,1788887749);
#6302=IFCPROPERTYSET('1o4kEPfLP2uxiwkNW4oalp',#6301,'Pset_TemporaryWorks',$,(#6305,#6306,#6307,#6308,#6309,#6310,#6311,#6312));
#6303=IFCOWNERHISTORY(#5,#6,.READWRITE.,.ADDED.,1788887749,#5,#6,1788887749);
#6304=IFCRELDEFINESBYPROPERTIES('2jZJsCnpH5781HqG_LnjJQ',#6303,$,$,(#2219),#6302);
#6305=IFCPROPERTYSINGLEVALUE('Status',$,IFCLABEL('Temporary'),$);
#6306=IFCPROPERTYSINGLEVALUE('DesignWaterLevel_m',$,IFCREAL(3.),$);
#6307=IFCPROPERTYSINGLEVALUE('RiverBedLevel_m',$,IFCREAL(0.),$);
#6308=IFCPROPERTYSINGLEVALUE('DredgeLevel_m',$,IFCREAL(-5.5),$);
#6309=IFCPROPERTYSINGLEVALUE('SheetPileToeLevel_m',$,IFCREAL(-12.),$);
#6310=IFCPROPERTYSINGLEVALUE('RetainedHeight_m',$,IFCREAL(10.5),$);
#6311=IFCPROPERTYSINGLEVALUE('BracingLevels_m',$,IFCLABEL('+3.60 / +1.50 / -1.00'),$);
#6312=IFCPROPERTYSINGLEVALUE('RemovalStage',$,IFCLABEL('Strip after pier lift 1 cast to +0.60'),$);
#6313=IFCOWNERHISTORY(#5,#6,.READWRITE.,.ADDED.,1788887749,#5,#6,1788887749);
#6314=IFCPROPERTYSET('0ukeaUmyLCGvnSOz7uZ0XE',#6313,'Pset_TemporaryWorks',$,(#6317,#6318,#6319,#6320,#6321,#6322,#6323,#6324));
#6315=IFCOWNERHISTORY(#5,#6,.READWRITE.,.ADDED.,1788887749,#5,#6,1788887749);
#6316=IFCRELDEFINESBYPROPERTIES('116v4IXtj2hOIiJIrCOSp8',#6315,$,$,(#2383),#6314);
#6317=IFCPROPERTYSINGLEVALUE('Status',$,IFCLABEL('Temporary'),$);
#6318=IFCPROPERTYSINGLEVALUE('DesignWaterLevel_m',$,IFCREAL(3.),$);
#6319=IFCPROPERTYSINGLEVALUE('RiverBedLevel_m',$,IFCREAL(0.),$);
#6320=IFCPROPERTYSINGLEVALUE('DredgeLevel_m',$,IFCREAL(-5.5),$);
#6321=IFCPROPERTYSINGLEVALUE('SheetPileToeLevel_m',$,IFCREAL(-12.),$);
#6322=IFCPROPERTYSINGLEVALUE('RetainedHeight_m',$,IFCREAL(10.5),$);
#6323=IFCPROPERTYSINGLEVALUE('BracingLevels_m',$,IFCLABEL('+3.60 / +1.50 / -1.00'),$);
#6324=IFCPROPERTYSINGLEVALUE('RemovalStage',$,IFCLABEL('Strip after pier lift 1 cast to +0.60'),$);
#6325=IFCOWNERHISTORY(#5,#6,.READWRITE.,.ADDED.,1788887749,#5,#6,1788887749);
#6326=IFCPROPERTYSET('08JOchZuf0uvzvIOEM$i2D',#6325,'Pset_TemporaryWorks',$,(#6329,#6330,#6331,#6332,#6333,#6334,#6335,#6336));
#6327=IFCOWNERHISTORY(#5,#6,.READWRITE.,.ADDED.,1788887749,#5,#6,1788887749);
#6328=IFCRELDEFINESBYPROPERTIES('2eWJB22MvDbQo4eChGVorr',#6327,$,$,(#2547),#6326);
#6329=IFCPROPERTYSINGLEVALUE('Status',$,IFCLABEL('Temporary'),$);
#6330=IFCPROPERTYSINGLEVALUE('DesignWaterLevel_m',$,IFCREAL(3.),$);
#6331=IFCPROPERTYSINGLEVALUE('RiverBedLevel_m',$,IFCREAL(0.),$);
#6332=IFCPROPERTYSINGLEVALUE('DredgeLevel_m',$,IFCREAL(-5.5),$);
#6333=IFCPROPERTYSINGLEVALUE('SheetPileToeLevel_m',$,IFCREAL(-12.),$);
#6334=IFCPROPERTYSINGLEVALUE('RetainedHeight_m',$,IFCREAL(10.5),$);
#6335=IFCPROPERTYSINGLEVALUE('BracingLevels_m',$,IFCLABEL('+3.60 / +1.50 / -1.00'),$);
#6336=IFCPROPERTYSINGLEVALUE('RemovalStage',$,IFCLABEL('Strip after pier lift 1 cast to +0.60'),$);
#6337=IFCOWNERHISTORY(#5,#6,.READWRITE.,.ADDED.,1788887749,#5,#6,1788887749);
#6338=IFCPROPERTYSET('3pZqkP5Sr11h5xwg0qXozd',#6337,'Pset_TemporaryWorks',$,(#6341,#6342,#6343,#6344,#6345,#6346,#6347,#6348));
#6339=IFCOWNERHISTORY(#5,#6,.READWRITE.,.ADDED.,1788887749,#5,#6,1788887749);
#6340=IFCRELDEFINESBYPROPERTIES('1ntBVSHOr1Cf7Hj0WCSSjw',#6339,$,$,(#2711),#6338);
#6341=IFCPROPERTYSINGLEVALUE('Status',$,IFCLABEL('Temporary'),$);
#6342=IFCPROPERTYSINGLEVALUE('DesignWaterLevel_m',$,IFCREAL(3.),$);
#6343=IFCPROPERTYSINGLEVALUE('RiverBedLevel_m',$,IFCREAL(0.),$);
#6344=IFCPROPERTYSINGLEVALUE('DredgeLevel_m',$,IFCREAL(-5.5),$);
#6345=IFCPROPERTYSINGLEVALUE('SheetPileToeLevel_m',$,IFCREAL(-12.),$);
#6346=IFCPROPERTYSINGLEVALUE('RetainedHeight_m',$,IFCREAL(10.5),$);
#6347=IFCPROPERTYSINGLEVALUE('BracingLevels_m',$,IFCLABEL('+3.60 / +1.50 / -1.00'),$);
#6348=IFCPROPERTYSINGLEVALUE('RemovalStage',$,IFCLABEL('Strip after pier lift 1 cast to +0.60'),$);
#6349=IFCOWNERHISTORY(#5,#6,.READWRITE.,.ADDED.,1788887749,#5,#6,1788887749);
#6350=IFCPROPERTYSET('1hUCGPxU11uRsXcsqalcZh',#6349,'Pset_TemporaryWorks',$,(#6353,#6354,#6355,#6356,#6357,#6358,#6359,#6360));
#6351=IFCOWNERHISTORY(#5,#6,.READWRITE.,.ADDED.,1788887749,#5,#6,1788887749);
#6352=IFCRELDEFINESBYPROPERTIES('3pgs2kMZv3vBPfYynttpi6',#6351,$,$,(#3115),#6350);
#6353=IFCPROPERTYSINGLEVALUE('Status',$,IFCLABEL('Temporary'),$);
#6354=IFCPROPERTYSINGLEVALUE('DesignWaterLevel_m',$,IFCREAL(3.),$);
#6355=IFCPROPERTYSINGLEVALUE('RiverBedLevel_m',$,IFCREAL(0.),$);
#6356=IFCPROPERTYSINGLEVALUE('DredgeLevel_m',$,IFCREAL(-5.5),$);
#6357=IFCPROPERTYSINGLEVALUE('SheetPileToeLevel_m',$,IFCREAL(-12.),$);
#6358=IFCPROPERTYSINGLEVALUE('RetainedHeight_m',$,IFCREAL(10.5),$);
#6359=IFCPROPERTYSINGLEVALUE('BracingLevels_m',$,IFCLABEL('+3.60 / +1.50 / -1.00'),$);
#6360=IFCPROPERTYSINGLEVALUE('RemovalStage',$,IFCLABEL('Strip after pier lift 1 cast to +0.60'),$);
#6361=IFCOWNERHISTORY(#5,#6,.READWRITE.,.ADDED.,1788887749,#5,#6,1788887749);
#6362=IFCPROPERTYSET('1VIPxPj_DEqfNAHab4GNLE',#6361,'Pset_TemporaryWorks',$,(#6365,#6366,#6367,#6368,#6369,#6370,#6371,#6372));
#6363=IFCOWNERHISTORY(#5,#6,.READWRITE.,.ADDED.,1788887749,#5,#6,1788887749);
#6364=IFCRELDEFINESBYPROPERTIES('19gp$7OeT79PBiv7Fd$qhL',#6363,$,$,(#3455),#6362);
#6365=IFCPROPERTYSINGLEVALUE('Status',$,IFCLABEL('Temporary'),$);
#6366=IFCPROPERTYSINGLEVALUE('DesignWaterLevel_m',$,IFCREAL(3.),$);
#6367=IFCPROPERTYSINGLEVALUE('RiverBedLevel_m',$,IFCREAL(0.),$);
#6368=IFCPROPERTYSINGLEVALUE('DredgeLevel_m',$,IFCREAL(-5.5),$);
#6369=IFCPROPERTYSINGLEVALUE('SheetPileToeLevel_m',$,IFCREAL(-12.),$);
#6370=IFCPROPERTYSINGLEVALUE('RetainedHeight_m',$,IFCREAL(10.5),$);
#6371=IFCPROPERTYSINGLEVALUE('BracingLevels_m',$,IFCLABEL('+3.60 / +1.50 / -1.00'),$);
#6372=IFCPROPERTYSINGLEVALUE('RemovalStage',$,IFCLABEL('Strip after pier lift 1 cast to +0.60'),$);
#6373=IFCOWNERHISTORY(#5,#6,.READWRITE.,.ADDED.,1788887749,#5,#6,1788887749);
#6374=IFCPROPERTYSET('3tZ0lOzRrCt8l7hc$0EvdI',#6373,'Pset_TemporaryWorks',$,(#6377,#6378,#6379,#6380,#6381,#6382,#6383,#6384));
#6375=IFCOWNERHISTORY(#5,#6,.READWRITE.,.ADDED.,1788887749,#5,#6,1788887749);
#6376=IFCRELDEFINESBYPROPERTIES('3aTz4hXx9ErOtjZvW6V2Qo',#6375,$,$,(#4647),#6374);
#6377=IFCPROPERTYSINGLEVALUE('Status',$,IFCLABEL('Temporary'),$);
#6378=IFCPROPERTYSINGLEVALUE('DesignWaterLevel_m',$,IFCREAL(3.),$);
#6379=IFCPROPERTYSINGLEVALUE('RiverBedLevel_m',$,IFCREAL(0.),$);
#6380=IFCPROPERTYSINGLEVALUE('DredgeLevel_m',$,IFCREAL(-5.5),$);
#6381=IFCPROPERTYSINGLEVALUE('SheetPileToeLevel_m',$,IFCREAL(-12.),$);
#6382=IFCPROPERTYSINGLEVALUE('RetainedHeight_m',$,IFCREAL(10.5),$);
#6383=IFCPROPERTYSINGLEVALUE('BracingLevels_m',$,IFCLABEL('+3.60 / +1.50 / -1.00'),$);
#6384=IFCPROPERTYSINGLEVALUE('RemovalStage',$,IFCLABEL('Strip after pier lift 1 cast to +0.60'),$);
#6385=IFCOWNERHISTORY(#5,#6,.READWRITE.,.ADDED.,1788887749,#5,#6,1788887749);
#6386=IFCPROPERTYSET('2D9lSVkBH0_wLWJdjdgv5A',#6385,'Pset_TemporaryWorks',$,(#6389,#6390,#6391,#6392,#6393,#6394,#6395,#6396));
#6387=IFCOWNERHISTORY(#5,#6,.READWRITE.,.ADDED.,1788887749,#5,#6,1788887749);
#6388=IFCRELDEFINESBYPROPERTIES('1hx9BTBAv9iumW3Aw0ZCA0',#6387,$,$,(#4715),#6386);
#6389=IFCPROPERTYSINGLEVALUE('Status',$,IFCLABEL('Temporary'),$);
#6390=IFCPROPERTYSINGLEVALUE('DesignWaterLevel_m',$,IFCREAL(3.),$);
#6391=IFCPROPERTYSINGLEVALUE('RiverBedLevel_m',$,IFCREAL(0.),$);
#6392=IFCPROPERTYSINGLEVALUE('DredgeLevel_m',$,IFCREAL(-5.5),$);
#6393=IFCPROPERTYSINGLEVALUE('SheetPileToeLevel_m',$,IFCREAL(-12.),$);
#6394=IFCPROPERTYSINGLEVALUE('RetainedHeight_m',$,IFCREAL(10.5),$);
#6395=IFCPROPERTYSINGLEVALUE('BracingLevels_m',$,IFCLABEL('+3.60 / +1.50 / -1.00'),$);
#6396=IFCPROPERTYSINGLEVALUE('RemovalStage',$,IFCLABEL('Strip after pier lift 1 cast to +0.60'),$);
#6397=IFCOWNERHISTORY(#5,#6,.READWRITE.,.ADDED.,1788887749,#5,#6,1788887749);
#6398=IFCPROPERTYSET('0Vd0BteGT4sOjV2yckYHjh',#6397,'Pset_TemporaryWorks',$,(#6401,#6402,#6403,#6404,#6405,#6406,#6407,#6408));
#6399=IFCOWNERHISTORY(#5,#6,.READWRITE.,.ADDED.,1788887749,#5,#6,1788887749);
#6400=IFCRELDEFINESBYPROPERTIES('0yhwzenDjAj9n5qlFqn8LY',#6399,$,$,(#5327),#6398);
#6401=IFCPROPERTYSINGLEVALUE('Status',$,IFCLABEL('Temporary'),$);
#6402=IFCPROPERTYSINGLEVALUE('DesignWaterLevel_m',$,IFCREAL(3.),$);
#6403=IFCPROPERTYSINGLEVALUE('RiverBedLevel_m',$,IFCREAL(0.),$);
#6404=IFCPROPERTYSINGLEVALUE('DredgeLevel_m',$,IFCREAL(-5.5),$);
#6405=IFCPROPERTYSINGLEVALUE('SheetPileToeLevel_m',$,IFCREAL(-12.),$);
#6406=IFCPROPERTYSINGLEVALUE('RetainedHeight_m',$,IFCREAL(10.5),$);
#6407=IFCPROPERTYSINGLEVALUE('BracingLevels_m',$,IFCLABEL('+3.60 / +1.50 / -1.00'),$);
#6408=IFCPROPERTYSINGLEVALUE('RemovalStage',$,IFCLABEL('Strip after pier lift 1 cast to +0.60'),$);
#6409=IFCOWNERHISTORY(#5,#6,.READWRITE.,.ADDED.,1788887749,#5,#6,1788887749);
#6410=IFCPROPERTYSET('0WH5yVC390nRNrvKH$emkW',#6409,'Pset_PermanentWorks',$,(#6413,#6414,#6415,#6416,#6417,#6418));
#6411=IFCOWNERHISTORY(#5,#6,.READWRITE.,.ADDED.,1788887749,#5,#6,1788887749);
#6412=IFCRELDEFINESBYPROPERTIES('3cN6aZ1Nb4XPAE04_P1XcO',#6411,$,$,(#3795),#6410);
#6413=IFCPROPERTYSINGLEVALUE('Status',$,IFCLABEL('Permanent'),$);
#6414=IFCPROPERTYSINGLEVALUE('ConcreteGrade',$,IFCLABEL('C40/50'),$);
#6415=IFCPROPERTYSINGLEVALUE('SealSlabThickness_m',$,IFCREAL(1.5),$);
#6416=IFCPROPERTYSINGLEVALUE('PileCapSoffit_m',$,IFCREAL(-4.),$);
#6417=IFCPROPERTYSINGLEVALUE('PileCapTop_m',$,IFCREAL(-2.),$);
#6418=IFCPROPERTYSINGLEVALUE('BearingPiles',$,IFCLABEL('6 no. 900mm dia to -20.0m'),$);
#6419=IFCOWNERHISTORY(#5,#6,.READWRITE.,.ADDED.,1788887749,#5,#6,1788887749);
#6420=IFCPROPERTYSET('1qzHPUyCvFGBUWpmQD2kvo',#6419,'Pset_PermanentWorks',$,(#6423,#6424,#6425,#6426,#6427,#6428));
#6421=IFCOWNERHISTORY(#5,#6,.READWRITE.,.ADDED.,1788887749,#5,#6,1788887749);
#6422=IFCRELDEFINESBYPROPERTIES('0fFLSjldD4s9CogkbvFbVb',#6421,$,$,(#3827),#6420);
#6423=IFCPROPERTYSINGLEVALUE('Status',$,IFCLABEL('Permanent'),$);
#6424=IFCPROPERTYSINGLEVALUE('ConcreteGrade',$,IFCLABEL('C40/50'),$);
#6425=IFCPROPERTYSINGLEVALUE('SealSlabThickness_m',$,IFCREAL(1.5),$);
#6426=IFCPROPERTYSINGLEVALUE('PileCapSoffit_m',$,IFCREAL(-4.),$);
#6427=IFCPROPERTYSINGLEVALUE('PileCapTop_m',$,IFCREAL(-2.),$);
#6428=IFCPROPERTYSINGLEVALUE('BearingPiles',$,IFCLABEL('6 no. 900mm dia to -20.0m'),$);
#6429=IFCOWNERHISTORY(#5,#6,.READWRITE.,.ADDED.,1788887749,#5,#6,1788887749);
#6430=IFCPROPERTYSET('3MshpWt9XAzQE7kQVJtsxn',#6429,'Pset_PermanentWorks',$,(#6433,#6434,#6435,#6436,#6437,#6438));
#6431=IFCOWNERHISTORY(#5,#6,.READWRITE.,.ADDED.,1788887749,#5,#6,1788887749);
#6432=IFCRELDEFINESBYPROPERTIES('1rHBS4CJzF7uDvibsOhGlz',#6431,$,$,(#3859),#6430);
#6433=IFCPROPERTYSINGLEVALUE('Status',$,IFCLABEL('Permanent'),$);
#6434=IFCPROPERTYSINGLEVALUE('ConcreteGrade',$,IFCLABEL('C40/50'),$);
#6435=IFCPROPERTYSINGLEVALUE('SealSlabThickness_m',$,IFCREAL(1.5),$);
#6436=IFCPROPERTYSINGLEVALUE('PileCapSoffit_m',$,IFCREAL(-4.),$);
#6437=IFCPROPERTYSINGLEVALUE('PileCapTop_m',$,IFCREAL(-2.),$);
#6438=IFCPROPERTYSINGLEVALUE('BearingPiles',$,IFCLABEL('6 no. 900mm dia to -20.0m'),$);
#6439=IFCOWNERHISTORY(#5,#6,.READWRITE.,.ADDED.,1788887749,#5,#6,1788887749);
#6440=IFCPROPERTYSET('0Az8Omza97kwtKRyaqJ0mG',#6439,'Pset_PermanentWorks',$,(#6443,#6444,#6445,#6446,#6447,#6448));
#6441=IFCOWNERHISTORY(#5,#6,.READWRITE.,.ADDED.,1788887749,#5,#6,1788887749);
#6442=IFCRELDEFINESBYPROPERTIES('2z2DUBHvz64e4XnVLNfkxR',#6441,$,$,(#4147),#6440);
#6443=IFCPROPERTYSINGLEVALUE('Status',$,IFCLABEL('Permanent'),$);
#6444=IFCPROPERTYSINGLEVALUE('ConcreteGrade',$,IFCLABEL('C40/50'),$);
#6445=IFCPROPERTYSINGLEVALUE('SealSlabThickness_m',$,IFCREAL(1.5),$);
#6446=IFCPROPERTYSINGLEVALUE('PileCapSoffit_m',$,IFCREAL(-4.),$);
#6447=IFCPROPERTYSINGLEVALUE('PileCapTop_m',$,IFCREAL(-2.),$);
#6448=IFCPROPERTYSINGLEVALUE('BearingPiles',$,IFCLABEL('6 no. 900mm dia to -20.0m'),$);
#6449=IFCOWNERHISTORY(#5,#6,.READWRITE.,.MODIFIED.,1788889275,#5,#6,1788889275);
#6450=IFCPLATE('2UrIXAIDf2cfoPOTHuz0WS',#6449,'Corner_Junction_Piles',$,$,#6507,#6502,$,$);
#6451=IFCCARTESIANPOINTLIST3D(((-0.31,-0.31,-12.),(-0.31,-0.31,5.),(-0.31,0.31,-12.),(-0.31,0.31,5.),(0.31,-0.31,-12.),(0.31,-0.31,5.),(0.31,0.31,-12.),(0.31,0.31,5.),(11.69,-0.31,-12.),(11.69,-0.31,5.),(11.69,0.31,-12.),(11.69,0.31,5.),(12.31,-0.31,-12.),(12.31,-0.31,5.),(12.31,0.31,-12.),(12.31,0.31,5.),(-0.31,7.69,-12.),(-0.31,7.69,5.),(-0.31,8.31,-12.),(-0.31,8.31,5.),(0.31,7.69,-12.),(0.31,7.69,5.),(0.31,8.31,-12.),(0.31,8.31,5.),(11.69,7.69,-12.),(11.69,7.69,5.),(11.69,8.31,-12.),(11.69,8.31,5.),(12.31,7.69,-12.),(12.31,7.69,5.),(12.31,8.31,-12.),(12.31,8.31,5.)));
#6452=IFCINDEXEDPOLYGONALFACE((2,4,1));
#6453=IFCINDEXEDPOLYGONALFACE((5,2,1));
#6454=IFCINDEXEDPOLYGONALFACE((1,4,3));
#6455=IFCINDEXEDPOLYGONALFACE((3,5,1));
#6456=IFCINDEXEDPOLYGONALFACE((2,8,4));
#6457=IFCINDEXEDPOLYGONALFACE((6,2,5));
#6458=IFCINDEXEDPOLYGONALFACE((6,8,2));
#6459=IFCINDEXEDPOLYGONALFACE((4,8,3));
#6460=IFCINDEXEDPOLYGONALFACE((7,5,3));
#6461=IFCINDEXEDPOLYGONALFACE((3,8,7));
#6462=IFCINDEXEDPOLYGONALFACE((7,6,5));
#6463=IFCINDEXEDPOLYGONALFACE((8,6,7));
#6464=IFCINDEXEDPOLYGONALFACE((10,12,9));
#6465=IFCINDEXEDPOLYGONALFACE((13,10,9));
#6466=IFCINDEXEDPOLYGONALFACE((9,12,11));
#6467=IFCINDEXEDPOLYGONALFACE((11,13,9));
#6468=IFCINDEXEDPOLYGONALFACE((10,16,12));
#6469=IFCINDEXEDPOLYGONALFACE((14,10,13));
#6470=IFCINDEXEDPOLYGONALFACE((14,16,10));
#6471=IFCINDEXEDPOLYGONALFACE((12,16,11));
#6472=IFCINDEXEDPOLYGONALFACE((15,13,11));
#6473=IFCINDEXEDPOLYGONALFACE((11,16,15));
#6474=IFCINDEXEDPOLYGONALFACE((15,14,13));
#6475=IFCINDEXEDPOLYGONALFACE((16,14,15));
#6476=IFCINDEXEDPOLYGONALFACE((18,20,17));
#6477=IFCINDEXEDPOLYGONALFACE((21,18,17));
#6478=IFCINDEXEDPOLYGONALFACE((17,20,19));
#6479=IFCINDEXEDPOLYGONALFACE((19,21,17));
#6480=IFCINDEXEDPOLYGONALFACE((18,24,20));
#6481=IFCINDEXEDPOLYGONALFACE((22,18,21));
#6482=IFCINDEXEDPOLYGONALFACE((22,24,18));
#6483=IFCINDEXEDPOLYGONALFACE((20,24,19));
#6484=IFCINDEXEDPOLYGONALFACE((23,21,19));
#6485=IFCINDEXEDPOLYGONALFACE((19,24,23));
#6486=IFCINDEXEDPOLYGONALFACE((23,22,21));
#6487=IFCINDEXEDPOLYGONALFACE((24,22,23));
#6488=IFCINDEXEDPOLYGONALFACE((26,28,25));
#6489=IFCINDEXEDPOLYGONALFACE((29,26,25));
#6490=IFCINDEXEDPOLYGONALFACE((25,28,27));
#6491=IFCINDEXEDPOLYGONALFACE((27,29,25));
#6492=IFCINDEXEDPOLYGONALFACE((26,32,28));
#6493=IFCINDEXEDPOLYGONALFACE((30,26,29));
#6494=IFCINDEXEDPOLYGONALFACE((30,32,26));
#6495=IFCINDEXEDPOLYGONALFACE((28,32,27));
#6496=IFCINDEXEDPOLYGONALFACE((31,29,27));
#6497=IFCINDEXEDPOLYGONALFACE((27,32,31));
#6498=IFCINDEXEDPOLYGONALFACE((31,30,29));
#6499=IFCINDEXEDPOLYGONALFACE((32,30,31));
#6500=IFCPOLYGONALFACESET(#6451,$,(#6452,#6453,#6454,#6455,#6456,#6457,#6458,#6459,#6460,#6461,#6462,#6463,#6464,#6465,#6466,#6467,#6468,#6469,#6470,#6471,#6472,#6473,#6474,#6475,#6476,#6477,#6478,#6479,#6480,#6481,#6482,#6483,#6484,#6485,#6486,#6487,#6488,#6489,#6490,#6491,#6492,#6493,#6494,#6495,#6496,#6497,#6498,#6499),$);
#6501=IFCSHAPEREPRESENTATION(#16,'Body','Tessellation',(#6500));
#6502=IFCPRODUCTDEFINITIONSHAPE($,$,(#6501));
#6503=IFCCARTESIANPOINT((0.,0.,0.));
#6504=IFCDIRECTION((0.,0.,1.));
#6505=IFCDIRECTION((1.,0.,0.));
#6506=IFCAXIS2PLACEMENT3D(#6503,#6504,#6505);
#6507=IFCLOCALPLACEMENT($,#6506);
#6508=IFCOWNERHISTORY(#5,#6,.READWRITE.,.ADDED.,1788889275,#5,#6,1788889275);
#6509=IFCPROPERTYSET('2OgUa3djLFm8_mKt7lMe7l',#6508,'Pset_TrimeshGeneration',$,(#6512,#6513,#6514,#6515,#6516));
#6510=IFCOWNERHISTORY(#5,#6,.READWRITE.,.ADDED.,1788889275,#5,#6,1788889275);
#6511=IFCRELDEFINESBYPROPERTIES('1jawZO1HLCVO7ACJGYM3An',#6510,$,$,(#6450),#6509);
#6512=IFCPROPERTYSINGLEVALUE('GenerationMethod',$,IFCLABEL('TRIMESH_CODE'),$);
#6513=IFCPROPERTYSINGLEVALUE('VertexCount',$,IFCINTEGER(32),$);
#6514=IFCPROPERTYSINGLEVALUE('FaceCount',$,IFCINTEGER(48),$);
#6515=IFCPROPERTYSINGLEVALUE('IsWatertight',$,IFCBOOLEAN(.T.),$);
#6516=IFCPROPERTYSINGLEVALUE('Volume',$,IFCREAL(26.1392),$);
#6517=IFCSTYLEDITEM(#6500,(#6178),'Steel_SheetPile_Weathered');
ENDSEC;
END-ISO-10303-21;
