ISO-10303-21;
HEADER;
FILE_DESCRIPTION(('ViewDefinition [CoordinationView]'),'2;1');
FILE_NAME('blank_project.ifc','2023-01-01T00:00:00',(''),(''),'IfcOpenShell','IfcOpenShell','');
FILE_SCHEMA(('IFC4'));
ENDSEC;
DATA;
#1=IFCPROJECT('3_8KdRnHfBz9eKBDq73eHH',#2,'Complex Modern Office - InfraStudio',$,$,$,$,(#11),#7);
#2=IFCOWNERHISTORY(#5,#6,$,.ADDED.,$,$,$,1672531200);
#3=IFCPERSON($,'User',$,$,$,$,$,$);
#4=IFCORGANIZATION($,'Bonsai',$,$,$);
#5=IFCPERSONANDORGANIZATION(#3,#4,$);
#6=IFCAPPLICATION(#4,'0.8.0','Bonsai','Bonsai');
#7=IFCUNITASSIGNMENT((#8,#9,#10));
#8=IFCSIUNIT(*,.LENGTHUNIT.,$,.METRE.);
#9=IFCSIUNIT(*,.AREAUNIT.,$,.SQUARE_METRE.);
#10=IFCSIUNIT(*,.VOLUMEUNIT.,$,.CUBIC_METRE.);
#11=IFCGEOMETRICREPRESENTATIONCONTEXT($,'Model',3,1.E-05,#12,$);
#12=IFCAXIS2PLACEMENT3D(#13,#14,#15);
#13=IFCCARTESIANPOINT((0.,0.,0.));
#14=IFCDIRECTION((0.,0.,1.));
#15=IFCDIRECTION((1.,0.,0.));
#16=IFCGEOMETRICREPRESENTATIONSUBCONTEXT('Body','Model',*,*,*,*,#11,$,.MODEL_VIEW.,$);
#17=IFCGEOMETRICREPRESENTATIONSUBCONTEXT('Axis','Model',*,*,*,*,#11,$,.GRAPH_VIEW.,$);
#18=IFCSITE('3E$X2rR$X0vQ0$E1$Z',#2,'Default Site',$,$,$,$,$,.ELEMENT.,(0,0,0,0),(0,0,0,0),0.,$,$);
#19=IFCBUILDING('3F$X2rR$X0vQ0$E1$Z',#2,'Default Building',$,$,$,$,$,.ELEMENT.,$,$,$);
#20=IFCBUILDINGSTOREY('3G$X2rR$X0vQ0$E1$Z',#2,'Level 0',$,$,$,$,$,.ELEMENT.,0.);
#21=IFCRELAGGREGATES('3H$X2rR$X0vQ0$E1$Z',#2,$,$,#1,(#18));
#22=IFCRELAGGREGATES('3I$X2rR$X0vQ0$E1$Z',#2,$,$,#18,(#19));
#23=IFCRELAGGREGATES('3J$X2rR$X0vQ0$E1$Z',#2,$,$,#19,(#20));
#24=IFCOWNERHISTORY(#5,#6,.READWRITE.,.MODIFIED.,1788884239,#5,#6,1788884239);
#25=IFCWALL('3WYZvcJmT7Xh_XA_dhMjJ_',#24,'Reception_Wall_South',$,$,#46,#38,$,$);
#26=IFCOWNERHISTORY(#5,#6,.READWRITE.,.MODIFIED.,1788886002,#5,#6,1788884239);
#27=IFCRELCONTAINEDINSPATIALSTRUCTURE('3j7m35hNb9Ch2JOmzMuscM',#26,$,$,(#3772,#3895,#4716,#2810,#4399,#1274,#6556,#5471,#479,#4848,#5592,#4229,#5818,#1698,#1830,#3793,#723,#2019,#111,#5182,#3630,#4002,#2789,#4378,#1253,#2866,#936,#1057,#775,#5450,#458,#4215,#339,#3425,#4336,#2472,#5280,#5676,#5797,#698,#3134,#3651,#3255,#975,#90,#4459,#3609,#2579,#4925,#4357,#1232,#915,#1309,#5429,#4194,#3404,#4566,#1723,#5510,#2768,#873,#3113,#3485,#5061,#69,#5895,#4823,#4900,#3071,#3870,#5100,#2151,#1211,#1684,#894,#1805,#5408,#5881,#5485,#6002,#4173,#3383,#2998,#3460,#1937,#3977,#852,#2258,#3092,#416,#1600,#5075,#5040,#48,#2126,#3050,#2447,#539,#1441,#1663,#950,#5715,#6448,#5387,#437,#3173,#3690,#4434,#3362,#2233,#514,#2554,#646,#2686,#5019,#4702,#4079,#4541,#1416,#1548,#25,#3588,#5655,#1642,#150,#4741,#3856,#4054,#257,#4254,#4998,#4681,#2852,#2973,#3446,#1912,#3567,#2044,#125,#5634,#6492,#1159,#1621,#2365,#4639,#5266,#5860,#2891,#4152,#3835,#1082,#800,#5224,#232,#364,#5690,#5305,#6524,#4977,#4660,#3148,#2831,#3665,#1295,#3280,#4420,#1134,#2340,#500,#1334,#5613,#621,#2661,#4618,#5245,#5839,#4131,#3814,#1523,#5203,#5920),#20);
#28=IFCCARTESIANPOINTLIST2D(((0.,0.),(0.,0.2),(8.,0.2),(8.,0.),(0.,0.)));
#29=IFCINDEXEDPOLYCURVE(#28,$,.F.);
#30=IFCDIRECTION((0.,0.,1.));
#31=IFCARBITRARYCLOSEDPROFILEDEF(.AREA.,$,#29);
#32=IFCCARTESIANPOINT((0.,-0.1,0.));
#33=IFCDIRECTION((0.,0.,1.));
#34=IFCDIRECTION((1.,0.,0.));
#35=IFCAXIS2PLACEMENT3D(#32,#33,#34);
#36=IFCEXTRUDEDAREASOLID(#31,#35,#30,3.2);
#37=IFCSHAPEREPRESENTATION(#16,'Body','SweptSolid',(#36));
#38=IFCPRODUCTDEFINITIONSHAPE($,$,(#37,#41));
#39=IFCCARTESIANPOINTLIST2D(((0.,0.),(8.,0.)));
#40=IFCINDEXEDPOLYCURVE(#39,$,.F.);
#41=IFCSHAPEREPRESENTATION(#17,'Axis','Curve2D',(#40));
#42=IFCCARTESIANPOINT((0.,0.,0.));
#43=IFCDIRECTION((0.,0.,1.));
#44=IFCDIRECTION((1.,0.,0.));
#45=IFCAXIS2PLACEMENT3D(#42,#43,#44);
#46=IFCLOCALPLACEMENT($,#45);
#47=IFCOWNERHISTORY(#5,#6,.READWRITE.,.MODIFIED.,1788884239,#5,#6,1788884239);
#48=IFCWALL('1717ToMr9B6ghE9Tple06o',#47,'Reception_Wall_East',$,$,#67,#59,$,$);
#49=IFCCARTESIANPOINTLIST2D(((0.,0.),(0.,0.2),(8.,0.2),(8.,0.),(0.,0.)));
#50=IFCINDEXEDPOLYCURVE(#49,$,.F.);
#51=IFCDIRECTION((0.,0.,1.));
#52=IFCARBITRARYCLOSEDPROFILEDEF(.AREA.,$,#50);
#53=IFCCARTESIANPOINT((0.,-0.1,0.));
#54=IFCDIRECTION((0.,0.,1.));
#55=IFCDIRECTION((1.,0.,0.));
#56=IFCAXIS2PLACEMENT3D(#53,#54,#55);
#57=IFCEXTRUDEDAREASOLID(#52,#56,#51,3.2);
#58=IFCSHAPEREPRESENTATION(#16,'Body','SweptSolid',(#57));
#59=IFCPRODUCTDEFINITIONSHAPE($,$,(#58,#62));
#60=IFCCARTESIANPOINTLIST2D(((0.,0.),(8.,0.)));
#61=IFCINDEXEDPOLYCURVE(#60,$,.F.);
#62=IFCSHAPEREPRESENTATION(#17,'Axis','Curve2D',(#61));
#63=IFCCARTESIANPOINT((8.,0.,0.));
#64=IFCDIRECTION((0.,0.,1.));
#65=IFCDIRECTION((6.123233995736766E-17,1.,0.));
#66=IFCAXIS2PLACEMENT3D(#63,#64,#65);
#67=IFCLOCALPLACEMENT($,#66);
#68=IFCOWNERHISTORY(#5,#6,.READWRITE.,.MODIFIED.,1788884239,#5,#6,1788884239);
#69=IFCWALL('12VLL96814iOd8iuGLNNXV',#68,'Reception_Wall_North',$,$,#88,#80,$,$);
#70=IFCCARTESIANPOINTLIST2D(((0.,0.),(0.,0.2),(8.,0.2),(8.,0.),(0.,0.)));
#71=IFCINDEXEDPOLYCURVE(#70,$,.F.);
#72=IFCDIRECTION((0.,0.,1.));
#73=IFCARBITRARYCLOSEDPROFILEDEF(.AREA.,$,#71);
#74=IFCCARTESIANPOINT((0.,-0.1,0.));
#75=IFCDIRECTION((0.,0.,1.));
#76=IFCDIRECTION((1.,0.,0.));
#77=IFCAXIS2PLACEMENT3D(#74,#75,#76);
#78=IFCEXTRUDEDAREASOLID(#73,#77,#72,3.2);
#79=IFCSHAPEREPRESENTATION(#16,'Body','SweptSolid',(#78));
#80=IFCPRODUCTDEFINITIONSHAPE($,$,(#79,#83));
#81=IFCCARTESIANPOINTLIST2D(((0.,0.),(8.,0.)));
#82=IFCINDEXEDPOLYCURVE(#81,$,.F.);
#83=IFCSHAPEREPRESENTATION(#17,'Axis','Curve2D',(#82));
#84=IFCCARTESIANPOINT((8.,8.,0.));
#85=IFCDIRECTION((0.,0.,1.));
#86=IFCDIRECTION((-1.,1.2246467991473532E-16,0.));
#87=IFCAXIS2PLACEMENT3D(#84,#85,#86);
#88=IFCLOCALPLACEMENT($,#87);
#89=IFCOWNERHISTORY(#5,#6,.READWRITE.,.MODIFIED.,1788884239,#5,#6,1788884239);
#90=IFCWALL('1lPr6qLDLDcxqJ6TzqSBBj',#89,'Reception_Wall_West',$,$,#109,#101,$,$);
#91=IFCCARTESIANPOINTLIST2D(((0.,0.),(0.,0.2),(8.,0.2),(8.,0.),(0.,0.)));
#92=IFCINDEXEDPOLYCURVE(#91,$,.F.);
#93=IFCDIRECTION((0.,0.,1.));
#94=IFCARBITRARYCLOSEDPROFILEDEF(.AREA.,$,#92);
#95=IFCCARTESIANPOINT((0.,-0.1,0.));
#96=IFCDIRECTION((0.,0.,1.));
#97=IFCDIRECTION((1.,0.,0.));
#98=IFCAXIS2PLACEMENT3D(#95,#96,#97);
#99=IFCEXTRUDEDAREASOLID(#94,#98,#93,3.2);
#100=IFCSHAPEREPRESENTATION(#16,'Body','SweptSolid',(#99));
#101=IFCPRODUCTDEFINITIONSHAPE($,$,(#100,#104));
#102=IFCCARTESIANPOINTLIST2D(((0.,0.),(8.,0.)));
#103=IFCINDEXEDPOLYCURVE(#102,$,.F.);
#104=IFCSHAPEREPRESENTATION(#17,'Axis','Curve2D',(#103));
#105=IFCCARTESIANPOINT((0.,8.,0.));
#106=IFCDIRECTION((0.,0.,1.));
#107=IFCDIRECTION((-1.8369701987210297E-16,-1.,0.));
#108=IFCAXIS2PLACEMENT3D(#105,#106,#107);
#109=IFCLOCALPLACEMENT($,#108);
#110=IFCOWNERHISTORY(#5,#6,.READWRITE.,.MODIFIED.,1788884239,#5,#6,1788884239);
#111=IFCSLAB('308CF_N$n9_gn6E2GWVn9f',#110,'Reception_Floor',$,$,#123,#118,$,$);
#112=IFCCARTESIANPOINTLIST2D(((0.,0.),(8.,0.),(8.,8.),(0.,8.)));
#113=IFCINDEXEDPOLYCURVE(#112,$,$);
#114=IFCDIRECTION((0.,0.,1.));
#115=IFCARBITRARYCLOSEDPROFILEDEF(.AREA.,$,#113);
#116=IFCEXTRUDEDAREASOLID(#115,$,#114,0.2);
#117=IFCSHAPEREPRESENTATION(#16,'Body','SweptSolid',(#116));
#118=IFCPRODUCTDEFINITIONSHAPE($,$,(#117));
#119=IFCCARTESIANPOINT((0.,0.,0.));
#120=IFCDIRECTION((0.,0.,1.));
#121=IFCDIRECTION((1.,0.,0.));
#122=IFCAXIS2PLACEMENT3D(#119,#120,#121);
#123=IFCLOCALPLACEMENT($,#122);
#124=IFCOWNERHISTORY(#5,#6,.READWRITE.,.MODIFIED.,1788884239,#5,#6,1788884239);
#125=IFCOPENINGELEMENT('13zfidUXD428I4UNUSVnIz',#124,'Opening for Reception_Door_1',$,$,#148,#136,$,.OPENING.);
#126=IFCCARTESIANPOINTLIST2D(((0.,0.),(0.,1.),(0.9,1.),(0.9,0.),(0.,0.)));
#127=IFCINDEXEDPOLYCURVE(#126,$,.F.);
#128=IFCDIRECTION((0.,0.,1.));
#129=IFCARBITRARYCLOSEDPROFILEDEF(.AREA.,$,#127);
#130=IFCCARTESIANPOINT((0.,0.,0.));
#131=IFCDIRECTION((0.,0.,1.));
#132=IFCDIRECTION((1.,0.,0.));
#133=IFCAXIS2PLACEMENT3D(#130,#131,#132);
#134=IFCEXTRUDEDAREASOLID(#129,#133,#128,2.1);
#135=IFCSHAPEREPRESENTATION(#16,'Body','SweptSolid',(#134));
#136=IFCPRODUCTDEFINITIONSHAPE($,$,(#135));
#142=IFCOWNERHISTORY(#5,#6,.READWRITE.,.ADDED.,1788884239,#5,#6,1788884239);
#143=IFCRELVOIDSELEMENT('3_Ihtb0VHCKPIbg1rsvCPb',#142,$,$,#25,#125);
#144=IFCCARTESIANPOINT((4.,-0.5,0.));
#145=IFCDIRECTION((0.,0.,1.));
#146=IFCDIRECTION((1.,0.,0.));
#147=IFCAXIS2PLACEMENT3D(#144,#145,#146);
#148=IFCLOCALPLACEMENT(#46,#147);
#149=IFCOWNERHISTORY(#5,#6,.READWRITE.,.MODIFIED.,1788884239,#5,#6,1788884239);
#150=IFCDOOR('0U3vhepcv2CA2DC4Lq6$Np',#149,'Reception_Door_1',$,$,#229,#224,$,$,$,.DOOR.,$,$);
#151=IFCCARTESIANPOINTLIST2D(((0.,0.),(0.,2.1),(0.9,2.1),(0.9,0.),(0.875,0.),(0.875,2.075),(0.025,2.075),(0.025,0.)));
#152=IFCINDEXEDPOLYCURVE(#151,(IFCLINEINDEX((1,2,3,4,5,6,7,8,1))),$);
#153=IFCARBITRARYCLOSEDPROFILEDEF(.AREA.,$,#152);
#154=IFCCARTESIANPOINT((0.,0.025,0.));
#155=IFCDIRECTION((0.,-1.,0.));
#156=IFCDIRECTION((1.,0.,0.));
#157=IFCAXIS2PLACEMENT3D(#154,#155,#156);
#158=IFCDIRECTION((0.,0.,-1.));
#159=IFCEXTRUDEDAREASOLID(#153,#157,#158,0.025);
#160=IFCCARTESIANPOINTLIST2D(((0.,0.),(0.,2.1),(0.9,2.1),(0.9,0.),(0.85,0.),(0.85,2.0500000000000003),(0.05,2.0500000000000003),(0.05,0.)));
#161=IFCINDEXEDPOLYCURVE(#160,(IFCLINEINDEX((1,2,3,4,5,6,7,8,1))),$);
#162=IFCARBITRARYCLOSEDPROFILEDEF(.AREA.,$,#161);
#163=IFCCARTESIANPOINT((0.,0.,0.));
#164=IFCDIRECTION((0.,-1.,0.));
#165=IFCDIRECTION((1.,0.,0.));
#166=IFCAXIS2PLACEMENT3D(#163,#164,#165);
#167=IFCDIRECTION((0.,0.,-1.));
#168=IFCEXTRUDEDAREASOLID(#162,#166,#167,0.025);
#169=IFCCARTESIANPOINTLIST2D(((0.,0.),(0.8,0.),(0.8,0.1),(0.,0.1)));
#170=IFCINDEXEDPOLYCURVE(#169,(IFCLINEINDEX((1,2,3,4,1))),$);
#171=IFCARBITRARYCLOSEDPROFILEDEF(.AREA.,$,#170);
#172=IFCCARTESIANPOINT((0.05,0.,0.));
#173=IFCDIRECTION((0.,0.,1.));
#174=IFCDIRECTION((1.,0.,0.));
#175=IFCAXIS2PLACEMENT3D(#172,#173,#174);
#176=IFCDIRECTION((0.,0.,1.));
#177=IFCEXTRUDEDAREASOLID(#171,#175,#176,0.025);
#178=IFCCARTESIANPOINTLIST2D(((0.,0.),(0.,2.125),(0.95,2.125),(0.95,0.),(0.875,0.),(0.875,2.05),(0.075,2.05),(0.075,0.)));
#179=IFCINDEXEDPOLYCURVE(#178,(IFCLINEINDEX((1,2,3,4,5,6,7,8,1))),$);
#180=IFCARBITRARYCLOSEDPROFILEDEF(.AREA.,$,#179);
#181=IFCCARTESIANPOINT((-0.024999999999999994,-0.005,0.));
#182=IFCDIRECTION((0.,-1.,0.));
#183=IFCDIRECTION((1.,0.,0.));
#184=IFCAXIS2PLACEMENT3D(#181,#182,#183);
#185=IFCDIRECTION((0.,0.,-1.));
#186=IFCEXTRUDEDAREASOLID(#180,#184,#185,0.005);
#187=IFCCARTESIANPOINTLIST2D(((0.,0.),(0.,2.125),(0.95,2.125),(0.95,0.),(0.8999999999999999,0.),(0.8999999999999999,2.075),(0.049999999999999996,2.075),(0.049999999999999996,0.)));
#188=IFCINDEXEDPOLYCURVE(#187,(IFCLINEINDEX((1,2,3,4,5,6,7,8,1))),$);
#189=IFCARBITRARYCLOSEDPROFILEDEF(.AREA.,$,#188);
#190=IFCCARTESIANPOINT((-0.024999999999999994,0.05,0.));
#191=IFCDIRECTION((0.,-1.,0.));
#192=IFCDIRECTION((1.,0.,0.));
#193=IFCAXIS2PLACEMENT3D(#190,#191,#192);
#194=IFCDIRECTION((0.,0.,-1.));
#195=IFCEXTRUDEDAREASOLID(#189,#193,#194,0.005);
#196=IFCCARTESIANPOINTLIST2D(((0.,0.),(0.85,0.),(0.85,0.035),(0.,0.035)));
#197=IFCINDEXEDPOLYCURVE(#196,(IFCLINEINDEX((1,2,3,4,1))),$);
#198=IFCARBITRARYCLOSEDPROFILEDEF(.AREA.,$,#197);
#199=IFCCARTESIANPOINT((0.025,0.025,0.025));
#200=IFCDIRECTION((0.,0.,1.));
#201=IFCDIRECTION((1.,0.,0.));
#202=IFCAXIS2PLACEMENT3D(#199,#200,#201);
#203=IFCDIRECTION((0.,0.,1.));
#204=IFCEXTRUDEDAREASOLID(#198,#202,#203,2.0500000000000003);
#205=IFCCARTESIANPOINTLIST2D(((0.,0.),(0.,-0.04),(-0.11999999999999988,-0.04),(-0.11999999999999988,-0.02),(-0.020000000000000018,-0.02),(-0.020000000000000018,0.)));
#206=IFCINDEXEDPOLYCURVE(#205,(IFCLINEINDEX((1,2,3,4,5,6,1))),$);
#207=IFCARBITRARYCLOSEDPROFILEDEF(.AREA.,$,#206);
#208=IFCCARTESIANPOINT((0.825,0.025,1.015));
#209=IFCDIRECTION((0.,0.,1.));
#210=IFCDIRECTION((1.,0.,0.));
#211=IFCAXIS2PLACEMENT3D(#208,#209,#210);
#212=IFCDIRECTION((0.,0.,1.));
#213=IFCEXTRUDEDAREASOLID(#207,#211,#212,0.02);
#214=IFCEXTRUDEDAREASOLID(#215,#218,#222,0.02);
#215=IFCARBITRARYCLOSEDPROFILEDEF(.AREA.,$,#216);
#216=IFCINDEXEDPOLYCURVE(#217,(IFCLINEINDEX((1,2,3,4,5,6,1))),$);
#217=IFCCARTESIANPOINTLIST2D(((0.,0.),(0.,0.04),(-0.11999999999999988,0.04),(-0.11999999999999988,0.02000000000000001),(-0.020000000000000018,0.02000000000000001),(-0.020000000000000018,0.)));
#218=IFCAXIS2PLACEMENT3D(#219,#220,#221);
#219=IFCCARTESIANPOINT((0.825,0.060000000000000005,1.015));
#220=IFCDIRECTION((0.,0.,1.));
#221=IFCDIRECTION((1.,0.,0.));
#222=IFCDIRECTION((0.,0.,1.));
#223=IFCSHAPEREPRESENTATION(#16,'Body','SweptSolid',(#159,#168,#204,#213,#214,#177,#186,#195));
#224=IFCPRODUCTDEFINITIONSHAPE($,$,(#223));
#225=IFCCARTESIANPOINT((4.,0.,0.));
#226=IFCDIRECTION((0.,0.,1.));
#227=IFCDIRECTION((1.,0.,0.));
#228=IFCAXIS2PLACEMENT3D(#225,#226,#227);
#229=IFCLOCALPLACEMENT($,#228);
#230=IFCRELFILLSELEMENT('0wgj2abAb6rfJUvG2Sunfj',$,$,$,#125,#150);
#231=IFCOWNERHISTORY(#5,#6,.READWRITE.,.MODIFIED.,1788884239,#5,#6,1788884239);
#232=IFCOPENINGELEMENT('0k5z_juEL9p9KETqHpmGlE',#231,'Opening for Reception_Door_2',$,$,#255,#243,$,.OPENING.);
#233=IFCCARTESIANPOINTLIST2D(((0.,0.),(0.,1.),(0.9,1.),(0.9,0.),(0.,0.)));
#234=IFCINDEXEDPOLYCURVE(#233,$,.F.);
#235=IFCDIRECTION((0.,0.,1.));
#236=IFCARBITRARYCLOSEDPROFILEDEF(.AREA.,$,#234);
#237=IFCCARTESIANPOINT((0.,0.,0.));
#238=IFCDIRECTION((0.,0.,1.));
#239=IFCDIRECTION((1.,0.,0.));
#240=IFCAXIS2PLACEMENT3D(#237,#238,#239);
#241=IFCEXTRUDEDAREASOLID(#236,#240,#235,2.1);
#242=IFCSHAPEREPRESENTATION(#16,'Body','SweptSolid',(#241));
#243=IFCPRODUCTDEFINITIONSHAPE($,$,(#242));
#249=IFCOWNERHISTORY(#5,#6,.READWRITE.,.ADDED.,1788884239,#5,#6,1788884239);
#250=IFCRELVOIDSELEMENT('17bcqMtmHAUvm8LL2z98EP',#249,$,$,#69,#232);
#251=IFCCARTESIANPOINT((4.,-0.4999999999999982,0.));
#252=IFCDIRECTION((0.,0.,1.));
#253=IFCDIRECTION((1.,0.,0.));
#254=IFCAXIS2PLACEMENT3D(#251,#252,#253);
#255=IFCLOCALPLACEMENT(#88,#254);
#256=IFCOWNERHISTORY(#5,#6,.READWRITE.,.MODIFIED.,1788884239,#5,#6,1788884239);
#257=IFCDOOR('2FIDCnUe9D3BOHfXgJ7H85',#256,'Reception_Door_2',$,$,#336,#331,$,$,$,.DOOR.,$,$);
#258=IFCCARTESIANPOINTLIST2D(((0.,0.),(0.,2.1),(0.9,2.1),(0.9,0.),(0.875,0.),(0.875,2.075),(0.025,2.075),(0.025,0.)));
#259=IFCINDEXEDPOLYCURVE(#258,(IFCLINEINDEX((1,2,3,4,5,6,7,8,1))),$);
#260=IFCARBITRARYCLOSEDPROFILEDEF(.AREA.,$,#259);
#261=IFCCARTESIANPOINT((0.,0.025,0.));
#262=IFCDIRECTION((0.,-1.,0.));
#263=IFCDIRECTION((1.,0.,0.));
#264=IFCAXIS2PLACEMENT3D(#261,#262,#263);
#265=IFCDIRECTION((0.,0.,-1.));
#266=IFCEXTRUDEDAREASOLID(#260,#264,#265,0.025);
#267=IFCCARTESIANPOINTLIST2D(((0.,0.),(0.,2.1),(0.9,2.1),(0.9,0.),(0.85,0.),(0.85,2.0500000000000003),(0.05,2.0500000000000003),(0.05,0.)));
#268=IFCINDEXEDPOLYCURVE(#267,(IFCLINEINDEX((1,2,3,4,5,6,7,8,1))),$);
#269=IFCARBITRARYCLOSEDPROFILEDEF(.AREA.,$,#268);
#270=IFCCARTESIANPOINT((0.,0.,0.));
#271=IFCDIRECTION((0.,-1.,0.));
#272=IFCDIRECTION((1.,0.,0.));
#273=IFCAXIS2PLACEMENT3D(#270,#271,#272);
#274=IFCDIRECTION((0.,0.,-1.));
#275=IFCEXTRUDEDAREASOLID(#269,#273,#274,0.025);
#276=IFCCARTESIANPOINTLIST2D(((0.,0.),(0.8,0.),(0.8,0.1),(0.,0.1)));
#277=IFCINDEXEDPOLYCURVE(#276,(IFCLINEINDEX((1,2,3,4,1))),$);
#278=IFCARBITRARYCLOSEDPROFILEDEF(.AREA.,$,#277);
#279=IFCCARTESIANPOINT((0.05,0.,0.));
#280=IFCDIRECTION((0.,0.,1.));
#281=IFCDIRECTION((1.,0.,0.));
#282=IFCAXIS2PLACEMENT3D(#279,#280,#281);
#283=IFCDIRECTION((0.,0.,1.));
#284=IFCEXTRUDEDAREASOLID(#278,#282,#283,0.025);
#285=IFCCARTESIANPOINTLIST2D(((0.,0.),(0.,2.125),(0.95,2.125),(0.95,0.),(0.875,0.),(0.875,2.05),(0.075,2.05),(0.075,0.)));
#286=IFCINDEXEDPOLYCURVE(#285,(IFCLINEINDEX((1,2,3,4,5,6,7,8,1))),$);
#287=IFCARBITRARYCLOSEDPROFILEDEF(.AREA.,$,#286);
#288=IFCCARTESIANPOINT((-0.024999999999999994,-0.005,0.));
#289=IFCDIRECTION((0.,-1.,0.));
#290=IFCDIRECTION((1.,0.,0.));
#291=IFCAXIS2PLACEMENT3D(#288,#289,#290);
#292=IFCDIRECTION((0.,0.,-1.));
#293=IFCEXTRUDEDAREASOLID(#287,#291,#292,0.005);
#294=IFCCARTESIANPOINTLIST2D(((0.,0.),(0.,2.125),(0.95,2.125),(0.95,0.),(0.8999999999999999,0.),(0.8999999999999999,2.075),(0.049999999999999996,2.075),(0.049999999999999996,0.)));
#295=IFCINDEXEDPOLYCURVE(#294,(IFCLINEINDEX((1,2,3,4,5,6,7,8,1))),$);
#296=IFCARBITRARYCLOSEDPROFILEDEF(.AREA.,$,#295);
#297=IFCCARTESIANPOINT((-0.024999999999999994,0.05,0.));
#298=IFCDIRECTION((0.,-1.,0.));
#299=IFCDIRECTION((1.,0.,0.));
#300=IFCAXIS2PLACEMENT3D(#297,#298,#299);
#301=IFCDIRECTION((0.,0.,-1.));
#302=IFCEXTRUDEDAREASOLID(#296,#300,#301,0.005);
#303=IFCCARTESIANPOINTLIST2D(((0.,0.),(0.85,0.),(0.85,0.035),(0.,0.035)));
#304=IFCINDEXEDPOLYCURVE(#303,(IFCLINEINDEX((1,2,3,4,1))),$);
#305=IFCARBITRARYCLOSEDPROFILEDEF(.AREA.,$,#304);
#306=IFCCARTESIANPOINT((0.025,0.025,0.025));
#307=IFCDIRECTION((0.,0.,1.));
#308=IFCDIRECTION((1.,0.,0.));
#309=IFCAXIS2PLACEMENT3D(#306,#307,#308);
#310=IFCDIRECTION((0.,0.,1.));
#311=IFCEXTRUDEDAREASOLID(#305,#309,#310,2.0500000000000003);
#312=IFCCARTESIANPOINTLIST2D(((0.,0.),(0.,-0.04),(-0.11999999999999988,-0.04),(-0.11999999999999988,-0.02),(-0.020000000000000018,-0.02),(-0.020000000000000018,0.)));
#313=IFCINDEXEDPOLYCURVE(#312,(IFCLINEINDEX((1,2,3,4,5,6,1))),$);
#314=IFCARBITRARYCLOSEDPROFILEDEF(.AREA.,$,#313);
#315=IFCCARTESIANPOINT((0.825,0.025,1.015));
#316=IFCDIRECTION((0.,0.,1.));
#317=IFCDIRECTION((1.,0.,0.));
#318=IFCAXIS2PLACEMENT3D(#315,#316,#317);
#319=IFCDIRECTION((0.,0.,1.));
#320=IFCEXTRUDEDAREASOLID(#314,#318,#319,0.02);
#321=IFCEXTRUDEDAREASOLID(#322,#325,#329,0.02);
#322=IFCARBITRARYCLOSEDPROFILEDEF(.AREA.,$,#323);
#323=IFCINDEXEDPOLYCURVE(#324,(IFCLINEINDEX((1,2,3,4,5,6,1))),$);
#324=IFCCARTESIANPOINTLIST2D(((0.,0.),(0.,0.04),(-0.11999999999999988,0.04),(-0.11999999999999988,0.02000000000000001),(-0.020000000000000018,0.02000000000000001),(-0.020000000000000018,0.)));
#325=IFCAXIS2PLACEMENT3D(#326,#327,#328);
#326=IFCCARTESIANPOINT((0.825,0.060000000000000005,1.015));
#327=IFCDIRECTION((0.,0.,1.));
#328=IFCDIRECTION((1.,0.,0.));
#329=IFCDIRECTION((0.,0.,1.));
#330=IFCSHAPEREPRESENTATION(#16,'Body','SweptSolid',(#266,#275,#311,#320,#321,#284,#293,#302));
#331=IFCPRODUCTDEFINITIONSHAPE($,$,(#330));
#332=IFCCARTESIANPOINT((4.,8.,0.));
#333=IFCDIRECTION((0.,0.,1.));
#334=IFCDIRECTION((-1.,1.2246467991473532E-16,0.));
#335=IFCAXIS2PLACEMENT3D(#332,#333,#334);
#336=IFCLOCALPLACEMENT($,#335);
#337=IFCRELFILLSELEMENT('32GyQFP_11Mu3WRTkrpIFB',$,$,$,#232,#257);
#338=IFCOWNERHISTORY(#5,#6,.READWRITE.,.MODIFIED.,1788884239,#5,#6,1788884239);
#339=IFCOPENINGELEMENT('0jgR0fi4b5bhL4BBQD3gv8',#338,'Opening for Reception_Window_1',$,$,#362,#350,$,.OPENING.);
#340=IFCCARTESIANPOINTLIST2D(((0.,0.),(0.,1.),(1.8,1.),(1.8,0.),(0.,0.)));
#341=IFCINDEXEDPOLYCURVE(#340,$,.F.);
#342=IFCDIRECTION((0.,0.,1.));
#343=IFCARBITRARYCLOSEDPROFILEDEF(.AREA.,$,#341);
#344=IFCCARTESIANPOINT((0.,0.,0.));
#345=IFCDIRECTION((0.,0.,1.));
#346=IFCDIRECTION((1.,0.,0.));
#347=IFCAXIS2PLACEMENT3D(#344,#345,#346);
#348=IFCEXTRUDEDAREASOLID(#343,#347,#342,1.5);
#349=IFCSHAPEREPRESENTATION(#16,'Body','SweptSolid',(#348));
#350=IFCPRODUCTDEFINITIONSHAPE($,$,(#349));
#356=IFCOWNERHISTORY(#5,#6,.READWRITE.,.ADDED.,1788884239,#5,#6,1788884239);
#357=IFCRELVOIDSELEMENT('1QsyUdx5D9sQY3TO_oUwJY',#356,$,$,#90,#339);
#358=IFCCARTESIANPOINT((2.9000000000000004,-0.49999999999999944,0.9));
#359=IFCDIRECTION((0.,0.,1.));
#360=IFCDIRECTION((1.,0.,0.));
#361=IFCAXIS2PLACEMENT3D(#358,#359,#360);
#362=IFCLOCALPLACEMENT(#109,#361);
#363=IFCOWNERHISTORY(#5,#6,.READWRITE.,.MODIFIED.,1788884239,#5,#6,1788884239);
#364=IFCWINDOW('3CNWrXsa123uJFBtJpK$xp',#363,'Reception_Window_1',$,$,#413,#408,$,$,$,.WINDOW.,$,$);
#365=IFCCARTESIANPOINTLIST2D(((0.,0.),(1.8,0.),(1.8,1.5),(0.,1.5)));
#366=IFCINDEXEDPOLYCURVE(#365,(IFCLINEINDEX((1,2,3,4,1))),$);
#367=IFCCARTESIANPOINTLIST2D(((0.025,0.025),(1.775,0.025),(1.775,1.4749999999999999),(0.025,1.4749999999999999)));
#368=IFCINDEXEDPOLYCURVE(#367,(IFCLINEINDEX((1,2,3,4,1))),$);
#369=IFCARBITRARYPROFILEDEFWITHVOIDS(.AREA.,$,#366,(#368));
#370=IFCCARTESIANPOINT((0.,0.09,0.));
#371=IFCDIRECTION((0.,-1.,0.));
#372=IFCDIRECTION((1.,0.,0.));
#373=IFCAXIS2PLACEMENT3D(#370,#371,#372);
#374=IFCDIRECTION((0.,0.,-1.));
#375=IFCEXTRUDEDAREASOLID(#369,#373,#374,0.010000000000000002);
#376=IFCCARTESIANPOINTLIST2D(((0.,0.),(1.8,0.),(1.8,1.5),(0.,1.5)));
#377=IFCINDEXEDPOLYCURVE(#376,(IFCLINEINDEX((1,2,3,4,1))),$);
#378=IFCCARTESIANPOINTLIST2D(((0.05,0.05),(1.75,0.05),(1.75,1.45),(0.05,1.45)));
#379=IFCINDEXEDPOLYCURVE(#378,(IFCLINEINDEX((1,2,3,4,1))),$);
#380=IFCARBITRARYPROFILEDEFWITHVOIDS(.AREA.,$,#377,(#379));
#381=IFCCARTESIANPOINT((0.,0.05,0.));
#382=IFCDIRECTION((0.,-1.,0.));
#383=IFCDIRECTION((1.,0.,0.));
#384=IFCAXIS2PLACEMENT3D(#381,#382,#383);
#385=IFCDIRECTION((0.,0.,-1.));
#386=IFCEXTRUDEDAREASOLID(#380,#384,#385,0.04);
#387=IFCCARTESIANPOINTLIST2D(((0.,0.),(1.75,0.),(1.75,1.45),(0.,1.45)));
#388=IFCINDEXEDPOLYCURVE(#387,(IFCLINEINDEX((1,2,3,4,1))),$);
#389=IFCCARTESIANPOINTLIST2D(((0.035,0.035),(1.7149999999999999,0.035),(1.7149999999999999,1.4149999999999998),(0.035,1.4149999999999998)));
#390=IFCINDEXEDPOLYCURVE(#389,(IFCLINEINDEX((1,2,3,4,1))),$);
#391=IFCARBITRARYPROFILEDEFWITHVOIDS(.AREA.,$,#388,(#390));
#392=IFCCARTESIANPOINT((0.025,0.09,0.025));
#393=IFCDIRECTION((0.,-1.,0.));
#394=IFCDIRECTION((1.,0.,0.));
#395=IFCAXIS2PLACEMENT3D(#392,#393,#394);
#396=IFCDIRECTION((0.,0.,-1.));
#397=IFCEXTRUDEDAREASOLID(#391,#395,#396,0.035);
#398=IFCINDEXEDPOLYCURVE(#399,(IFCLINEINDEX((1,2,3,4,1))),$);
#399=IFCCARTESIANPOINTLIST2D(((0.035,0.035),(1.7149999999999999,0.035),(1.7149999999999999,1.4149999999999998),(0.035,1.4149999999999998)));
#400=IFCARBITRARYCLOSEDPROFILEDEF(.AREA.,$,#398);
#401=IFCCARTESIANPOINT((0.025,0.10250000000000001,0.025));
#402=IFCDIRECTION((0.,-1.,0.));
#403=IFCDIRECTION((1.,0.,0.));
#404=IFCAXIS2PLACEMENT3D(#401,#402,#403);
#405=IFCDIRECTION((0.,0.,-1.));
#406=IFCEXTRUDEDAREASOLID(#400,#404,#405,0.01);
#407=IFCSHAPEREPRESENTATION(#16,'Body','SweptSolid',(#375,#386,#397,#406));
#408=IFCPRODUCTDEFINITIONSHAPE($,$,(#407));
#409=IFCCARTESIANPOINT((0.,5.1,0.9));
#410=IFCDIRECTION((0.,0.,1.));
#411=IFCDIRECTION((-1.8369701987210297E-16,-1.,0.));
#412=IFCAXIS2PLACEMENT3D(#409,#410,#411);
#413=IFCLOCALPLACEMENT($,#412);
#414=IFCRELFILLSELEMENT('0apJm8E4fFufW4USLWwewN',$,$,$,#339,#364);
#415=IFCOWNERHISTORY(#5,#6,.READWRITE.,.MODIFIED.,1788884239,#5,#6,1788884239);
#416=IFCWALL('3HLXYIajr359iVkPbp3QYO',#415,'Open_Workspace_Wall_South',$,$,#435,#427,$,$);
#417=IFCCARTESIANPOINTLIST2D(((0.,0.),(0.,0.2),(12.,0.2),(12.,0.),(0.,0.)));
#418=IFCINDEXEDPOLYCURVE(#417,$,.F.);
#419=IFCDIRECTION((0.,0.,1.));
#420=IFCARBITRARYCLOSEDPROFILEDEF(.AREA.,$,#418);
#421=IFCCARTESIANPOINT((0.,-0.1,0.));
#422=IFCDIRECTION((0.,0.,1.));
#423=IFCDIRECTION((1.,0.,0.));
#424=IFCAXIS2PLACEMENT3D(#421,#422,#423);
#425=IFCEXTRUDEDAREASOLID(#420,#424,#419,3.2);
#426=IFCSHAPEREPRESENTATION(#16,'Body','SweptSolid',(#425));
#427=IFCPRODUCTDEFINITIONSHAPE($,$,(#426,#430));
#428=IFCCARTESIANPOINTLIST2D(((0.,0.),(12.,0.)));
#429=IFCINDEXEDPOLYCURVE(#428,$,.F.);
#430=IFCSHAPEREPRESENTATION(#17,'Axis','Curve2D',(#429));
#431=IFCCARTESIANPOINT((8.,0.,0.));
#432=IFCDIRECTION((0.,0.,1.));
#433=IFCDIRECTION((1.,0.,0.));
#434=IFCAXIS2PLACEMENT3D(#431,#432,#433);
#435=IFCLOCALPLACEMENT($,#434);
#436=IFCOWNERHISTORY(#5,#6,.READWRITE.,.MODIFIED.,1788884239,#5,#6,1788884239);
#437=IFCWALL('1lI5ccMTD1weyVqZH2MYlh',#436,'Open_Workspace_Wall_East',$,$,#456,#448,$,$);
#438=IFCCARTESIANPOINTLIST2D(((0.,0.),(0.,0.2),(8.,0.2),(8.,0.),(0.,0.)));
#439=IFCINDEXEDPOLYCURVE(#438,$,.F.);
#440=IFCDIRECTION((0.,0.,1.));
#441=IFCARBITRARYCLOSEDPROFILEDEF(.AREA.,$,#439);
#442=IFCCARTESIANPOINT((0.,-0.1,0.));
#443=IFCDIRECTION((0.,0.,1.));
#444=IFCDIRECTION((1.,0.,0.));
#445=IFCAXIS2PLACEMENT3D(#442,#443,#444);
#446=IFCEXTRUDEDAREASOLID(#441,#445,#440,3.2);
#447=IFCSHAPEREPRESENTATION(#16,'Body','SweptSolid',(#446));
#448=IFCPRODUCTDEFINITIONSHAPE($,$,(#447,#451));
#449=IFCCARTESIANPOINTLIST2D(((0.,0.),(8.,0.)));
#450=IFCINDEXEDPOLYCURVE(#449,$,.F.);
#451=IFCSHAPEREPRESENTATION(#17,'Axis','Curve2D',(#450));
#452=IFCCARTESIANPOINT((20.,0.,0.));
#453=IFCDIRECTION((0.,0.,1.));
#454=IFCDIRECTION((6.123233995736766E-17,1.,0.));
#455=IFCAXIS2PLACEMENT3D(#452,#453,#454);
#456=IFCLOCALPLACEMENT($,#455);
#457=IFCOWNERHISTORY(#5,#6,.READWRITE.,.MODIFIED.,1788884239,#5,#6,1788884239);
#458=IFCWALL('3mcZ$USOjCoBl89lT46gDi',#457,'Open_Workspace_Wall_North',$,$,#477,#469,$,$);
#459=IFCCARTESIANPOINTLIST2D(((0.,0.),(0.,0.2),(12.,0.2),(12.,0.),(0.,0.)));
#460=IFCINDEXEDPOLYCURVE(#459,$,.F.);
#461=IFCDIRECTION((0.,0.,1.));
#462=IFCARBITRARYCLOSEDPROFILEDEF(.AREA.,$,#460);
#463=IFCCARTESIANPOINT((0.,-0.1,0.));
#464=IFCDIRECTION((0.,0.,1.));
#465=IFCDIRECTION((1.,0.,0.));
#466=IFCAXIS2PLACEMENT3D(#463,#464,#465);
#467=IFCEXTRUDEDAREASOLID(#462,#466,#461,3.2);
#468=IFCSHAPEREPRESENTATION(#16,'Body','SweptSolid',(#467));
#469=IFCPRODUCTDEFINITIONSHAPE($,$,(#468,#472));
#470=IFCCARTESIANPOINTLIST2D(((0.,0.),(12.,0.)));
#471=IFCINDEXEDPOLYCURVE(#470,$,.F.);
#472=IFCSHAPEREPRESENTATION(#17,'Axis','Curve2D',(#471));
#473=IFCCARTESIANPOINT((20.,8.,0.));
#474=IFCDIRECTION((0.,0.,1.));
#475=IFCDIRECTION((-1.,1.2246467991473532E-16,0.));
#476=IFCAXIS2PLACEMENT3D(#473,#474,#475);
#477=IFCLOCALPLACEMENT($,#476);
#478=IFCOWNERHISTORY(#5,#6,.READWRITE.,.MODIFIED.,1788884239,#5,#6,1788884239);
#479=IFCWALL('2k6sYCrALDSx6ufPOfEbH7',#478,'Open_Workspace_Wall_West',$,$,#498,#490,$,$);
#480=IFCCARTESIANPOINTLIST2D(((0.,0.),(0.,0.2),(8.,0.2),(8.,0.),(0.,0.)));
#481=IFCINDEXEDPOLYCURVE(#480,$,.F.);
#482=IFCDIRECTION((0.,0.,1.));
#483=IFCARBITRARYCLOSEDPROFILEDEF(.AREA.,$,#481);
#484=IFCCARTESIANPOINT((0.,-0.1,0.));
#485=IFCDIRECTION((0.,0.,1.));
#486=IFCDIRECTION((1.,0.,0.));
#487=IFCAXIS2PLACEMENT3D(#484,#485,#486);
#488=IFCEXTRUDEDAREASOLID(#483,#487,#482,3.2);
#489=IFCSHAPEREPRESENTATION(#16,'Body','SweptSolid',(#488));
#490=IFCPRODUCTDEFINITIONSHAPE($,$,(#489,#493));
#491=IFCCARTESIANPOINTLIST2D(((0.,0.),(8.,0.)));
#492=IFCINDEXEDPOLYCURVE(#491,$,.F.);
#493=IFCSHAPEREPRESENTATION(#17,'Axis','Curve2D',(#492));
#494=IFCCARTESIANPOINT((8.,8.,0.));
#495=IFCDIRECTION((0.,0.,1.));
#496=IFCDIRECTION((-1.8369701987210297E-16,-1.,0.));
#497=IFCAXIS2PLACEMENT3D(#494,#495,#496);
#498=IFCLOCALPLACEMENT($,#497);
#499=IFCOWNERHISTORY(#5,#6,.READWRITE.,.MODIFIED.,1788884239,#5,#6,1788884239);
#500=IFCSLAB('3JoGw$Y7rE3go5O4NSCiCl',#499,'Open_Workspace_Floor',$,$,#512,#507,$,$);
#501=IFCCARTESIANPOINTLIST2D(((0.,0.),(12.,0.),(12.,8.),(0.,8.)));
#502=IFCINDEXEDPOLYCURVE(#501,$,$);
#503=IFCDIRECTION((0.,0.,1.));
#504=IFCARBITRARYCLOSEDPROFILEDEF(.AREA.,$,#502);
#505=IFCEXTRUDEDAREASOLID(#504,$,#503,0.2);
#506=IFCSHAPEREPRESENTATION(#16,'Body','SweptSolid',(#505));
#507=IFCPRODUCTDEFINITIONSHAPE($,$,(#506));
#508=IFCCARTESIANPOINT((8.,0.,0.));
#509=IFCDIRECTION((0.,0.,1.));
#510=IFCDIRECTION((1.,0.,0.));
#511=IFCAXIS2PLACEMENT3D(#508,#509,#510);
#512=IFCLOCALPLACEMENT($,#511);
#513=IFCOWNERHISTORY(#5,#6,.READWRITE.,.MODIFIED.,1788884239,#5,#6,1788884239);
#514=IFCOPENINGELEMENT('3JwBbjaynCVgIq3yneFHSG',#513,'Opening for Open_Workspace_Door_1',$,$,#537,#525,$,.OPENING.);
#515=IFCCARTESIANPOINTLIST2D(((0.,0.),(0.,1.),(0.9,1.),(0.9,0.),(0.,0.)));
#516=IFCINDEXEDPOLYCURVE(#515,$,.F.);
#517=IFCDIRECTION((0.,0.,1.));
#518=IFCARBITRARYCLOSEDPROFILEDEF(.AREA.,$,#516);
#519=IFCCARTESIANPOINT((0.,0.,0.));
#520=IFCDIRECTION((0.,0.,1.));
#521=IFCDIRECTION((1.,0.,0.));
#522=IFCAXIS2PLACEMENT3D(#519,#520,#521);
#523=IFCEXTRUDEDAREASOLID(#518,#522,#517,2.1);
#524=IFCSHAPEREPRESENTATION(#16,'Body','SweptSolid',(#523));
#525=IFCPRODUCTDEFINITIONSHAPE($,$,(#524));
#531=IFCOWNERHISTORY(#5,#6,.READWRITE.,.ADDED.,1788884239,#5,#6,1788884239);
#532=IFCRELVOIDSELEMENT('0Ccn0T1aT4$9HbrcYIb8cW',#531,$,$,#458,#514);
#533=IFCCARTESIANPOINT((6.000000000000002,-0.5,0.));
#534=IFCDIRECTION((0.,0.,1.));
#535=IFCDIRECTION((1.,0.,0.));
#536=IFCAXIS2PLACEMENT3D(#533,#534,#535);
#537=IFCLOCALPLACEMENT(#477,#536);
#538=IFCOWNERHISTORY(#5,#6,.READWRITE.,.MODIFIED.,1788884239,#5,#6,1788884239);
#539=IFCDOOR('0nIp4UUDP4YR7Fvle7l3Mc',#538,'Open_Workspace_Door_1',$,$,#618,#613,$,$,$,.DOOR.,$,$);
#540=IFCCARTESIANPOINTLIST2D(((0.,0.),(0.,2.1),(0.9,2.1),(0.9,0.),(0.875,0.),(0.875,2.075),(0.025,2.075),(0.025,0.)));
#541=IFCINDEXEDPOLYCURVE(#540,(IFCLINEINDEX((1,2,3,4,5,6,7,8,1))),$);
#542=IFCARBITRARYCLOSEDPROFILEDEF(.AREA.,$,#541);
#543=IFCCARTESIANPOINT((0.,0.025,0.));
#544=IFCDIRECTION((0.,-1.,0.));
#545=IFCDIRECTION((1.,0.,0.));
#546=IFCAXIS2PLACEMENT3D(#543,#544,#545);
#547=IFCDIRECTION((0.,0.,-1.));
#548=IFCEXTRUDEDAREASOLID(#542,#546,#547,0.025);
#549=IFCCARTESIANPOINTLIST2D(((0.,0.),(0.,2.1),(0.9,2.1),(0.9,0.),(0.85,0.),(0.85,2.0500000000000003),(0.05,2.0500000000000003),(0.05,0.)));
#550=IFCINDEXEDPOLYCURVE(#549,(IFCLINEINDEX((1,2,3,4,5,6,7,8,1))),$);
#551=IFCARBITRARYCLOSEDPROFILEDEF(.AREA.,$,#550);
#552=IFCCARTESIANPOINT((0.,0.,0.));
#553=IFCDIRECTION((0.,-1.,0.));
#554=IFCDIRECTION((1.,0.,0.));
#555=IFCAXIS2PLACEMENT3D(#552,#553,#554);
#556=IFCDIRECTION((0.,0.,-1.));
#557=IFCEXTRUDEDAREASOLID(#551,#555,#556,0.025);
#558=IFCCARTESIANPOINTLIST2D(((0.,0.),(0.8,0.),(0.8,0.1),(0.,0.1)));
#559=IFCINDEXEDPOLYCURVE(#558,(IFCLINEINDEX((1,2,3,4,1))),$);
#560=IFCARBITRARYCLOSEDPROFILEDEF(.AREA.,$,#559);
#561=IFCCARTESIANPOINT((0.05,0.,0.));
#562=IFCDIRECTION((0.,0.,1.));
#563=IFCDIRECTION((1.,0.,0.));
#564=IFCAXIS2PLACEMENT3D(#561,#562,#563);
#565=IFCDIRECTION((0.,0.,1.));
#566=IFCEXTRUDEDAREASOLID(#560,#564,#565,0.025);
#567=IFCCARTESIANPOINTLIST2D(((0.,0.),(0.,2.125),(0.95,2.125),(0.95,0.),(0.875,0.),(0.875,2.05),(0.075,2.05),(0.075,0.)));
#568=IFCINDEXEDPOLYCURVE(#567,(IFCLINEINDEX((1,2,3,4,5,6,7,8,1))),$);
#569=IFCARBITRARYCLOSEDPROFILEDEF(.AREA.,$,#568);
#570=IFCCARTESIANPOINT((-0.024999999999999994,-0.005,0.));
#571=IFCDIRECTION((0.,-1.,0.));
#572=IFCDIRECTION((1.,0.,0.));
#573=IFCAXIS2PLACEMENT3D(#570,#571,#572);
#574=IFCDIRECTION((0.,0.,-1.));
#575=IFCEXTRUDEDAREASOLID(#569,#573,#574,0.005);
#576=IFCCARTESIANPOINTLIST2D(((0.,0.),(0.,2.125),(0.95,2.125),(0.95,0.),(0.8999999999999999,0.),(0.8999999999999999,2.075),(0.049999999999999996,2.075),(0.049999999999999996,0.)));
#577=IFCINDEXEDPOLYCURVE(#576,(IFCLINEINDEX((1,2,3,4,5,6,7,8,1))),$);
#578=IFCARBITRARYCLOSEDPROFILEDEF(.AREA.,$,#577);
#579=IFCCARTESIANPOINT((-0.024999999999999994,0.05,0.));
#580=IFCDIRECTION((0.,-1.,0.));
#581=IFCDIRECTION((1.,0.,0.));
#582=IFCAXIS2PLACEMENT3D(#579,#580,#581);
#583=IFCDIRECTION((0.,0.,-1.));
#584=IFCEXTRUDEDAREASOLID(#578,#582,#583,0.005);
#585=IFCCARTESIANPOINTLIST2D(((0.,0.),(0.85,0.),(0.85,0.035),(0.,0.035)));
#586=IFCINDEXEDPOLYCURVE(#585,(IFCLINEINDEX((1,2,3,4,1))),$);
#587=IFCARBITRARYCLOSEDPROFILEDEF(.AREA.,$,#586);
#588=IFCCARTESIANPOINT((0.025,0.025,0.025));
#589=IFCDIRECTION((0.,0.,1.));
#590=IFCDIRECTION((1.,0.,0.));
#591=IFCAXIS2PLACEMENT3D(#588,#589,#590);
#592=IFCDIRECTION((0.,0.,1.));
#593=IFCEXTRUDEDAREASOLID(#587,#591,#592,2.0500000000000003);
#594=IFCCARTESIANPOINTLIST2D(((0.,0.),(0.,-0.04),(-0.11999999999999988,-0.04),(-0.11999999999999988,-0.02),(-0.020000000000000018,-0.02),(-0.020000000000000018,0.)));
#595=IFCINDEXEDPOLYCURVE(#594,(IFCLINEINDEX((1,2,3,4,5,6,1))),$);
#596=IFCARBITRARYCLOSEDPROFILEDEF(.AREA.,$,#595);
#597=IFCCARTESIANPOINT((0.825,0.025,1.015));
#598=IFCDIRECTION((0.,0.,1.));
#599=IFCDIRECTION((1.,0.,0.));
#600=IFCAXIS2PLACEMENT3D(#597,#598,#599);
#601=IFCDIRECTION((0.,0.,1.));
#602=IFCEXTRUDEDAREASOLID(#596,#600,#601,0.02);
#603=IFCEXTRUDEDAREASOLID(#604,#607,#611,0.02);
#604=IFCARBITRARYCLOSEDPROFILEDEF(.AREA.,$,#605);
#605=IFCINDEXEDPOLYCURVE(#606,(IFCLINEINDEX((1,2,3,4,5,6,1))),$);
#606=IFCCARTESIANPOINTLIST2D(((0.,0.),(0.,0.04),(-0.11999999999999988,0.04),(-0.11999999999999988,0.02000000000000001),(-0.020000000000000018,0.02000000000000001),(-0.020000000000000018,0.)));
#607=IFCAXIS2PLACEMENT3D(#608,#609,#610);
#608=IFCCARTESIANPOINT((0.825,0.060000000000000005,1.015));
#609=IFCDIRECTION((0.,0.,1.));
#610=IFCDIRECTION((1.,0.,0.));
#611=IFCDIRECTION((0.,0.,1.));
#612=IFCSHAPEREPRESENTATION(#16,'Body','SweptSolid',(#548,#557,#593,#602,#603,#566,#575,#584));
#613=IFCPRODUCTDEFINITIONSHAPE($,$,(#612));
#614=IFCCARTESIANPOINT((14.,8.,0.));
#615=IFCDIRECTION((0.,0.,1.));
#616=IFCDIRECTION((-1.,1.2246467991473532E-16,0.));
#617=IFCAXIS2PLACEMENT3D(#614,#615,#616);
#618=IFCLOCALPLACEMENT($,#617);
#619=IFCRELFILLSELEMENT('2SWSHcV55Bif50$RESGRf2',$,$,$,#514,#539);
#620=IFCOWNERHISTORY(#5,#6,.READWRITE.,.MODIFIED.,1788884239,#5,#6,1788884239);
#621=IFCOPENINGELEMENT('0Sh51w2VbFLgfsx$GH56Wp',#620,'Opening for Open_Workspace_Window_1',$,$,#644,#632,$,.OPENING.);
#622=IFCCARTESIANPOINTLIST2D(((0.,0.),(0.,1.),(1.8,1.),(1.8,0.),(0.,0.)));
#623=IFCINDEXEDPOLYCURVE(#622,$,.F.);
#624=IFCDIRECTION((0.,0.,1.));
#625=IFCARBITRARYCLOSEDPROFILEDEF(.AREA.,$,#623);
#626=IFCCARTESIANPOINT((0.,0.,0.));
#627=IFCDIRECTION((0.,0.,1.));
#628=IFCDIRECTION((1.,0.,0.));
#629=IFCAXIS2PLACEMENT3D(#626,#627,#628);
#630=IFCEXTRUDEDAREASOLID(#625,#629,#624,1.5);
#631=IFCSHAPEREPRESENTATION(#16,'Body','SweptSolid',(#630));
#632=IFCPRODUCTDEFINITIONSHAPE($,$,(#631));
#638=IFCOWNERHISTORY(#5,#6,.READWRITE.,.ADDED.,1788884239,#5,#6,1788884239);
#639=IFCRELVOIDSELEMENT('10O6g$iPz6Bv0KAwLTW8dG',#638,$,$,#416,#621);
#640=IFCCARTESIANPOINT((2.4000000000000004,-0.5,0.9));
#641=IFCDIRECTION((0.,0.,1.));
#642=IFCDIRECTION((1.,0.,0.));
#643=IFCAXIS2PLACEMENT3D(#640,#641,#642);
#644=IFCLOCALPLACEMENT(#435,#643);
#645=IFCOWNERHISTORY(#5,#6,.READWRITE.,.MODIFIED.,1788884239,#5,#6,1788884239);
#646=IFCWINDOW('3$CAIr47vCoRNyev01xBhu',#645,'Open_Workspace_Window_1',$,$,#695,#690,$,$,$,.WINDOW.,$,$);
#647=IFCCARTESIANPOINTLIST2D(((0.,0.),(1.8,0.),(1.8,1.5),(0.,1.5)));
#648=IFCINDEXEDPOLYCURVE(#647,(IFCLINEINDEX((1,2,3,4,1))),$);
#649=IFCCARTESIANPOINTLIST2D(((0.025,0.025),(1.775,0.025),(1.775,1.4749999999999999),(0.025,1.4749999999999999)));
#650=IFCINDEXEDPOLYCURVE(#649,(IFCLINEINDEX((1,2,3,4,1))),$);
#651=IFCARBITRARYPROFILEDEFWITHVOIDS(.AREA.,$,#648,(#650));
#652=IFCCARTESIANPOINT((0.,0.09,0.));
#653=IFCDIRECTION((0.,-1.,0.));
#654=IFCDIRECTION((1.,0.,0.));
#655=IFCAXIS2PLACEMENT3D(#652,#653,#654);
#656=IFCDIRECTION((0.,0.,-1.));
#657=IFCEXTRUDEDAREASOLID(#651,#655,#656,0.010000000000000002);
#658=IFCCARTESIANPOINTLIST2D(((0.,0.),(1.8,0.),(1.8,1.5),(0.,1.5)));
#659=IFCINDEXEDPOLYCURVE(#658,(IFCLINEINDEX((1,2,3,4,1))),$);
#660=IFCCARTESIANPOINTLIST2D(((0.05,0.05),(1.75,0.05),(1.75,1.45),(0.05,1.45)));
#661=IFCINDEXEDPOLYCURVE(#660,(IFCLINEINDEX((1,2,3,4,1))),$);
#662=IFCARBITRARYPROFILEDEFWITHVOIDS(.AREA.,$,#659,(#661));
#663=IFCCARTESIANPOINT((0.,0.05,0.));
#664=IFCDIRECTION((0.,-1.,0.));
#665=IFCDIRECTION((1.,0.,0.));
#666=IFCAXIS2PLACEMENT3D(#663,#664,#665);
#667=IFCDIRECTION((0.,0.,-1.));
#668=IFCEXTRUDEDAREASOLID(#662,#666,#667,0.04);
#669=IFCCARTESIANPOINTLIST2D(((0.,0.),(1.75,0.),(1.75,1.45),(0.,1.45)));
#670=IFCINDEXEDPOLYCURVE(#669,(IFCLINEINDEX((1,2,3,4,1))),$);
#671=IFCCARTESIANPOINTLIST2D(((0.035,0.035),(1.7149999999999999,0.035),(1.7149999999999999,1.4149999999999998),(0.035,1.4149999999999998)));
#672=IFCINDEXEDPOLYCURVE(#671,(IFCLINEINDEX((1,2,3,4,1))),$);
#673=IFCARBITRARYPROFILEDEFWITHVOIDS(.AREA.,$,#670,(#672));
#674=IFCCARTESIANPOINT((0.025,0.09,0.025));
#675=IFCDIRECTION((0.,-1.,0.));
#676=IFCDIRECTION((1.,0.,0.));
#677=IFCAXIS2PLACEMENT3D(#674,#675,#676);
#678=IFCDIRECTION((0.,0.,-1.));
#679=IFCEXTRUDEDAREASOLID(#673,#677,#678,0.035);
#680=IFCINDEXEDPOLYCURVE(#681,(IFCLINEINDEX((1,2,3,4,1))),$);
#681=IFCCARTESIANPOINTLIST2D(((0.035,0.035),(1.7149999999999999,0.035),(1.7149999999999999,1.4149999999999998),(0.035,1.4149999999999998)));
#682=IFCARBITRARYCLOSEDPROFILEDEF(.AREA.,$,#680);
#683=IFCCARTESIANPOINT((0.025,0.10250000000000001,0.025));
#684=IFCDIRECTION((0.,-1.,0.));
#685=IFCDIRECTION((1.,0.,0.));
#686=IFCAXIS2PLACEMENT3D(#683,#684,#685);
#687=IFCDIRECTION((0.,0.,-1.));
#688=IFCEXTRUDEDAREASOLID(#682,#686,#687,0.01);
#689=IFCSHAPEREPRESENTATION(#16,'Body','SweptSolid',(#657,#668,#679,#688));
#690=IFCPRODUCTDEFINITIONSHAPE($,$,(#689));
#691=IFCCARTESIANPOINT((10.4,0.,0.9));
#692=IFCDIRECTION((0.,0.,1.));
#693=IFCDIRECTION((1.,0.,0.));
#694=IFCAXIS2PLACEMENT3D(#691,#692,#693);
#695=IFCLOCALPLACEMENT($,#694);
#696=IFCRELFILLSELEMENT('1tYD1OtprFUhgaBxgSFV9C',$,$,$,#621,#646);
#697=IFCOWNERHISTORY(#5,#6,.READWRITE.,.MODIFIED.,1788884239,#5,#6,1788884239);
#698=IFCOPENINGELEMENT('26GOW0Q912$euTyG6JCxHW',#697,'Opening for Open_Workspace_Window_2',$,$,#721,#709,$,.OPENING.);
#699=IFCCARTESIANPOINTLIST2D(((0.,0.),(0.,1.),(1.8,1.),(1.8,0.),(0.,0.)));
#700=IFCINDEXEDPOLYCURVE(#699,$,.F.);
#701=IFCDIRECTION((0.,0.,1.));
#702=IFCARBITRARYCLOSEDPROFILEDEF(.AREA.,$,#700);
#703=IFCCARTESIANPOINT((0.,0.,0.));
#704=IFCDIRECTION((0.,0.,1.));
#705=IFCDIRECTION((1.,0.,0.));
#706=IFCAXIS2PLACEMENT3D(#703,#704,#705);
#707=IFCEXTRUDEDAREASOLID(#702,#706,#701,1.5);
#708=IFCSHAPEREPRESENTATION(#16,'Body','SweptSolid',(#707));
#709=IFCPRODUCTDEFINITIONSHAPE($,$,(#708));
#715=IFCOWNERHISTORY(#5,#6,.READWRITE.,.ADDED.,1788884239,#5,#6,1788884239);
#716=IFCRELVOIDSELEMENT('06Nc3Ehr9BRgkaPnq1$c$k',#715,$,$,#416,#698);
#717=IFCCARTESIANPOINT((6.4,-0.5,0.9));
#718=IFCDIRECTION((0.,0.,1.));
#719=IFCDIRECTION((1.,0.,0.));
#720=IFCAXIS2PLACEMENT3D(#717,#718,#719);
#721=IFCLOCALPLACEMENT(#435,#720);
#722=IFCOWNERHISTORY(#5,#6,.READWRITE.,.MODIFIED.,1788884239,#5,#6,1788884239);
#723=IFCWINDOW('1aGRyTq65BrfklptpoXSZl',#722,'Open_Workspace_Window_2',$,$,#772,#767,$,$,$,.WINDOW.,$,$);
#724=IFCCARTESIANPOINTLIST2D(((0.,0.),(1.8,0.),(1.8,1.5),(0.,1.5)));
#725=IFCINDEXEDPOLYCURVE(#724,(IFCLINEINDEX((1,2,3,4,1))),$);
#726=IFCCARTESIANPOINTLIST2D(((0.025,0.025),(1.775,0.025),(1.775,1.4749999999999999),(0.025,1.4749999999999999)));
#727=IFCINDEXEDPOLYCURVE(#726,(IFCLINEINDEX((1,2,3,4,1))),$);
#728=IFCARBITRARYPROFILEDEFWITHVOIDS(.AREA.,$,#725,(#727));
#729=IFCCARTESIANPOINT((0.,0.09,0.));
#730=IFCDIRECTION((0.,-1.,0.));
#731=IFCDIRECTION((1.,0.,0.));
#732=IFCAXIS2PLACEMENT3D(#729,#730,#731);
#733=IFCDIRECTION((0.,0.,-1.));
#734=IFCEXTRUDEDAREASOLID(#728,#732,#733,0.010000000000000002);
#735=IFCCARTESIANPOINTLIST2D(((0.,0.),(1.8,0.),(1.8,1.5),(0.,1.5)));
#736=IFCINDEXEDPOLYCURVE(#735,(IFCLINEINDEX((1,2,3,4,1))),$);
#737=IFCCARTESIANPOINTLIST2D(((0.05,0.05),(1.75,0.05),(1.75,1.45),(0.05,1.45)));
#738=IFCINDEXEDPOLYCURVE(#737,(IFCLINEINDEX((1,2,3,4,1))),$);
#739=IFCARBITRARYPROFILEDEFWITHVOIDS(.AREA.,$,#736,(#738));
#740=IFCCARTESIANPOINT((0.,0.05,0.));
#741=IFCDIRECTION((0.,-1.,0.));
#742=IFCDIRECTION((1.,0.,0.));
#743=IFCAXIS2PLACEMENT3D(#740,#741,#742);
#744=IFCDIRECTION((0.,0.,-1.));
#745=IFCEXTRUDEDAREASOLID(#739,#743,#744,0.04);
#746=IFCCARTESIANPOINTLIST2D(((0.,0.),(1.75,0.),(1.75,1.45),(0.,1.45)));
#747=IFCINDEXEDPOLYCURVE(#746,(IFCLINEINDEX((1,2,3,4,1))),$);
#748=IFCCARTESIANPOINTLIST2D(((0.035,0.035),(1.7149999999999999,0.035),(1.7149999999999999,1.4149999999999998),(0.035,1.4149999999999998)));
#749=IFCINDEXEDPOLYCURVE(#748,(IFCLINEINDEX((1,2,3,4,1))),$);
#750=IFCARBITRARYPROFILEDEFWITHVOIDS(.AREA.,$,#747,(#749));
#751=IFCCARTESIANPOINT((0.025,0.09,0.025));
#752=IFCDIRECTION((0.,-1.,0.));
#753=IFCDIRECTION((1.,0.,0.));
#754=IFCAXIS2PLACEMENT3D(#751,#752,#753);
#755=IFCDIRECTION((0.,0.,-1.));
#756=IFCEXTRUDEDAREASOLID(#750,#754,#755,0.035);
#757=IFCINDEXEDPOLYCURVE(#758,(IFCLINEINDEX((1,2,3,4,1))),$);
#758=IFCCARTESIANPOINTLIST2D(((0.035,0.035),(1.7149999999999999,0.035),(1.7149999999999999,1.4149999999999998),(0.035,1.4149999999999998)));
#759=IFCARBITRARYCLOSEDPROFILEDEF(.AREA.,$,#757);
#760=IFCCARTESIANPOINT((0.025,0.10250000000000001,0.025));
#761=IFCDIRECTION((0.,-1.,0.));
#762=IFCDIRECTION((1.,0.,0.));
#763=IFCAXIS2PLACEMENT3D(#760,#761,#762);
#764=IFCDIRECTION((0.,0.,-1.));
#765=IFCEXTRUDEDAREASOLID(#759,#763,#764,0.01);
#766=IFCSHAPEREPRESENTATION(#16,'Body','SweptSolid',(#734,#745,#756,#765));
#767=IFCPRODUCTDEFINITIONSHAPE($,$,(#766));
#768=IFCCARTESIANPOINT((14.4,0.,0.9));
#769=IFCDIRECTION((0.,0.,1.));
#770=IFCDIRECTION((1.,0.,0.));
#771=IFCAXIS2PLACEMENT3D(#768,#769,#770);
#772=IFCLOCALPLACEMENT($,#771);
#773=IFCRELFILLSELEMENT('0loZ1bnfr8txLtRDiCDyJK',$,$,$,#698,#723);
#774=IFCOWNERHISTORY(#5,#6,.READWRITE.,.MODIFIED.,1788884239,#5,#6,1788884239);
#775=IFCOPENINGELEMENT('35Fs5EHtnCOvZ7Ma1H0YQ5',#774,'Opening for Open_Workspace_Window_3',$,$,#798,#786,$,.OPENING.);
#776=IFCCARTESIANPOINTLIST2D(((0.,0.),(0.,1.),(1.8,1.),(1.8,0.),(0.,0.)));
#777=IFCINDEXEDPOLYCURVE(#776,$,.F.);
#778=IFCDIRECTION((0.,0.,1.));
#779=IFCARBITRARYCLOSEDPROFILEDEF(.AREA.,$,#777);
#780=IFCCARTESIANPOINT((0.,0.,0.));
#781=IFCDIRECTION((0.,0.,1.));
#782=IFCDIRECTION((1.,0.,0.));
#783=IFCAXIS2PLACEMENT3D(#780,#781,#782);
#784=IFCEXTRUDEDAREASOLID(#779,#783,#778,1.5);
#785=IFCSHAPEREPRESENTATION(#16,'Body','SweptSolid',(#784));
#786=IFCPRODUCTDEFINITIONSHAPE($,$,(#785));
#792=IFCOWNERHISTORY(#5,#6,.READWRITE.,.ADDED.,1788884239,#5,#6,1788884239);
#793=IFCRELVOIDSELEMENT('1C6LQsABrCQw4A5YPBEn2B',#792,$,$,#416,#775);
#794=IFCCARTESIANPOINT((10.399999999999999,-0.5,0.9));
#795=IFCDIRECTION((0.,0.,1.));
#796=IFCDIRECTION((1.,0.,0.));
#797=IFCAXIS2PLACEMENT3D(#794,#795,#796);
#798=IFCLOCALPLACEMENT(#435,#797);
#799=IFCOWNERHISTORY(#5,#6,.READWRITE.,.MODIFIED.,1788884239,#5,#6,1788884239);
#800=IFCWINDOW('1H3Xfq5KLAjf4X_RgCWJxE',#799,'Open_Workspace_Window_3',$,$,#849,#844,$,$,$,.WINDOW.,$,$);
#801=IFCCARTESIANPOINTLIST2D(((0.,0.),(1.8,0.),(1.8,1.5),(0.,1.5)));
#802=IFCINDEXEDPOLYCURVE(#801,(IFCLINEINDEX((1,2,3,4,1))),$);
#803=IFCCARTESIANPOINTLIST2D(((0.025,0.025),(1.775,0.025),(1.775,1.4749999999999999),(0.025,1.4749999999999999)));
#804=IFCINDEXEDPOLYCURVE(#803,(IFCLINEINDEX((1,2,3,4,1))),$);
#805=IFCARBITRARYPROFILEDEFWITHVOIDS(.AREA.,$,#802,(#804));
#806=IFCCARTESIANPOINT((0.,0.09,0.));
#807=IFCDIRECTION((0.,-1.,0.));
#808=IFCDIRECTION((1.,0.,0.));
#809=IFCAXIS2PLACEMENT3D(#806,#807,#808);
#810=IFCDIRECTION((0.,0.,-1.));
#811=IFCEXTRUDEDAREASOLID(#805,#809,#810,0.010000000000000002);
#812=IFCCARTESIANPOINTLIST2D(((0.,0.),(1.8,0.),(1.8,1.5),(0.,1.5)));
#813=IFCINDEXEDPOLYCURVE(#812,(IFCLINEINDEX((1,2,3,4,1))),$);
#814=IFCCARTESIANPOINTLIST2D(((0.05,0.05),(1.75,0.05),(1.75,1.45),(0.05,1.45)));
#815=IFCINDEXEDPOLYCURVE(#814,(IFCLINEINDEX((1,2,3,4,1))),$);
#816=IFCARBITRARYPROFILEDEFWITHVOIDS(.AREA.,$,#813,(#815));
#817=IFCCARTESIANPOINT((0.,0.05,0.));
#818=IFCDIRECTION((0.,-1.,0.));
#819=IFCDIRECTION((1.,0.,0.));
#820=IFCAXIS2PLACEMENT3D(#817,#818,#819);
#821=IFCDIRECTION((0.,0.,-1.));
#822=IFCEXTRUDEDAREASOLID(#816,#820,#821,0.04);
#823=IFCCARTESIANPOINTLIST2D(((0.,0.),(1.75,0.),(1.75,1.45),(0.,1.45)));
#824=IFCINDEXEDPOLYCURVE(#823,(IFCLINEINDEX((1,2,3,4,1))),$);
#825=IFCCARTESIANPOINTLIST2D(((0.035,0.035),(1.7149999999999999,0.035),(1.7149999999999999,1.4149999999999998),(0.035,1.4149999999999998)));
#826=IFCINDEXEDPOLYCURVE(#825,(IFCLINEINDEX((1,2,3,4,1))),$);
#827=IFCARBITRARYPROFILEDEFWITHVOIDS(.AREA.,$,#824,(#826));
#828=IFCCARTESIANPOINT((0.025,0.09,0.025));
#829=IFCDIRECTION((0.,-1.,0.));
#830=IFCDIRECTION((1.,0.,0.));
#831=IFCAXIS2PLACEMENT3D(#828,#829,#830);
#832=IFCDIRECTION((0.,0.,-1.));
#833=IFCEXTRUDEDAREASOLID(#827,#831,#832,0.035);
#834=IFCINDEXEDPOLYCURVE(#835,(IFCLINEINDEX((1,2,3,4,1))),$);
#835=IFCCARTESIANPOINTLIST2D(((0.035,0.035),(1.7149999999999999,0.035),(1.7149999999999999,1.4149999999999998),(0.035,1.4149999999999998)));
#836=IFCARBITRARYCLOSEDPROFILEDEF(.AREA.,$,#834);
#837=IFCCARTESIANPOINT((0.025,0.10250000000000001,0.025));
#838=IFCDIRECTION((0.,-1.,0.));
#839=IFCDIRECTION((1.,0.,0.));
#840=IFCAXIS2PLACEMENT3D(#837,#838,#839);
#841=IFCDIRECTION((0.,0.,-1.));
#842=IFCEXTRUDEDAREASOLID(#836,#840,#841,0.01);
#843=IFCSHAPEREPRESENTATION(#16,'Body','SweptSolid',(#811,#822,#833,#842));
#844=IFCPRODUCTDEFINITIONSHAPE($,$,(#843));
#845=IFCCARTESIANPOINT((18.4,0.,0.9));
#846=IFCDIRECTION((0.,0.,1.));
#847=IFCDIRECTION((1.,0.,0.));
#848=IFCAXIS2PLACEMENT3D(#845,#846,#847);
#849=IFCLOCALPLACEMENT($,#848);
#850=IFCRELFILLSELEMENT('3SjPxp54v0kv1b0WnaRC5$',$,$,$,#775,#800);
#851=IFCOWNERHISTORY(#5,#6,.READWRITE.,.MODIFIED.,1788884239,#5,#6,1788884239);
#852=IFCWALL('1FeRrxwi17seu25oEHA4pB',#851,'Meeting_Room_A_Wall_South',$,$,#871,#863,$,$);
#853=IFCCARTESIANPOINTLIST2D(((0.,0.),(0.,0.2),(8.,0.2),(8.,0.),(0.,0.)));
#854=IFCINDEXEDPOLYCURVE(#853,$,.F.);
#855=IFCDIRECTION((0.,0.,1.));
#856=IFCARBITRARYCLOSEDPROFILEDEF(.AREA.,$,#854);
#857=IFCCARTESIANPOINT((0.,-0.1,0.));
#858=IFCDIRECTION((0.,0.,1.));
#859=IFCDIRECTION((1.,0.,0.));
#860=IFCAXIS2PLACEMENT3D(#857,#858,#859);
#861=IFCEXTRUDEDAREASOLID(#856,#860,#855,3.2);
#862=IFCSHAPEREPRESENTATION(#16,'Body','SweptSolid',(#861));
#863=IFCPRODUCTDEFINITIONSHAPE($,$,(#862,#866));
#864=IFCCARTESIANPOINTLIST2D(((0.,0.),(8.,0.)));
#865=IFCINDEXEDPOLYCURVE(#864,$,.F.);
#866=IFCSHAPEREPRESENTATION(#17,'Axis','Curve2D',(#865));
#867=IFCCARTESIANPOINT((20.,0.,0.));
#868=IFCDIRECTION((0.,0.,1.));
#869=IFCDIRECTION((1.,0.,0.));
#870=IFCAXIS2PLACEMENT3D(#867,#868,#869);
#871=IFCLOCALPLACEMENT($,#870);
#872=IFCOWNERHISTORY(#5,#6,.READWRITE.,.MODIFIED.,1788884239,#5,#6,1788884239);
#873=IFCWALL('1NBixzqO99m9iMhMDIE2zE',#872,'Meeting_Room_A_Wall_East',$,$,#892,#884,$,$);
#874=IFCCARTESIANPOINTLIST2D(((0.,0.),(0.,0.2),(4.,0.2),(4.,0.),(0.,0.)));
#875=IFCINDEXEDPOLYCURVE(#874,$,.F.);
#876=IFCDIRECTION((0.,0.,1.));
#877=IFCARBITRARYCLOSEDPROFILEDEF(.AREA.,$,#875);
#878=IFCCARTESIANPOINT((0.,-0.1,0.));
#879=IFCDIRECTION((0.,0.,1.));
#880=IFCDIRECTION((1.,0.,0.));
#881=IFCAXIS2PLACEMENT3D(#878,#879,#880);
#882=IFCEXTRUDEDAREASOLID(#877,#881,#876,3.2);
#883=IFCSHAPEREPRESENTATION(#16,'Body','SweptSolid',(#882));
#884=IFCPRODUCTDEFINITIONSHAPE($,$,(#883,#887));
#885=IFCCARTESIANPOINTLIST2D(((0.,0.),(4.,0.)));
#886=IFCINDEXEDPOLYCURVE(#885,$,.F.);
#887=IFCSHAPEREPRESENTATION(#17,'Axis','Curve2D',(#886));
#888=IFCCARTESIANPOINT((28.,0.,0.));
#889=IFCDIRECTION((0.,0.,1.));
#890=IFCDIRECTION((6.123233995736766E-17,1.,0.));
#891=IFCAXIS2PLACEMENT3D(#888,#889,#890);
#892=IFCLOCALPLACEMENT($,#891);
#893=IFCOWNERHISTORY(#5,#6,.READWRITE.,.MODIFIED.,1788884239,#5,#6,1788884239);
#894=IFCWALL('3s5nU2rsbFYwBemZMfxHsd',#893,'Meeting_Room_A_Wall_North',$,$,#913,#905,$,$);
#895=IFCCARTESIANPOINTLIST2D(((0.,0.),(0.,0.2),(8.,0.2),(8.,0.),(0.,0.)));
#896=IFCINDEXEDPOLYCURVE(#895,$,.F.);
#897=IFCDIRECTION((0.,0.,1.));
#898=IFCARBITRARYCLOSEDPROFILEDEF(.AREA.,$,#896);
#899=IFCCARTESIANPOINT((0.,-0.1,0.));
#900=IFCDIRECTION((0.,0.,1.));
#901=IFCDIRECTION((1.,0.,0.));
#902=IFCAXIS2PLACEMENT3D(#899,#900,#901);
#903=IFCEXTRUDEDAREASOLID(#898,#902,#897,3.2);
#904=IFCSHAPEREPRESENTATION(#16,'Body','SweptSolid',(#903));
#905=IFCPRODUCTDEFINITIONSHAPE($,$,(#904,#908));
#906=IFCCARTESIANPOINTLIST2D(((0.,0.),(8.,0.)));
#907=IFCINDEXEDPOLYCURVE(#906,$,.F.);
#908=IFCSHAPEREPRESENTATION(#17,'Axis','Curve2D',(#907));
#909=IFCCARTESIANPOINT((28.,4.,0.));
#910=IFCDIRECTION((0.,0.,1.));
#911=IFCDIRECTION((-1.,1.2246467991473532E-16,0.));
#912=IFCAXIS2PLACEMENT3D(#909,#910,#911);
#913=IFCLOCALPLACEMENT($,#912);
#914=IFCOWNERHISTORY(#5,#6,.READWRITE.,.MODIFIED.,1788884240,#5,#6,1788884240);
#915=IFCWALL('3X_Mc9u3DBTPBPvkz7gjzB',#914,'Meeting_Room_A_Wall_West',$,$,#934,#926,$,$);
#916=IFCCARTESIANPOINTLIST2D(((0.,0.),(0.,0.2),(4.,0.2),(4.,0.),(0.,0.)));
#917=IFCINDEXEDPOLYCURVE(#916,$,.F.);
#918=IFCDIRECTION((0.,0.,1.));
#919=IFCARBITRARYCLOSEDPROFILEDEF(.AREA.,$,#917);
#920=IFCCARTESIANPOINT((0.,-0.1,0.));
#921=IFCDIRECTION((0.,0.,1.));
#922=IFCDIRECTION((1.,0.,0.));
#923=IFCAXIS2PLACEMENT3D(#920,#921,#922);
#924=IFCEXTRUDEDAREASOLID(#919,#923,#918,3.2);
#925=IFCSHAPEREPRESENTATION(#16,'Body','SweptSolid',(#924));
#926=IFCPRODUCTDEFINITIONSHAPE($,$,(#925,#929));
#927=IFCCARTESIANPOINTLIST2D(((0.,0.),(4.,0.)));
#928=IFCINDEXEDPOLYCURVE(#927,$,.F.);
#929=IFCSHAPEREPRESENTATION(#17,'Axis','Curve2D',(#928));
#930=IFCCARTESIANPOINT((20.,4.,0.));
#931=IFCDIRECTION((0.,0.,1.));
#932=IFCDIRECTION((-1.8369701987210297E-16,-1.,0.));
#933=IFCAXIS2PLACEMENT3D(#930,#931,#932);
#934=IFCLOCALPLACEMENT($,#933);
#935=IFCOWNERHISTORY(#5,#6,.READWRITE.,.MODIFIED.,1788884240,#5,#6,1788884240);
#936=IFCSLAB('37phkFW7r6LRNfEkf$rTqT',#935,'Meeting_Room_A_Floor',$,$,#948,#943,$,$);
#937=IFCCARTESIANPOINTLIST2D(((0.,0.),(8.,0.),(8.,4.),(0.,4.)));
#938=IFCINDEXEDPOLYCURVE(#937,$,$);
#939=IFCDIRECTION((0.,0.,1.));
#940=IFCARBITRARYCLOSEDPROFILEDEF(.AREA.,$,#938);
#941=IFCEXTRUDEDAREASOLID(#940,$,#939,0.2);
#942=IFCSHAPEREPRESENTATION(#16,'Body','SweptSolid',(#941));
#943=IFCPRODUCTDEFINITIONSHAPE($,$,(#942));
#944=IFCCARTESIANPOINT((20.,0.,0.));
#945=IFCDIRECTION((0.,0.,1.));
#946=IFCDIRECTION((1.,0.,0.));
#947=IFCAXIS2PLACEMENT3D(#944,#945,#946);
#948=IFCLOCALPLACEMENT($,#947);
#949=IFCOWNERHISTORY(#5,#6,.READWRITE.,.MODIFIED.,1788884240,#5,#6,1788884240);
#950=IFCOPENINGELEMENT('2jEeKvJFz1Hu5GYKJlYF3p',#949,'Opening for Meeting_Room_A_Door_1',$,$,#973,#961,$,.OPENING.);
#951=IFCCARTESIANPOINTLIST2D(((0.,0.),(0.,1.),(0.9,1.),(0.9,0.),(0.,0.)));
#952=IFCINDEXEDPOLYCURVE(#951,$,.F.);
#953=IFCDIRECTION((0.,0.,1.));
#954=IFCARBITRARYCLOSEDPROFILEDEF(.AREA.,$,#952);
#955=IFCCARTESIANPOINT((0.,0.,0.));
#956=IFCDIRECTION((0.,0.,1.));
#957=IFCDIRECTION((1.,0.,0.));
#958=IFCAXIS2PLACEMENT3D(#955,#956,#957);
#959=IFCEXTRUDEDAREASOLID(#954,#958,#953,2.1);
#960=IFCSHAPEREPRESENTATION(#16,'Body','SweptSolid',(#959));
#961=IFCPRODUCTDEFINITIONSHAPE($,$,(#960));
#967=IFCOWNERHISTORY(#5,#6,.READWRITE.,.ADDED.,1788884240,#5,#6,1788884240);
#968=IFCRELVOIDSELEMENT('2a3RKPq0X4jujVYKKvGk$0',#967,$,$,#894,#950);
#969=IFCCARTESIANPOINT((4.,-0.4999999999999991,0.));
#970=IFCDIRECTION((0.,0.,1.));
#971=IFCDIRECTION((1.,0.,0.));
#972=IFCAXIS2PLACEMENT3D(#969,#970,#971);
#973=IFCLOCALPLACEMENT(#913,#972);
#974=IFCOWNERHISTORY(#5,#6,.READWRITE.,.MODIFIED.,1788884240,#5,#6,1788884240);
#975=IFCDOOR('126DxdhTH0YvBukEnaWNMd',#974,'Meeting_Room_A_Door_1',$,$,#1054,#1049,$,$,$,.DOOR.,$,$);
#976=IFCCARTESIANPOINTLIST2D(((0.,0.),(0.,2.1),(0.9,2.1),(0.9,0.),(0.875,0.),(0.875,2.075),(0.025,2.075),(0.025,0.)));
#977=IFCINDEXEDPOLYCURVE(#976,(IFCLINEINDEX((1,2,3,4,5,6,7,8,1))),$);
#978=IFCARBITRARYCLOSEDPROFILEDEF(.AREA.,$,#977);
#979=IFCCARTESIANPOINT((0.,0.025,0.));
#980=IFCDIRECTION((0.,-1.,0.));
#981=IFCDIRECTION((1.,0.,0.));
#982=IFCAXIS2PLACEMENT3D(#979,#980,#981);
#983=IFCDIRECTION((0.,0.,-1.));
#984=IFCEXTRUDEDAREASOLID(#978,#982,#983,0.025);
#985=IFCCARTESIANPOINTLIST2D(((0.,0.),(0.,2.1),(0.9,2.1),(0.9,0.),(0.85,0.),(0.85,2.0500000000000003),(0.05,2.0500000000000003),(0.05,0.)));
#986=IFCINDEXEDPOLYCURVE(#985,(IFCLINEINDEX((1,2,3,4,5,6,7,8,1))),$);
#987=IFCARBITRARYCLOSEDPROFILEDEF(.AREA.,$,#986);
#988=IFCCARTESIANPOINT((0.,0.,0.));
#989=IFCDIRECTION((0.,-1.,0.));
#990=IFCDIRECTION((1.,0.,0.));
#991=IFCAXIS2PLACEMENT3D(#988,#989,#990);
#992=IFCDIRECTION((0.,0.,-1.));
#993=IFCEXTRUDEDAREASOLID(#987,#991,#992,0.025);
#994=IFCCARTESIANPOINTLIST2D(((0.,0.),(0.8,0.),(0.8,0.1),(0.,0.1)));
#995=IFCINDEXEDPOLYCURVE(#994,(IFCLINEINDEX((1,2,3,4,1))),$);
#996=IFCARBITRARYCLOSEDPROFILEDEF(.AREA.,$,#995);
#997=IFCCARTESIANPOINT((0.05,0.,0.));
#998=IFCDIRECTION((0.,0.,1.));
#999=IFCDIRECTION((1.,0.,0.));
#1000=IFCAXIS2PLACEMENT3D(#997,#998,#999);
#1001=IFCDIRECTION((0.,0.,1.));
#1002=IFCEXTRUDEDAREASOLID(#996,#1000,#1001,0.025);
#1003=IFCCARTESIANPOINTLIST2D(((0.,0.),(0.,2.125),(0.95,2.125),(0.95,0.),(0.875,0.),(0.875,2.05),(0.075,2.05),(0.075,0.)));
#1004=IFCINDEXEDPOLYCURVE(#1003,(IFCLINEINDEX((1,2,3,4,5,6,7,8,1))),$);
#1005=IFCARBITRARYCLOSEDPROFILEDEF(.AREA.,$,#1004);
#1006=IFCCARTESIANPOINT((-0.024999999999999994,-0.005,0.));
#1007=IFCDIRECTION((0.,-1.,0.));
#1008=IFCDIRECTION((1.,0.,0.));
#1009=IFCAXIS2PLACEMENT3D(#1006,#1007,#1008);
#1010=IFCDIRECTION((0.,0.,-1.));
#1011=IFCEXTRUDEDAREASOLID(#1005,#1009,#1010,0.005);
#1012=IFCCARTESIANPOINTLIST2D(((0.,0.),(0.,2.125),(0.95,2.125),(0.95,0.),(0.8999999999999999,0.),(0.8999999999999999,2.075),(0.049999999999999996,2.075),(0.049999999999999996,0.)));
#1013=IFCINDEXEDPOLYCURVE(#1012,(IFCLINEINDEX((1,2,3,4,5,6,7,8,1))),$);
#1014=IFCARBITRARYCLOSEDPROFILEDEF(.AREA.,$,#1013);
#1015=IFCCARTESIANPOINT((-0.024999999999999994,0.05,0.));
#1016=IFCDIRECTION((0.,-1.,0.));
#1017=IFCDIRECTION((1.,0.,0.));
#1018=IFCAXIS2PLACEMENT3D(#1015,#1016,#1017);
#1019=IFCDIRECTION((0.,0.,-1.));
#1020=IFCEXTRUDEDAREASOLID(#1014,#1018,#1019,0.005);
#1021=IFCCARTESIANPOINTLIST2D(((0.,0.),(0.85,0.),(0.85,0.035),(0.,0.035)));
#1022=IFCINDEXEDPOLYCURVE(#1021,(IFCLINEINDEX((1,2,3,4,1))),$);
#1023=IFCARBITRARYCLOSEDPROFILEDEF(.AREA.,$,#1022);
#1024=IFCCARTESIANPOINT((0.025,0.025,0.025));
#1025=IFCDIRECTION((0.,0.,1.));
#1026=IFCDIRECTION((1.,0.,0.));
#1027=IFCAXIS2PLACEMENT3D(#1024,#1025,#1026);
#1028=IFCDIRECTION((0.,0.,1.));
#1029=IFCEXTRUDEDAREASOLID(#1023,#1027,#1028,2.0500000000000003);
#1030=IFCCARTESIANPOINTLIST2D(((0.,0.),(0.,-0.04),(-0.11999999999999988,-0.04),(-0.11999999999999988,-0.02),(-0.020000000000000018,-0.02),(-0.020000000000000018,0.)));
#1031=IFCINDEXEDPOLYCURVE(#1030,(IFCLINEINDEX((1,2,3,4,5,6,1))),$);
#1032=IFCARBITRARYCLOSEDPROFILEDEF(.AREA.,$,#1031);
#1033=IFCCARTESIANPOINT((0.825,0.025,1.015));
#1034=IFCDIRECTION((0.,0.,1.));
#1035=IFCDIRECTION((1.,0.,0.));
#1036=IFCAXIS2PLACEMENT3D(#1033,#1034,#1035);
#1037=IFCDIRECTION((0.,0.,1.));
#1038=IFCEXTRUDEDAREASOLID(#1032,#1036,#1037,0.02);
#1039=IFCEXTRUDEDAREASOLID(#1040,#1043,#1047,0.02);
#1040=IFCARBITRARYCLOSEDPROFILEDEF(.AREA.,$,#1041);
#1041=IFCINDEXEDPOLYCURVE(#1042,(IFCLINEINDEX((1,2,3,4,5,6,1))),$);
#1042=IFCCARTESIANPOINTLIST2D(((0.,0.),(0.,0.04),(-0.11999999999999988,0.04),(-0.11999999999999988,0.02000000000000001),(-0.020000000000000018,0.02000000000000001),(-0.020000000000000018,0.)));
#1043=IFCAXIS2PLACEMENT3D(#1044,#1045,#1046);
#1044=IFCCARTESIANPOINT((0.825,0.060000000000000005,1.015));
#1045=IFCDIRECTION((0.,0.,1.));
#1046=IFCDIRECTION((1.,0.,0.));
#1047=IFCDIRECTION((0.,0.,1.));
#1048=IFCSHAPEREPRESENTATION(#16,'Body','SweptSolid',(#984,#993,#1029,#1038,#1039,#1002,#1011,#1020));
#1049=IFCPRODUCTDEFINITIONSHAPE($,$,(#1048));
#1050=IFCCARTESIANPOINT((24.,4.,0.));
#1051=IFCDIRECTION((0.,0.,1.));
#1052=IFCDIRECTION((-1.,1.2246467991473532E-16,0.));
#1053=IFCAXIS2PLACEMENT3D(#1050,#1051,#1052);
#1054=IFCLOCALPLACEMENT($,#1053);
#1055=IFCRELFILLSELEMENT('3nBz1Co6z3phMj9XI19NTn',$,$,$,#950,#975);
#1056=IFCOWNERHISTORY(#5,#6,.READWRITE.,.MODIFIED.,1788884240,#5,#6,1788884240);
#1057=IFCOPENINGELEMENT('2JfQARJBHBifw0cpr12LiY',#1056,'Opening for Meeting_Room_A_Window_1',$,$,#1080,#1068,$,.OPENING.);
#1058=IFCCARTESIANPOINTLIST2D(((0.,0.),(0.,1.),(2.5,1.),(2.5,0.),(0.,0.)));
#1059=IFCINDEXEDPOLYCURVE(#1058,$,.F.);
#1060=IFCDIRECTION((0.,0.,1.));
#1061=IFCARBITRARYCLOSEDPROFILEDEF(.AREA.,$,#1059);
#1062=IFCCARTESIANPOINT((0.,0.,0.));
#1063=IFCDIRECTION((0.,0.,1.));
#1064=IFCDIRECTION((1.,0.,0.));
#1065=IFCAXIS2PLACEMENT3D(#1062,#1063,#1064);
#1066=IFCEXTRUDEDAREASOLID(#1061,#1065,#1060,1.5);
#1067=IFCSHAPEREPRESENTATION(#16,'Body','SweptSolid',(#1066));
#1068=IFCPRODUCTDEFINITIONSHAPE($,$,(#1067));
#1074=IFCOWNERHISTORY(#5,#6,.READWRITE.,.ADDED.,1788884240,#5,#6,1788884240);
#1075=IFCRELVOIDSELEMENT('3CBl_S7pXFWusjA44tkBQx',#1074,$,$,#852,#1057);
#1076=IFCCARTESIANPOINT((3.75,-0.5,0.9));
#1077=IFCDIRECTION((0.,0.,1.));
#1078=IFCDIRECTION((1.,0.,0.));
#1079=IFCAXIS2PLACEMENT3D(#1076,#1077,#1078);
#1080=IFCLOCALPLACEMENT(#871,#1079);
#1081=IFCOWNERHISTORY(#5,#6,.READWRITE.,.MODIFIED.,1788884240,#5,#6,1788884240);
#1082=IFCWINDOW('1rg$x0meD7BuCP7H66l4Ui',#1081,'Meeting_Room_A_Window_1',$,$,#1131,#1126,$,$,$,.WINDOW.,$,$);
#1083=IFCCARTESIANPOINTLIST2D(((0.,0.),(2.5,0.),(2.5,1.5),(0.,1.5)));
#1084=IFCINDEXEDPOLYCURVE(#1083,(IFCLINEINDEX((1,2,3,4,1))),$);
#1085=IFCCARTESIANPOINTLIST2D(((0.025,0.025),(2.475,0.025),(2.475,1.4749999999999999),(0.025,1.4749999999999999)));
#1086=IFCINDEXEDPOLYCURVE(#1085,(IFCLINEINDEX((1,2,3,4,1))),$);
#1087=IFCARBITRARYPROFILEDEFWITHVOIDS(.AREA.,$,#1084,(#1086));
#1088=IFCCARTESIANPOINT((0.,0.09,0.));
#1089=IFCDIRECTION((0.,-1.,0.));
#1090=IFCDIRECTION((1.,0.,0.));
#1091=IFCAXIS2PLACEMENT3D(#1088,#1089,#1090);
#1092=IFCDIRECTION((0.,0.,-1.));
#1093=IFCEXTRUDEDAREASOLID(#1087,#1091,#1092,0.010000000000000002);
#1094=IFCCARTESIANPOINTLIST2D(((0.,0.),(2.5,0.),(2.5,1.5),(0.,1.5)));
#1095=IFCINDEXEDPOLYCURVE(#1094,(IFCLINEINDEX((1,2,3,4,1))),$);
#1096=IFCCARTESIANPOINTLIST2D(((0.05,0.05),(2.4499999999999997,0.05),(2.4499999999999997,1.45),(0.05,1.45)));
#1097=IFCINDEXEDPOLYCURVE(#1096,(IFCLINEINDEX((1,2,3,4,1))),$);
#1098=IFCARBITRARYPROFILEDEFWITHVOIDS(.AREA.,$,#1095,(#1097));
#1099=IFCCARTESIANPOINT((0.,0.05,0.));
#1100=IFCDIRECTION((0.,-1.,0.));
#1101=IFCDIRECTION((1.,0.,0.));
#1102=IFCAXIS2PLACEMENT3D(#1099,#1100,#1101);
#1103=IFCDIRECTION((0.,0.,-1.));
#1104=IFCEXTRUDEDAREASOLID(#1098,#1102,#1103,0.04);
#1105=IFCCARTESIANPOINTLIST2D(((0.,0.),(2.45,0.),(2.45,1.45),(0.,1.45)));
#1106=IFCINDEXEDPOLYCURVE(#1105,(IFCLINEINDEX((1,2,3,4,1))),$);
#1107=IFCCARTESIANPOINTLIST2D(((0.035,0.035),(2.4150000000000005,0.035),(2.4150000000000005,1.4149999999999998),(0.035,1.4149999999999998)));
#1108=IFCINDEXEDPOLYCURVE(#1107,(IFCLINEINDEX((1,2,3,4,1))),$);
#1109=IFCARBITRARYPROFILEDEFWITHVOIDS(.AREA.,$,#1106,(#1108));
#1110=IFCCARTESIANPOINT((0.025,0.09,0.025));
#1111=IFCDIRECTION((0.,-1.,0.));
#1112=IFCDIRECTION((1.,0.,0.));
#1113=IFCAXIS2PLACEMENT3D(#1110,#1111,#1112);
#1114=IFCDIRECTION((0.,0.,-1.));
#1115=IFCEXTRUDEDAREASOLID(#1109,#1113,#1114,0.035);
#1116=IFCINDEXEDPOLYCURVE(#1117,(IFCLINEINDEX((1,2,3,4,1))),$);
#1117=IFCCARTESIANPOINTLIST2D(((0.035,0.035),(2.4150000000000005,0.035),(2.4150000000000005,1.4149999999999998),(0.035,1.4149999999999998)));
#1118=IFCARBITRARYCLOSEDPROFILEDEF(.AREA.,$,#1116);
#1119=IFCCARTESIANPOINT((0.025,0.10250000000000001,0.025));
#1120=IFCDIRECTION((0.,-1.,0.));
#1121=IFCDIRECTION((1.,0.,0.));
#1122=IFCAXIS2PLACEMENT3D(#1119,#1120,#1121);
#1123=IFCDIRECTION((0.,0.,-1.));
#1124=IFCEXTRUDEDAREASOLID(#1118,#1122,#1123,0.01);
#1125=IFCSHAPEREPRESENTATION(#16,'Body','SweptSolid',(#1093,#1104,#1115,#1124));
#1126=IFCPRODUCTDEFINITIONSHAPE($,$,(#1125));
#1127=IFCCARTESIANPOINT((23.75,0.,0.9));
#1128=IFCDIRECTION((0.,0.,1.));
#1129=IFCDIRECTION((1.,0.,0.));
#1130=IFCAXIS2PLACEMENT3D(#1127,#1128,#1129);
#1131=IFCLOCALPLACEMENT($,#1130);
#1132=IFCRELFILLSELEMENT('3dcEOGghz7qxF2OwHQ0Bcx',$,$,$,#1057,#1082);
#1133=IFCOWNERHISTORY(#5,#6,.READWRITE.,.MODIFIED.,1788884240,#5,#6,1788884240);
#1134=IFCOPENINGELEMENT('0$N$5aGGH7WR84rt7Otjdw',#1133,'Opening for Meeting_Room_A_Window_2',$,$,#1157,#1145,$,.OPENING.);
#1135=IFCCARTESIANPOINTLIST2D(((0.,0.),(0.,1.),(1.8,1.),(1.8,0.),(0.,0.)));
#1136=IFCINDEXEDPOLYCURVE(#1135,$,.F.);
#1137=IFCDIRECTION((0.,0.,1.));
#1138=IFCARBITRARYCLOSEDPROFILEDEF(.AREA.,$,#1136);
#1139=IFCCARTESIANPOINT((0.,0.,0.));
#1140=IFCDIRECTION((0.,0.,1.));
#1141=IFCDIRECTION((1.,0.,0.));
#1142=IFCAXIS2PLACEMENT3D(#1139,#1140,#1141);
#1143=IFCEXTRUDEDAREASOLID(#1138,#1142,#1137,1.5);
#1144=IFCSHAPEREPRESENTATION(#16,'Body','SweptSolid',(#1143));
#1145=IFCPRODUCTDEFINITIONSHAPE($,$,(#1144));
#1151=IFCOWNERHISTORY(#5,#6,.READWRITE.,.ADDED.,1788884240,#5,#6,1788884240);
#1152=IFCRELVOIDSELEMENT('0_mha8vBPFDxnBx18S6vrU',#1151,$,$,#873,#1134);
#1153=IFCCARTESIANPOINT((1.9,-0.5,0.9));
#1154=IFCDIRECTION((0.,0.,1.));
#1155=IFCDIRECTION((1.,0.,0.));
#1156=IFCAXIS2PLACEMENT3D(#1153,#1154,#1155);
#1157=IFCLOCALPLACEMENT(#892,#1156);
#1158=IFCOWNERHISTORY(#5,#6,.READWRITE.,.MODIFIED.,1788884240,#5,#6,1788884240);
#1159=IFCWINDOW('0_tjTsOgr8Px1yif9GSwRp',#1158,'Meeting_Room_A_Window_2',$,$,#1208,#1203,$,$,$,.WINDOW.,$,$);
#1160=IFCCARTESIANPOINTLIST2D(((0.,0.),(1.8,0.),(1.8,1.5),(0.,1.5)));
#1161=IFCINDEXEDPOLYCURVE(#1160,(IFCLINEINDEX((1,2,3,4,1))),$);
#1162=IFCCARTESIANPOINTLIST2D(((0.025,0.025),(1.775,0.025),(1.775,1.4749999999999999),(0.025,1.4749999999999999)));
#1163=IFCINDEXEDPOLYCURVE(#1162,(IFCLINEINDEX((1,2,3,4,1))),$);
#1164=IFCARBITRARYPROFILEDEFWITHVOIDS(.AREA.,$,#1161,(#1163));
#1165=IFCCARTESIANPOINT((0.,0.09,0.));
#1166=IFCDIRECTION((0.,-1.,0.));
#1167=IFCDIRECTION((1.,0.,0.));
#1168=IFCAXIS2PLACEMENT3D(#1165,#1166,#1167);
#1169=IFCDIRECTION((0.,0.,-1.));
#1170=IFCEXTRUDEDAREASOLID(#1164,#1168,#1169,0.010000000000000002);
#1171=IFCCARTESIANPOINTLIST2D(((0.,0.),(1.8,0.),(1.8,1.5),(0.,1.5)));
#1172=IFCINDEXEDPOLYCURVE(#1171,(IFCLINEINDEX((1,2,3,4,1))),$);
#1173=IFCCARTESIANPOINTLIST2D(((0.05,0.05),(1.75,0.05),(1.75,1.45),(0.05,1.45)));
#1174=IFCINDEXEDPOLYCURVE(#1173,(IFCLINEINDEX((1,2,3,4,1))),$);
#1175=IFCARBITRARYPROFILEDEFWITHVOIDS(.AREA.,$,#1172,(#1174));
#1176=IFCCARTESIANPOINT((0.,0.05,0.));
#1177=IFCDIRECTION((0.,-1.,0.));
#1178=IFCDIRECTION((1.,0.,0.));
#1179=IFCAXIS2PLACEMENT3D(#1176,#1177,#1178);
#1180=IFCDIRECTION((0.,0.,-1.));
#1181=IFCEXTRUDEDAREASOLID(#1175,#1179,#1180,0.04);
#1182=IFCCARTESIANPOINTLIST2D(((0.,0.),(1.75,0.),(1.75,1.45),(0.,1.45)));
#1183=IFCINDEXEDPOLYCURVE(#1182,(IFCLINEINDEX((1,2,3,4,1))),$);
#1184=IFCCARTESIANPOINTLIST2D(((0.035,0.035),(1.7149999999999999,0.035),(1.7149999999999999,1.4149999999999998),(0.035,1.4149999999999998)));
#1185=IFCINDEXEDPOLYCURVE(#1184,(IFCLINEINDEX((1,2,3,4,1))),$);
#1186=IFCARBITRARYPROFILEDEFWITHVOIDS(.AREA.,$,#1183,(#1185));
#1187=IFCCARTESIANPOINT((0.025,0.09,0.025));
#1188=IFCDIRECTION((0.,-1.,0.));
#1189=IFCDIRECTION((1.,0.,0.));
#1190=IFCAXIS2PLACEMENT3D(#1187,#1188,#1189);
#1191=IFCDIRECTION((0.,0.,-1.));
#1192=IFCEXTRUDEDAREASOLID(#1186,#1190,#1191,0.035);
#1193=IFCINDEXEDPOLYCURVE(#1194,(IFCLINEINDEX((1,2,3,4,1))),$);
#1194=IFCCARTESIANPOINTLIST2D(((0.035,0.035),(1.7149999999999999,0.035),(1.7149999999999999,1.4149999999999998),(0.035,1.4149999999999998)));
#1195=IFCARBITRARYCLOSEDPROFILEDEF(.AREA.,$,#1193);
#1196=IFCCARTESIANPOINT((0.025,0.10250000000000001,0.025));
#1197=IFCDIRECTION((0.,-1.,0.));
#1198=IFCDIRECTION((1.,0.,0.));
#1199=IFCAXIS2PLACEMENT3D(#1196,#1197,#1198);
#1200=IFCDIRECTION((0.,0.,-1.));
#1201=IFCEXTRUDEDAREASOLID(#1195,#1199,#1200,0.01);
#1202=IFCSHAPEREPRESENTATION(#16,'Body','SweptSolid',(#1170,#1181,#1192,#1201));
#1203=IFCPRODUCTDEFINITIONSHAPE($,$,(#1202));
#1204=IFCCARTESIANPOINT((28.,1.9,0.9));
#1205=IFCDIRECTION((0.,0.,1.));
#1206=IFCDIRECTION((6.123233995736766E-17,1.,0.));
#1207=IFCAXIS2PLACEMENT3D(#1204,#1205,#1206);
#1208=IFCLOCALPLACEMENT($,#1207);
#1209=IFCRELFILLSELEMENT('1ROaY4qCHC3v0EEJyjzIWQ',$,$,$,#1134,#1159);
#1210=IFCOWNERHISTORY(#5,#6,.READWRITE.,.MODIFIED.,1788884240,#5,#6,1788884240);
#1211=IFCWALL('1nkVHetj54RhcINT4uvT2g',#1210,'Meeting_Room_B_Wall_South',$,$,#1230,#1222,$,$);
#1212=IFCCARTESIANPOINTLIST2D(((0.,0.),(0.,0.2),(8.,0.2),(8.,0.),(0.,0.)));
#1213=IFCINDEXEDPOLYCURVE(#1212,$,.F.);
#1214=IFCDIRECTION((0.,0.,1.));
#1215=IFCARBITRARYCLOSEDPROFILEDEF(.AREA.,$,#1213);
#1216=IFCCARTESIANPOINT((0.,-0.1,0.));
#1217=IFCDIRECTION((0.,0.,1.));
#1218=IFCDIRECTION((1.,0.,0.));
#1219=IFCAXIS2PLACEMENT3D(#1216,#1217,#1218);
#1220=IFCEXTRUDEDAREASOLID(#1215,#1219,#1214,3.2);
#1221=IFCSHAPEREPRESENTATION(#16,'Body','SweptSolid',(#1220));
#1222=IFCPRODUCTDEFINITIONSHAPE($,$,(#1221,#1225));
#1223=IFCCARTESIANPOINTLIST2D(((0.,0.),(8.,0.)));
#1224=IFCINDEXEDPOLYCURVE(#1223,$,.F.);
#1225=IFCSHAPEREPRESENTATION(#17,'Axis','Curve2D',(#1224));
#1226=IFCCARTESIANPOINT((20.,4.,0.));
#1227=IFCDIRECTION((0.,0.,1.));
#1228=IFCDIRECTION((1.,0.,0.));
#1229=IFCAXIS2PLACEMENT3D(#1226,#1227,#1228);
#1230=IFCLOCALPLACEMENT($,#1229);
#1231=IFCOWNERHISTORY(#5,#6,.READWRITE.,.MODIFIED.,1788884240,#5,#6,1788884240);
#1232=IFCWALL('1mu4RAbzXErOcIX2JuPyPh',#1231,'Meeting_Room_B_Wall_East',$,$,#1251,#1243,$,$);
#1233=IFCCARTESIANPOINTLIST2D(((0.,0.),(0.,0.2),(4.,0.2),(4.,0.),(0.,0.)));
#1234=IFCINDEXEDPOLYCURVE(#1233,$,.F.);
#1235=IFCDIRECTION((0.,0.,1.));
#1236=IFCARBITRARYCLOSEDPROFILEDEF(.AREA.,$,#1234);
#1237=IFCCARTESIANPOINT((0.,-0.1,0.));
#1238=IFCDIRECTION((0.,0.,1.));
#1239=IFCDIRECTION((1.,0.,0.));
#1240=IFCAXIS2PLACEMENT3D(#1237,#1238,#1239);
#1241=IFCEXTRUDEDAREASOLID(#1236,#1240,#1235,3.2);
#1242=IFCSHAPEREPRESENTATION(#16,'Body','SweptSolid',(#1241));
#1243=IFCPRODUCTDEFINITIONSHAPE($,$,(#1242,#1246));
#1244=IFCCARTESIANPOINTLIST2D(((0.,0.),(4.,0.)));
#1245=IFCINDEXEDPOLYCURVE(#1244,$,.F.);
#1246=IFCSHAPEREPRESENTATION(#17,'Axis','Curve2D',(#1245));
#1247=IFCCARTESIANPOINT((28.,4.,0.));
#1248=IFCDIRECTION((0.,0.,1.));
#1249=IFCDIRECTION((6.123233995736766E-17,1.,0.));
#1250=IFCAXIS2PLACEMENT3D(#1247,#1248,#1249);
#1251=IFCLOCALPLACEMENT($,#1250);
#1252=IFCOWNERHISTORY(#5,#6,.READWRITE.,.MODIFIED.,1788884240,#5,#6,1788884240);
#1253=IFCWALL('0df2jINeT8n9KhA3Z1jgit',#1252,'Meeting_Room_B_Wall_North',$,$,#1272,#1264,$,$);
#1254=IFCCARTESIANPOINTLIST2D(((0.,0.),(0.,0.2),(8.,0.2),(8.,0.),(0.,0.)));
#1255=IFCINDEXEDPOLYCURVE(#1254,$,.F.);
#1256=IFCDIRECTION((0.,0.,1.));
#1257=IFCARBITRARYCLOSEDPROFILEDEF(.AREA.,$,#1255);
#1258=IFCCARTESIANPOINT((0.,-0.1,0.));
#1259=IFCDIRECTION((0.,0.,1.));
#1260=IFCDIRECTION((1.,0.,0.));
#1261=IFCAXIS2PLACEMENT3D(#1258,#1259,#1260);
#1262=IFCEXTRUDEDAREASOLID(#1257,#1261,#1256,3.2);
#1263=IFCSHAPEREPRESENTATION(#16,'Body','SweptSolid',(#1262));
#1264=IFCPRODUCTDEFINITIONSHAPE($,$,(#1263,#1267));
#1265=IFCCARTESIANPOINTLIST2D(((0.,0.),(8.,0.)));
#1266=IFCINDEXEDPOLYCURVE(#1265,$,.F.);
#1267=IFCSHAPEREPRESENTATION(#17,'Axis','Curve2D',(#1266));
#1268=IFCCARTESIANPOINT((28.,8.,0.));
#1269=IFCDIRECTION((0.,0.,1.));
#1270=IFCDIRECTION((-1.,1.2246467991473532E-16,0.));
#1271=IFCAXIS2PLACEMENT3D(#1268,#1269,#1270);
#1272=IFCLOCALPLACEMENT($,#1271);
#1273=IFCOWNERHISTORY(#5,#6,.READWRITE.,.MODIFIED.,1788884240,#5,#6,1788884240);
#1274=IFCWALL('3St6MewqnDxuf0h4KxUy3j',#1273,'Meeting_Room_B_Wall_West',$,$,#1293,#1285,$,$);
#1275=IFCCARTESIANPOINTLIST2D(((0.,0.),(0.,0.2),(4.,0.2),(4.,0.),(0.,0.)));
#1276=IFCINDEXEDPOLYCURVE(#1275,$,.F.);
#1277=IFCDIRECTION((0.,0.,1.));
#1278=IFCARBITRARYCLOSEDPROFILEDEF(.AREA.,$,#1276);
#1279=IFCCARTESIANPOINT((0.,-0.1,0.));
#1280=IFCDIRECTION((0.,0.,1.));
#1281=IFCDIRECTION((1.,0.,0.));
#1282=IFCAXIS2PLACEMENT3D(#1279,#1280,#1281);
#1283=IFCEXTRUDEDAREASOLID(#1278,#1282,#1277,3.2);
#1284=IFCSHAPEREPRESENTATION(#16,'Body','SweptSolid',(#1283));
#1285=IFCPRODUCTDEFINITIONSHAPE($,$,(#1284,#1288));
#1286=IFCCARTESIANPOINTLIST2D(((0.,0.),(4.,0.)));
#1287=IFCINDEXEDPOLYCURVE(#1286,$,.F.);
#1288=IFCSHAPEREPRESENTATION(#17,'Axis','Curve2D',(#1287));
#1289=IFCCARTESIANPOINT((20.,8.,0.));
#1290=IFCDIRECTION((0.,0.,1.));
#1291=IFCDIRECTION((-1.8369701987210297E-16,-1.,0.));
#1292=IFCAXIS2PLACEMENT3D(#1289,#1290,#1291);
#1293=IFCLOCALPLACEMENT($,#1292);
#1294=IFCOWNERHISTORY(#5,#6,.READWRITE.,.MODIFIED.,1788884240,#5,#6,1788884240);
#1295=IFCSLAB('0m_H6e9LvDqxX_WWthMLII',#1294,'Meeting_Room_B_Floor',$,$,#1307,#1302,$,$);
#1296=IFCCARTESIANPOINTLIST2D(((0.,0.),(8.,0.),(8.,4.),(0.,4.)));
#1297=IFCINDEXEDPOLYCURVE(#1296,$,$);
#1298=IFCDIRECTION((0.,0.,1.));
#1299=IFCARBITRARYCLOSEDPROFILEDEF(.AREA.,$,#1297);
#1300=IFCEXTRUDEDAREASOLID(#1299,$,#1298,0.2);
#1301=IFCSHAPEREPRESENTATION(#16,'Body','SweptSolid',(#1300));
#1302=IFCPRODUCTDEFINITIONSHAPE($,$,(#1301));
#1303=IFCCARTESIANPOINT((20.,4.,0.));
#1304=IFCDIRECTION((0.,0.,1.));
#1305=IFCDIRECTION((1.,0.,0.));
#1306=IFCAXIS2PLACEMENT3D(#1303,#1304,#1305);
#1307=IFCLOCALPLACEMENT($,#1306);
#1308=IFCOWNERHISTORY(#5,#6,.READWRITE.,.MODIFIED.,1788884240,#5,#6,1788884240);
#1309=IFCOPENINGELEMENT('0izRkZ$ej21ObcMACTF7YW',#1308,'Opening for Meeting_Room_B_Door_1',$,$,#1332,#1320,$,.OPENING.);
#1310=IFCCARTESIANPOINTLIST2D(((0.,0.),(0.,1.),(0.9,1.),(0.9,0.),(0.,0.)));
#1311=IFCINDEXEDPOLYCURVE(#1310,$,.F.);
#1312=IFCDIRECTION((0.,0.,1.));
#1313=IFCARBITRARYCLOSEDPROFILEDEF(.AREA.,$,#1311);
#1314=IFCCARTESIANPOINT((0.,0.,0.));
#1315=IFCDIRECTION((0.,0.,1.));
#1316=IFCDIRECTION((1.,0.,0.));
#1317=IFCAXIS2PLACEMENT3D(#1314,#1315,#1316);
#1318=IFCEXTRUDEDAREASOLID(#1313,#1317,#1312,2.1);
#1319=IFCSHAPEREPRESENTATION(#16,'Body','SweptSolid',(#1318));
#1320=IFCPRODUCTDEFINITIONSHAPE($,$,(#1319));
#1326=IFCOWNERHISTORY(#5,#6,.READWRITE.,.ADDED.,1788884240,#5,#6,1788884240);
#1327=IFCRELVOIDSELEMENT('1I2$aYQYL7mwbLEawHYhKx',#1326,$,$,#1211,#1309);
#1328=IFCCARTESIANPOINT((4.,-0.5,0.));
#1329=IFCDIRECTION((0.,0.,1.));
#1330=IFCDIRECTION((1.,0.,0.));
#1331=IFCAXIS2PLACEMENT3D(#1328,#1329,#1330);
#1332=IFCLOCALPLACEMENT(#1230,#1331);
#1333=IFCOWNERHISTORY(#5,#6,.READWRITE.,.MODIFIED.,1788884240,#5,#6,1788884240);
#1334=IFCDOOR('30xmdDhtXA6Ru3AIf6$_VL',#1333,'Meeting_Room_B_Door_1',$,$,#1413,#1408,$,$,$,.DOOR.,$,$);
#1335=IFCCARTESIANPOINTLIST2D(((0.,0.),(0.,2.1),(0.9,2.1),(0.9,0.),(0.875,0.),(0.875,2.075),(0.025,2.075),(0.025,0.)));
#1336=IFCINDEXEDPOLYCURVE(#1335,(IFCLINEINDEX((1,2,3,4,5,6,7,8,1))),$);
#1337=IFCARBITRARYCLOSEDPROFILEDEF(.AREA.,$,#1336);
#1338=IFCCARTESIANPOINT((0.,0.025,0.));
#1339=IFCDIRECTION((0.,-1.,0.));
#1340=IFCDIRECTION((1.,0.,0.));
#1341=IFCAXIS2PLACEMENT3D(#1338,#1339,#1340);
#1342=IFCDIRECTION((0.,0.,-1.));
#1343=IFCEXTRUDEDAREASOLID(#1337,#1341,#1342,0.025);
#1344=IFCCARTESIANPOINTLIST2D(((0.,0.),(0.,2.1),(0.9,2.1),(0.9,0.),(0.85,0.),(0.85,2.0500000000000003),(0.05,2.0500000000000003),(0.05,0.)));
#1345=IFCINDEXEDPOLYCURVE(#1344,(IFCLINEINDEX((1,2,3,4,5,6,7,8,1))),$);
#1346=IFCARBITRARYCLOSEDPROFILEDEF(.AREA.,$,#1345);
#1347=IFCCARTESIANPOINT((0.,0.,0.));
#1348=IFCDIRECTION((0.,-1.,0.));
#1349=IFCDIRECTION((1.,0.,0.));
#1350=IFCAXIS2PLACEMENT3D(#1347,#1348,#1349);
#1351=IFCDIRECTION((0.,0.,-1.));
#1352=IFCEXTRUDEDAREASOLID(#1346,#1350,#1351,0.025);
#1353=IFCCARTESIANPOINTLIST2D(((0.,0.),(0.8,0.),(0.8,0.1),(0.,0.1)));
#1354=IFCINDEXEDPOLYCURVE(#1353,(IFCLINEINDEX((1,2,3,4,1))),$);
#1355=IFCARBITRARYCLOSEDPROFILEDEF(.AREA.,$,#1354);
#1356=IFCCARTESIANPOINT((0.05,0.,0.));
#1357=IFCDIRECTION((0.,0.,1.));
#1358=IFCDIRECTION((1.,0.,0.));
#1359=IFCAXIS2PLACEMENT3D(#1356,#1357,#1358);
#1360=IFCDIRECTION((0.,0.,1.));
#1361=IFCEXTRUDEDAREASOLID(#1355,#1359,#1360,0.025);
#1362=IFCCARTESIANPOINTLIST2D(((0.,0.),(0.,2.125),(0.95,2.125),(0.95,0.),(0.875,0.),(0.875,2.05),(0.075,2.05),(0.075,0.)));
#1363=IFCINDEXEDPOLYCURVE(#1362,(IFCLINEINDEX((1,2,3,4,5,6,7,8,1))),$);
#1364=IFCARBITRARYCLOSEDPROFILEDEF(.AREA.,$,#1363);
#1365=IFCCARTESIANPOINT((-0.024999999999999994,-0.005,0.));
#1366=IFCDIRECTION((0.,-1.,0.));
#1367=IFCDIRECTION((1.,0.,0.));
#1368=IFCAXIS2PLACEMENT3D(#1365,#1366,#1367);
#1369=IFCDIRECTION((0.,0.,-1.));
#1370=IFCEXTRUDEDAREASOLID(#1364,#1368,#1369,0.005);
#1371=IFCCARTESIANPOINTLIST2D(((0.,0.),(0.,2.125),(0.95,2.125),(0.95,0.),(0.8999999999999999,0.),(0.8999999999999999,2.075),(0.049999999999999996,2.075),(0.049999999999999996,0.)));
#1372=IFCINDEXEDPOLYCURVE(#1371,(IFCLINEINDEX((1,2,3,4,5,6,7,8,1))),$);
#1373=IFCARBITRARYCLOSEDPROFILEDEF(.AREA.,$,#1372);
#1374=IFCCARTESIANPOINT((-0.024999999999999994,0.05,0.));
#1375=IFCDIRECTION((0.,-1.,0.));
#1376=IFCDIRECTION((1.,0.,0.));
#1377=IFCAXIS2PLACEMENT3D(#1374,#1375,#1376);
#1378=IFCDIRECTION((0.,0.,-1.));
#1379=IFCEXTRUDEDAREASOLID(#1373,#1377,#1378,0.005);
#1380=IFCCARTESIANPOINTLIST2D(((0.,0.),(0.85,0.),(0.85,0.035),(0.,0.035)));
#1381=IFCINDEXEDPOLYCURVE(#1380,(IFCLINEINDEX((1,2,3,4,1))),$);
#1382=IFCARBITRARYCLOSEDPROFILEDEF(.AREA.,$,#1381);
#1383=IFCCARTESIANPOINT((0.025,0.025,0.025));
#1384=IFCDIRECTION((0.,0.,1.));
#1385=IFCDIRECTION((1.,0.,0.));
#1386=IFCAXIS2PLACEMENT3D(#1383,#1384,#1385);
#1387=IFCDIRECTION((0.,0.,1.));
#1388=IFCEXTRUDEDAREASOLID(#1382,#1386,#1387,2.0500000000000003);
#1389=IFCCARTESIANPOINTLIST2D(((0.,0.),(0.,-0.04),(-0.11999999999999988,-0.04),(-0.11999999999999988,-0.02),(-0.020000000000000018,-0.02),(-0.020000000000000018,0.)));
#1390=IFCINDEXEDPOLYCURVE(#1389,(IFCLINEINDEX((1,2,3,4,5,6,1))),$);
#1391=IFCARBITRARYCLOSEDPROFILEDEF(.AREA.,$,#1390);
#1392=IFCCARTESIANPOINT((0.825,0.025,1.015));
#1393=IFCDIRECTION((0.,0.,1.));
#1394=IFCDIRECTION((1.,0.,0.));
#1395=IFCAXIS2PLACEMENT3D(#1392,#1393,#1394);
#1396=IFCDIRECTION((0.,0.,1.));
#1397=IFCEXTRUDEDAREASOLID(#1391,#1395,#1396,0.02);
#1398=IFCEXTRUDEDAREASOLID(#1399,#1402,#1406,0.02);
#1399=IFCARBITRARYCLOSEDPROFILEDEF(.AREA.,$,#1400);
#1400=IFCINDEXEDPOLYCURVE(#1401,(IFCLINEINDEX((1,2,3,4,5,6,1))),$);
#1401=IFCCARTESIANPOINTLIST2D(((0.,0.),(0.,0.04),(-0.11999999999999988,0.04),(-0.11999999999999988,0.02000000000000001),(-0.020000000000000018,0.02000000000000001),(-0.020000000000000018,0.)));
#1402=IFCAXIS2PLACEMENT3D(#1403,#1404,#1405);
#1403=IFCCARTESIANPOINT((0.825,0.060000000000000005,1.015));
#1404=IFCDIRECTION((0.,0.,1.));
#1405=IFCDIRECTION((1.,0.,0.));
#1406=IFCDIRECTION((0.,0.,1.));
#1407=IFCSHAPEREPRESENTATION(#16,'Body','SweptSolid',(#1343,#1352,#1388,#1397,#1398,#1361,#1370,#1379));
#1408=IFCPRODUCTDEFINITIONSHAPE($,$,(#1407));
#1409=IFCCARTESIANPOINT((24.,4.,0.));
#1410=IFCDIRECTION((0.,0.,1.));
#1411=IFCDIRECTION((1.,0.,0.));
#1412=IFCAXIS2PLACEMENT3D(#1409,#1410,#1411);
#1413=IFCLOCALPLACEMENT($,#1412);
#1414=IFCRELFILLSELEMENT('3ROuXCmQz6PRsuWfnKh0rM',$,$,$,#1309,#1334);
#1415=IFCOWNERHISTORY(#5,#6,.READWRITE.,.MODIFIED.,1788884240,#5,#6,1788884240);
#1416=IFCOPENINGELEMENT('1JoJVh0LzC8QQ63sxaaZ1O',#1415,'Opening for Meeting_Room_B_Door_2',$,$,#1439,#1427,$,.OPENING.);
#1417=IFCCARTESIANPOINTLIST2D(((0.,0.),(0.,1.),(0.9,1.),(0.9,0.),(0.,0.)));
#1418=IFCINDEXEDPOLYCURVE(#1417,$,.F.);
#1419=IFCDIRECTION((0.,0.,1.));
#1420=IFCARBITRARYCLOSEDPROFILEDEF(.AREA.,$,#1418);
#1421=IFCCARTESIANPOINT((0.,0.,0.));
#1422=IFCDIRECTION((0.,0.,1.));
#1423=IFCDIRECTION((1.,0.,0.));
#1424=IFCAXIS2PLACEMENT3D(#1421,#1422,#1423);
#1425=IFCEXTRUDEDAREASOLID(#1420,#1424,#1419,2.1);
#1426=IFCSHAPEREPRESENTATION(#16,'Body','SweptSolid',(#1425));
#1427=IFCPRODUCTDEFINITIONSHAPE($,$,(#1426));
#1433=IFCOWNERHISTORY(#5,#6,.READWRITE.,.ADDED.,1788884240,#5,#6,1788884240);
#1434=IFCRELVOIDSELEMENT('0aKPXeB1H99fYBDwOX_CfT',#1433,$,$,#1253,#1416);
#1435=IFCCARTESIANPOINT((4.,-0.5,0.));
#1436=IFCDIRECTION((0.,0.,1.));
#1437=IFCDIRECTION((1.,0.,0.));
#1438=IFCAXIS2PLACEMENT3D(#1435,#1436,#1437);
#1439=IFCLOCALPLACEMENT(#1272,#1438);
#1440=IFCOWNERHISTORY(#5,#6,.READWRITE.,.MODIFIED.,1788884240,#5,#6,1788884240);
#1441=IFCDOOR('14h70xo65As8VP6AxNdtmb',#1440,'Meeting_Room_B_Door_2',$,$,#1520,#1515,$,$,$,.DOOR.,$,$);
#1442=IFCCARTESIANPOINTLIST2D(((0.,0.),(0.,2.1),(0.9,2.1),(0.9,0.),(0.875,0.),(0.875,2.075),(0.025,2.075),(0.025,0.)));
#1443=IFCINDEXEDPOLYCURVE(#1442,(IFCLINEINDEX((1,2,3,4,5,6,7,8,1))),$);
#1444=IFCARBITRARYCLOSEDPROFILEDEF(.AREA.,$,#1443);
#1445=IFCCARTESIANPOINT((0.,0.025,0.));
#1446=IFCDIRECTION((0.,-1.,0.));
#1447=IFCDIRECTION((1.,0.,0.));
#1448=IFCAXIS2PLACEMENT3D(#1445,#1446,#1447);
#1449=IFCDIRECTION((0.,0.,-1.));
#1450=IFCEXTRUDEDAREASOLID(#1444,#1448,#1449,0.025);
#1451=IFCCARTESIANPOINTLIST2D(((0.,0.),(0.,2.1),(0.9,2.1),(0.9,0.),(0.85,0.),(0.85,2.0500000000000003),(0.05,2.0500000000000003),(0.05,0.)));
#1452=IFCINDEXEDPOLYCURVE(#1451,(IFCLINEINDEX((1,2,3,4,5,6,7,8,1))),$);
#1453=IFCARBITRARYCLOSEDPROFILEDEF(.AREA.,$,#1452);
#1454=IFCCARTESIANPOINT((0.,0.,0.));
#1455=IFCDIRECTION((0.,-1.,0.));
#1456=IFCDIRECTION((1.,0.,0.));
#1457=IFCAXIS2PLACEMENT3D(#1454,#1455,#1456);
#1458=IFCDIRECTION((0.,0.,-1.));
#1459=IFCEXTRUDEDAREASOLID(#1453,#1457,#1458,0.025);
#1460=IFCCARTESIANPOINTLIST2D(((0.,0.),(0.8,0.),(0.8,0.1),(0.,0.1)));
#1461=IFCINDEXEDPOLYCURVE(#1460,(IFCLINEINDEX((1,2,3,4,1))),$);
#1462=IFCARBITRARYCLOSEDPROFILEDEF(.AREA.,$,#1461);
#1463=IFCCARTESIANPOINT((0.05,0.,0.));
#1464=IFCDIRECTION((0.,0.,1.));
#1465=IFCDIRECTION((1.,0.,0.));
#1466=IFCAXIS2PLACEMENT3D(#1463,#1464,#1465);
#1467=IFCDIRECTION((0.,0.,1.));
#1468=IFCEXTRUDEDAREASOLID(#1462,#1466,#1467,0.025);
#1469=IFCCARTESIANPOINTLIST2D(((0.,0.),(0.,2.125),(0.95,2.125),(0.95,0.),(0.875,0.),(0.875,2.05),(0.075,2.05),(0.075,0.)));
#1470=IFCINDEXEDPOLYCURVE(#1469,(IFCLINEINDEX((1,2,3,4,5,6,7,8,1))),$);
#1471=IFCARBITRARYCLOSEDPROFILEDEF(.AREA.,$,#1470);
#1472=IFCCARTESIANPOINT((-0.024999999999999994,-0.005,0.));
#1473=IFCDIRECTION((0.,-1.,0.));
#1474=IFCDIRECTION((1.,0.,0.));
#1475=IFCAXIS2PLACEMENT3D(#1472,#1473,#1474);
#1476=IFCDIRECTION((0.,0.,-1.));
#1477=IFCEXTRUDEDAREASOLID(#1471,#1475,#1476,0.005);
#1478=IFCCARTESIANPOINTLIST2D(((0.,0.),(0.,2.125),(0.95,2.125),(0.95,0.),(0.8999999999999999,0.),(0.8999999999999999,2.075),(0.049999999999999996,2.075),(0.049999999999999996,0.)));
#1479=IFCINDEXEDPOLYCURVE(#1478,(IFCLINEINDEX((1,2,3,4,5,6,7,8,1))),$);
#1480=IFCARBITRARYCLOSEDPROFILEDEF(.AREA.,$,#1479);
#1481=IFCCARTESIANPOINT((-0.024999999999999994,0.05,0.));
#1482=IFCDIRECTION((0.,-1.,0.));
#1483=IFCDIRECTION((1.,0.,0.));
#1484=IFCAXIS2PLACEMENT3D(#1481,#1482,#1483);
#1485=IFCDIRECTION((0.,0.,-1.));
#1486=IFCEXTRUDEDAREASOLID(#1480,#1484,#1485,0.005);
#1487=IFCCARTESIANPOINTLIST2D(((0.,0.),(0.85,0.),(0.85,0.035),(0.,0.035)));
#1488=IFCINDEXEDPOLYCURVE(#1487,(IFCLINEINDEX((1,2,3,4,1))),$);
#1489=IFCARBITRARYCLOSEDPROFILEDEF(.AREA.,$,#1488);
#1490=IFCCARTESIANPOINT((0.025,0.025,0.025));
#1491=IFCDIRECTION((0.,0.,1.));
#1492=IFCDIRECTION((1.,0.,0.));
#1493=IFCAXIS2PLACEMENT3D(#1490,#1491,#1492);
#1494=IFCDIRECTION((0.,0.,1.));
#1495=IFCEXTRUDEDAREASOLID(#1489,#1493,#1494,2.0500000000000003);
#1496=IFCCARTESIANPOINTLIST2D(((0.,0.),(0.,-0.04),(-0.11999999999999988,-0.04),(-0.11999999999999988,-0.02),(-0.020000000000000018,-0.02),(-0.020000000000000018,0.)));
#1497=IFCINDEXEDPOLYCURVE(#1496,(IFCLINEINDEX((1,2,3,4,5,6,1))),$);
#1498=IFCARBITRARYCLOSEDPROFILEDEF(.AREA.,$,#1497);
#1499=IFCCARTESIANPOINT((0.825,0.025,1.015));
#1500=IFCDIRECTION((0.,0.,1.));
#1501=IFCDIRECTION((1.,0.,0.));
#1502=IFCAXIS2PLACEMENT3D(#1499,#1500,#1501);
#1503=IFCDIRECTION((0.,0.,1.));
#1504=IFCEXTRUDEDAREASOLID(#1498,#1502,#1503,0.02);
#1505=IFCEXTRUDEDAREASOLID(#1506,#1509,#1513,0.02);
#1506=IFCARBITRARYCLOSEDPROFILEDEF(.AREA.,$,#1507);
#1507=IFCINDEXEDPOLYCURVE(#1508,(IFCLINEINDEX((1,2,3,4,5,6,1))),$);
#1508=IFCCARTESIANPOINTLIST2D(((0.,0.),(0.,0.04),(-0.11999999999999988,0.04),(-0.11999999999999988,0.02000000000000001),(-0.020000000000000018,0.02000000000000001),(-0.020000000000000018,0.)));
#1509=IFCAXIS2PLACEMENT3D(#1510,#1511,#1512);
#1510=IFCCARTESIANPOINT((0.825,0.060000000000000005,1.015));
#1511=IFCDIRECTION((0.,0.,1.));
#1512=IFCDIRECTION((1.,0.,0.));
#1513=IFCDIRECTION((0.,0.,1.));
#1514=IFCSHAPEREPRESENTATION(#16,'Body','SweptSolid',(#1450,#1459,#1495,#1504,#1505,#1468,#1477,#1486));
#1515=IFCPRODUCTDEFINITIONSHAPE($,$,(#1514));
#1516=IFCCARTESIANPOINT((24.,8.,0.));
#1517=IFCDIRECTION((0.,0.,1.));
#1518=IFCDIRECTION((-1.,1.2246467991473532E-16,0.));
#1519=IFCAXIS2PLACEMENT3D(#1516,#1517,#1518);
#1520=IFCLOCALPLACEMENT($,#1519);
#1521=IFCRELFILLSELEMENT('3IKk5NSaH21vJvgohBHydS',$,$,$,#1416,#1441);
#1522=IFCOWNERHISTORY(#5,#6,.READWRITE.,.MODIFIED.,1788884240,#5,#6,1788884240);
#1523=IFCOPENINGELEMENT('1e1LnYtC1DJQ_xtIDgwYKt',#1522,'Opening for Meeting_Room_B_Window_1',$,$,#1546,#1534,$,.OPENING.);
#1524=IFCCARTESIANPOINTLIST2D(((0.,0.),(0.,1.),(1.8,1.),(1.8,0.),(0.,0.)));
#1525=IFCINDEXEDPOLYCURVE(#1524,$,.F.);
#1526=IFCDIRECTION((0.,0.,1.));
#1527=IFCARBITRARYCLOSEDPROFILEDEF(.AREA.,$,#1525);
#1528=IFCCARTESIANPOINT((0.,0.,0.));
#1529=IFCDIRECTION((0.,0.,1.));
#1530=IFCDIRECTION((1.,0.,0.));
#1531=IFCAXIS2PLACEMENT3D(#1528,#1529,#1530);
#1532=IFCEXTRUDEDAREASOLID(#1527,#1531,#1526,1.5);
#1533=IFCSHAPEREPRESENTATION(#16,'Body','SweptSolid',(#1532));
#1534=IFCPRODUCTDEFINITIONSHAPE($,$,(#1533));
#1540=IFCOWNERHISTORY(#5,#6,.READWRITE.,.ADDED.,1788884240,#5,#6,1788884240);
#1541=IFCRELVOIDSELEMENT('3Hm2l2eCH1PRGh6f9MjZm5',#1540,$,$,#1232,#1523);
#1542=IFCCARTESIANPOINT((1.9000000000000004,-0.5,0.9));
#1543=IFCDIRECTION((0.,0.,1.));
#1544=IFCDIRECTION((1.,0.,0.));
#1545=IFCAXIS2PLACEMENT3D(#1542,#1543,#1544);
#1546=IFCLOCALPLACEMENT(#1251,#1545);
#1547=IFCOWNERHISTORY(#5,#6,.READWRITE.,.MODIFIED.,1788884240,#5,#6,1788884240);
#1548=IFCWINDOW('2q5udbIpb7mP34bUPEd74o',#1547,'Meeting_Room_B_Window_1',$,$,#1597,#1592,$,$,$,.WINDOW.,$,$);
#1549=IFCCARTESIANPOINTLIST2D(((0.,0.),(1.8,0.),(1.8,1.5),(0.,1.5)));
#1550=IFCINDEXEDPOLYCURVE(#1549,(IFCLINEINDEX((1,2,3,4,1))),$);
#1551=IFCCARTESIANPOINTLIST2D(((0.025,0.025),(1.775,0.025),(1.775,1.4749999999999999),(0.025,1.4749999999999999)));
#1552=IFCINDEXEDPOLYCURVE(#1551,(IFCLINEINDEX((1,2,3,4,1))),$);
#1553=IFCARBITRARYPROFILEDEFWITHVOIDS(.AREA.,$,#1550,(#1552));
#1554=IFCCARTESIANPOINT((0.,0.09,0.));
#1555=IFCDIRECTION((0.,-1.,0.));
#1556=IFCDIRECTION((1.,0.,0.));
#1557=IFCAXIS2PLACEMENT3D(#1554,#1555,#1556);
#1558=IFCDIRECTION((0.,0.,-1.));
#1559=IFCEXTRUDEDAREASOLID(#1553,#1557,#1558,0.010000000000000002);
#1560=IFCCARTESIANPOINTLIST2D(((0.,0.),(1.8,0.),(1.8,1.5),(0.,1.5)));
#1561=IFCINDEXEDPOLYCURVE(#1560,(IFCLINEINDEX((1,2,3,4,1))),$);
#1562=IFCCARTESIANPOINTLIST2D(((0.05,0.05),(1.75,0.05),(1.75,1.45),(0.05,1.45)));
#1563=IFCINDEXEDPOLYCURVE(#1562,(IFCLINEINDEX((1,2,3,4,1))),$);
#1564=IFCARBITRARYPROFILEDEFWITHVOIDS(.AREA.,$,#1561,(#1563));
#1565=IFCCARTESIANPOINT((0.,0.05,0.));
#1566=IFCDIRECTION((0.,-1.,0.));
#1567=IFCDIRECTION((1.,0.,0.));
#1568=IFCAXIS2PLACEMENT3D(#1565,#1566,#1567);
#1569=IFCDIRECTION((0.,0.,-1.));
#1570=IFCEXTRUDEDAREASOLID(#1564,#1568,#1569,0.04);
#1571=IFCCARTESIANPOINTLIST2D(((0.,0.),(1.75,0.),(1.75,1.45),(0.,1.45)));
#1572=IFCINDEXEDPOLYCURVE(#1571,(IFCLINEINDEX((1,2,3,4,1))),$);
#1573=IFCCARTESIANPOINTLIST2D(((0.035,0.035),(1.7149999999999999,0.035),(1.7149999999999999,1.4149999999999998),(0.035,1.4149999999999998)));
#1574=IFCINDEXEDPOLYCURVE(#1573,(IFCLINEINDEX((1,2,3,4,1))),$);
#1575=IFCARBITRARYPROFILEDEFWITHVOIDS(.AREA.,$,#1572,(#1574));
#1576=IFCCARTESIANPOINT((0.025,0.09,0.025));
#1577=IFCDIRECTION((0.,-1.,0.));
#1578=IFCDIRECTION((1.,0.,0.));
#1579=IFCAXIS2PLACEMENT3D(#1576,#1577,#1578);
#1580=IFCDIRECTION((0.,0.,-1.));
#1581=IFCEXTRUDEDAREASOLID(#1575,#1579,#1580,0.035);
#1582=IFCINDEXEDPOLYCURVE(#1583,(IFCLINEINDEX((1,2,3,4,1))),$);
#1583=IFCCARTESIANPOINTLIST2D(((0.035,0.035),(1.7149999999999999,0.035),(1.7149999999999999,1.4149999999999998),(0.035,1.4149999999999998)));
#1584=IFCARBITRARYCLOSEDPROFILEDEF(.AREA.,$,#1582);
#1585=IFCCARTESIANPOINT((0.025,0.10250000000000001,0.025));
#1586=IFCDIRECTION((0.,-1.,0.));
#1587=IFCDIRECTION((1.,0.,0.));
#1588=IFCAXIS2PLACEMENT3D(#1585,#1586,#1587);
#1589=IFCDIRECTION((0.,0.,-1.));
#1590=IFCEXTRUDEDAREASOLID(#1584,#1588,#1589,0.01);
#1591=IFCSHAPEREPRESENTATION(#16,'Body','SweptSolid',(#1559,#1570,#1581,#1590));
#1592=IFCPRODUCTDEFINITIONSHAPE($,$,(#1591));
#1593=IFCCARTESIANPOINT((28.,5.9,0.9));
#1594=IFCDIRECTION((0.,0.,1.));
#1595=IFCDIRECTION((6.123233995736766E-17,1.,0.));
#1596=IFCAXIS2PLACEMENT3D(#1593,#1594,#1595);
#1597=IFCLOCALPLACEMENT($,#1596);
#1598=IFCRELFILLSELEMENT('32nXjhX_z2z9q86EWBdrFw',$,$,$,#1523,#1548);
#1599=IFCOWNERHISTORY(#5,#6,.READWRITE.,.MODIFIED.,1788884240,#5,#6,1788884240);
#1600=IFCWALL('2HojOTEuH8kQFSLY9gc13V',#1599,'Corridor_Wall_South',$,$,#1619,#1611,$,$);
#1601=IFCCARTESIANPOINTLIST2D(((0.,0.),(0.,0.2),(28.,0.2),(28.,0.),(0.,0.)));
#1602=IFCINDEXEDPOLYCURVE(#1601,$,.F.);
#1603=IFCDIRECTION((0.,0.,1.));
#1604=IFCARBITRARYCLOSEDPROFILEDEF(.AREA.,$,#1602);
#1605=IFCCARTESIANPOINT((0.,-0.1,0.));
#1606=IFCDIRECTION((0.,0.,1.));
#1607=IFCDIRECTION((1.,0.,0.));
#1608=IFCAXIS2PLACEMENT3D(#1605,#1606,#1607);
#1609=IFCEXTRUDEDAREASOLID(#1604,#1608,#1603,3.2);
#1610=IFCSHAPEREPRESENTATION(#16,'Body','SweptSolid',(#1609));
#1611=IFCPRODUCTDEFINITIONSHAPE($,$,(#1610,#1614));
#1612=IFCCARTESIANPOINTLIST2D(((0.,0.),(28.,0.)));
#1613=IFCINDEXEDPOLYCURVE(#1612,$,.F.);
#1614=IFCSHAPEREPRESENTATION(#17,'Axis','Curve2D',(#1613));
#1615=IFCCARTESIANPOINT((0.,8.,0.));
#1616=IFCDIRECTION((0.,0.,1.));
#1617=IFCDIRECTION((1.,0.,0.));
#1618=IFCAXIS2PLACEMENT3D(#1615,#1616,#1617);
#1619=IFCLOCALPLACEMENT($,#1618);
#1620=IFCOWNERHISTORY(#5,#6,.READWRITE.,.MODIFIED.,1788884240,#5,#6,1788884240);
#1621=IFCWALL('0Hb9D6Al153Ogq3bw3cxbt',#1620,'Corridor_Wall_East',$,$,#1640,#1632,$,$);
#1622=IFCCARTESIANPOINTLIST2D(((0.,0.),(0.,0.2),(2.,0.2),(2.,0.),(0.,0.)));
#1623=IFCINDEXEDPOLYCURVE(#1622,$,.F.);
#1624=IFCDIRECTION((0.,0.,1.));
#1625=IFCARBITRARYCLOSEDPROFILEDEF(.AREA.,$,#1623);
#1626=IFCCARTESIANPOINT((0.,-0.1,0.));
#1627=IFCDIRECTION((0.,0.,1.));
#1628=IFCDIRECTION((1.,0.,0.));
#1629=IFCAXIS2PLACEMENT3D(#1626,#1627,#1628);
#1630=IFCEXTRUDEDAREASOLID(#1625,#1629,#1624,3.2);
#1631=IFCSHAPEREPRESENTATION(#16,'Body','SweptSolid',(#1630));
#1632=IFCPRODUCTDEFINITIONSHAPE($,$,(#1631,#1635));
#1633=IFCCARTESIANPOINTLIST2D(((0.,0.),(2.,0.)));
#1634=IFCINDEXEDPOLYCURVE(#1633,$,.F.);
#1635=IFCSHAPEREPRESENTATION(#17,'Axis','Curve2D',(#1634));
#1636=IFCCARTESIANPOINT((28.,8.,0.));
#1637=IFCDIRECTION((0.,0.,1.));
#1638=IFCDIRECTION((6.123233995736766E-17,1.,0.));
#1639=IFCAXIS2PLACEMENT3D(#1636,#1637,#1638);
#1640=IFCLOCALPLACEMENT($,#1639);
#1641=IFCOWNERHISTORY(#5,#6,.READWRITE.,.MODIFIED.,1788884240,#5,#6,1788884240);
#1642=IFCWALL('2XnKYODGj1uBk2DTY1dTKe',#1641,'Corridor_Wall_North',$,$,#1661,#1653,$,$);
#1643=IFCCARTESIANPOINTLIST2D(((0.,0.),(0.,0.2),(28.,0.2),(28.,0.),(0.,0.)));
#1644=IFCINDEXEDPOLYCURVE(#1643,$,.F.);
#1645=IFCDIRECTION((0.,0.,1.));
#1646=IFCARBITRARYCLOSEDPROFILEDEF(.AREA.,$,#1644);
#1647=IFCCARTESIANPOINT((0.,-0.1,0.));
#1648=IFCDIRECTION((0.,0.,1.));
#1649=IFCDIRECTION((1.,0.,0.));
#1650=IFCAXIS2PLACEMENT3D(#1647,#1648,#1649);
#1651=IFCEXTRUDEDAREASOLID(#1646,#1650,#1645,3.2);
#1652=IFCSHAPEREPRESENTATION(#16,'Body','SweptSolid',(#1651));
#1653=IFCPRODUCTDEFINITIONSHAPE($,$,(#1652,#1656));
#1654=IFCCARTESIANPOINTLIST2D(((0.,0.),(28.,0.)));
#1655=IFCINDEXEDPOLYCURVE(#1654,$,.F.);
#1656=IFCSHAPEREPRESENTATION(#17,'Axis','Curve2D',(#1655));
#1657=IFCCARTESIANPOINT((28.,10.,0.));
#1658=IFCDIRECTION((0.,0.,1.));
#1659=IFCDIRECTION((-1.,1.2246467991473532E-16,0.));
#1660=IFCAXIS2PLACEMENT3D(#1657,#1658,#1659);
#1661=IFCLOCALPLACEMENT($,#1660);
#1662=IFCOWNERHISTORY(#5,#6,.READWRITE.,.MODIFIED.,1788884240,#5,#6,1788884240);
#1663=IFCWALL('3BDL37AlDCyfhyAA7QSkw4',#1662,'Corridor_Wall_West',$,$,#1682,#1674,$,$);
#1664=IFCCARTESIANPOINTLIST2D(((0.,0.),(0.,0.2),(2.,0.2),(2.,0.),(0.,0.)));
#1665=IFCINDEXEDPOLYCURVE(#1664,$,.F.);
#1666=IFCDIRECTION((0.,0.,1.));
#1667=IFCARBITRARYCLOSEDPROFILEDEF(.AREA.,$,#1665);
#1668=IFCCARTESIANPOINT((0.,-0.1,0.));
#1669=IFCDIRECTION((0.,0.,1.));
#1670=IFCDIRECTION((1.,0.,0.));
#1671=IFCAXIS2PLACEMENT3D(#1668,#1669,#1670);
#1672=IFCEXTRUDEDAREASOLID(#1667,#1671,#1666,3.2);
#1673=IFCSHAPEREPRESENTATION(#16,'Body','SweptSolid',(#1672));
#1674=IFCPRODUCTDEFINITIONSHAPE($,$,(#1673,#1677));
#1675=IFCCARTESIANPOINTLIST2D(((0.,0.),(2.,0.)));
#1676=IFCINDEXEDPOLYCURVE(#1675,$,.F.);
#1677=IFCSHAPEREPRESENTATION(#17,'Axis','Curve2D',(#1676));
#1678=IFCCARTESIANPOINT((0.,10.,0.));
#1679=IFCDIRECTION((0.,0.,1.));
#1680=IFCDIRECTION((-1.8369701987210297E-16,-1.,0.));
#1681=IFCAXIS2PLACEMENT3D(#1678,#1679,#1680);
#1682=IFCLOCALPLACEMENT($,#1681);
#1683=IFCOWNERHISTORY(#5,#6,.READWRITE.,.MODIFIED.,1788884241,#5,#6,1788884241);
#1684=IFCSLAB('1R_5RJumHCZPIbyUWuwEZd',#1683,'Corridor_Floor',$,$,#1696,#1691,$,$);
#1685=IFCCARTESIANPOINTLIST2D(((0.,0.),(28.,0.),(28.,2.),(0.,2.)));
#1686=IFCINDEXEDPOLYCURVE(#1685,$,$);
#1687=IFCDIRECTION((0.,0.,1.));
#1688=IFCARBITRARYCLOSEDPROFILEDEF(.AREA.,$,#1686);
#1689=IFCEXTRUDEDAREASOLID(#1688,$,#1687,0.2);
#1690=IFCSHAPEREPRESENTATION(#16,'Body','SweptSolid',(#1689));
#1691=IFCPRODUCTDEFINITIONSHAPE($,$,(#1690));
#1692=IFCCARTESIANPOINT((0.,8.,0.));
#1693=IFCDIRECTION((0.,0.,1.));
#1694=IFCDIRECTION((1.,0.,0.));
#1695=IFCAXIS2PLACEMENT3D(#1692,#1693,#1694);
#1696=IFCLOCALPLACEMENT($,#1695);
#1697=IFCOWNERHISTORY(#5,#6,.READWRITE.,.MODIFIED.,1788884241,#5,#6,1788884241);
#1698=IFCOPENINGELEMENT('2XB3AZ_q58xP8MrPFkEPR5',#1697,'Opening for Corridor_Door_1',$,$,#1721,#1709,$,.OPENING.);
#1699=IFCCARTESIANPOINTLIST2D(((0.,0.),(0.,1.),(0.9,1.),(0.9,0.),(0.,0.)));
#1700=IFCINDEXEDPOLYCURVE(#1699,$,.F.);
#1701=IFCDIRECTION((0.,0.,1.));
#1702=IFCARBITRARYCLOSEDPROFILEDEF(.AREA.,$,#1700);
#1703=IFCCARTESIANPOINT((0.,0.,0.));
#1704=IFCDIRECTION((0.,0.,1.));
#1705=IFCDIRECTION((1.,0.,0.));
#1706=IFCAXIS2PLACEMENT3D(#1703,#1704,#1705);
#1707=IFCEXTRUDEDAREASOLID(#1702,#1706,#1701,2.1);
#1708=IFCSHAPEREPRESENTATION(#16,'Body','SweptSolid',(#1707));
#1709=IFCPRODUCTDEFINITIONSHAPE($,$,(#1708));
#1715=IFCOWNERHISTORY(#5,#6,.READWRITE.,.ADDED.,1788884241,#5,#6,1788884241);
#1716=IFCRELVOIDSELEMENT('0zJD8$TOP6gBK1IHJUcIp4',#1715,$,$,#1600,#1698);
#1717=IFCCARTESIANPOINT((4.45,-0.5,0.));
#1718=IFCDIRECTION((0.,0.,1.));
#1719=IFCDIRECTION((1.,0.,0.));
#1720=IFCAXIS2PLACEMENT3D(#1717,#1718,#1719);
#1721=IFCLOCALPLACEMENT(#1619,#1720);
#1722=IFCOWNERHISTORY(#5,#6,.READWRITE.,.MODIFIED.,1788884241,#5,#6,1788884241);
#1723=IFCDOOR('0Z0ZallRD2iwro9zBU30GG',#1722,'Corridor_Door_1',$,$,#1802,#1797,$,$,$,.DOOR.,$,$);
#1724=IFCCARTESIANPOINTLIST2D(((0.,0.),(0.,2.1),(0.9,2.1),(0.9,0.),(0.875,0.),(0.875,2.075),(0.025,2.075),(0.025,0.)));
#1725=IFCINDEXEDPOLYCURVE(#1724,(IFCLINEINDEX((1,2,3,4,5,6,7,8,1))),$);
#1726=IFCARBITRARYCLOSEDPROFILEDEF(.AREA.,$,#1725);
#1727=IFCCARTESIANPOINT((0.,0.025,0.));
#1728=IFCDIRECTION((0.,-1.,0.));
#1729=IFCDIRECTION((1.,0.,0.));
#1730=IFCAXIS2PLACEMENT3D(#1727,#1728,#1729);
#1731=IFCDIRECTION((0.,0.,-1.));
#1732=IFCEXTRUDEDAREASOLID(#1726,#1730,#1731,0.025);
#1733=IFCCARTESIANPOINTLIST2D(((0.,0.),(0.,2.1),(0.9,2.1),(0.9,0.),(0.85,0.),(0.85,2.0500000000000003),(0.05,2.0500000000000003),(0.05,0.)));
#1734=IFCINDEXEDPOLYCURVE(#1733,(IFCLINEINDEX((1,2,3,4,5,6,7,8,1))),$);
#1735=IFCARBITRARYCLOSEDPROFILEDEF(.AREA.,$,#1734);
#1736=IFCCARTESIANPOINT((0.,0.,0.));
#1737=IFCDIRECTION((0.,-1.,0.));
#1738=IFCDIRECTION((1.,0.,0.));
#1739=IFCAXIS2PLACEMENT3D(#1736,#1737,#1738);
#1740=IFCDIRECTION((0.,0.,-1.));
#1741=IFCEXTRUDEDAREASOLID(#1735,#1739,#1740,0.025);
#1742=IFCCARTESIANPOINTLIST2D(((0.,0.),(0.8,0.),(0.8,0.1),(0.,0.1)));
#1743=IFCINDEXEDPOLYCURVE(#1742,(IFCLINEINDEX((1,2,3,4,1))),$);
#1744=IFCARBITRARYCLOSEDPROFILEDEF(.AREA.,$,#1743);
#1745=IFCCARTESIANPOINT((0.05,0.,0.));
#1746=IFCDIRECTION((0.,0.,1.));
#1747=IFCDIRECTION((1.,0.,0.));
#1748=IFCAXIS2PLACEMENT3D(#1745,#1746,#1747);
#1749=IFCDIRECTION((0.,0.,1.));
#1750=IFCEXTRUDEDAREASOLID(#1744,#1748,#1749,0.025);
#1751=IFCCARTESIANPOINTLIST2D(((0.,0.),(0.,2.125),(0.95,2.125),(0.95,0.),(0.875,0.),(0.875,2.05),(0.075,2.05),(0.075,0.)));
#1752=IFCINDEXEDPOLYCURVE(#1751,(IFCLINEINDEX((1,2,3,4,5,6,7,8,1))),$);
#1753=IFCARBITRARYCLOSEDPROFILEDEF(.AREA.,$,#1752);
#1754=IFCCARTESIANPOINT((-0.024999999999999994,-0.005,0.));
#1755=IFCDIRECTION((0.,-1.,0.));
#1756=IFCDIRECTION((1.,0.,0.));
#1757=IFCAXIS2PLACEMENT3D(#1754,#1755,#1756);
#1758=IFCDIRECTION((0.,0.,-1.));
#1759=IFCEXTRUDEDAREASOLID(#1753,#1757,#1758,0.005);
#1760=IFCCARTESIANPOINTLIST2D(((0.,0.),(0.,2.125),(0.95,2.125),(0.95,0.),(0.8999999999999999,0.),(0.8999999999999999,2.075),(0.049999999999999996,2.075),(0.049999999999999996,0.)));
#1761=IFCINDEXEDPOLYCURVE(#1760,(IFCLINEINDEX((1,2,3,4,5,6,7,8,1))),$);
#1762=IFCARBITRARYCLOSEDPROFILEDEF(.AREA.,$,#1761);
#1763=IFCCARTESIANPOINT((-0.024999999999999994,0.05,0.));
#1764=IFCDIRECTION((0.,-1.,0.));
#1765=IFCDIRECTION((1.,0.,0.));
#1766=IFCAXIS2PLACEMENT3D(#1763,#1764,#1765);
#1767=IFCDIRECTION((0.,0.,-1.));
#1768=IFCEXTRUDEDAREASOLID(#1762,#1766,#1767,0.005);
#1769=IFCCARTESIANPOINTLIST2D(((0.,0.),(0.85,0.),(0.85,0.035),(0.,0.035)));
#1770=IFCINDEXEDPOLYCURVE(#1769,(IFCLINEINDEX((1,2,3,4,1))),$);
#1771=IFCARBITRARYCLOSEDPROFILEDEF(.AREA.,$,#1770);
#1772=IFCCARTESIANPOINT((0.025,0.025,0.025));
#1773=IFCDIRECTION((0.,0.,1.));
#1774=IFCDIRECTION((1.,0.,0.));
#1775=IFCAXIS2PLACEMENT3D(#1772,#1773,#1774);
#1776=IFCDIRECTION((0.,0.,1.));
#1777=IFCEXTRUDEDAREASOLID(#1771,#1775,#1776,2.0500000000000003);
#1778=IFCCARTESIANPOINTLIST2D(((0.,0.),(0.,-0.04),(-0.11999999999999988,-0.04),(-0.11999999999999988,-0.02),(-0.020000000000000018,-0.02),(-0.020000000000000018,0.)));
#1779=IFCINDEXEDPOLYCURVE(#1778,(IFCLINEINDEX((1,2,3,4,5,6,1))),$);
#1780=IFCARBITRARYCLOSEDPROFILEDEF(.AREA.,$,#1779);
#1781=IFCCARTESIANPOINT((0.825,0.025,1.015));
#1782=IFCDIRECTION((0.,0.,1.));
#1783=IFCDIRECTION((1.,0.,0.));
#1784=IFCAXIS2PLACEMENT3D(#1781,#1782,#1783);
#1785=IFCDIRECTION((0.,0.,1.));
#1786=IFCEXTRUDEDAREASOLID(#1780,#1784,#1785,0.02);
#1787=IFCEXTRUDEDAREASOLID(#1788,#1791,#1795,0.02);
#1788=IFCARBITRARYCLOSEDPROFILEDEF(.AREA.,$,#1789);
#1789=IFCINDEXEDPOLYCURVE(#1790,(IFCLINEINDEX((1,2,3,4,5,6,1))),$);
#1790=IFCCARTESIANPOINTLIST2D(((0.,0.),(0.,0.04),(-0.11999999999999988,0.04),(-0.11999999999999988,0.02000000000000001),(-0.020000000000000018,0.02000000000000001),(-0.020000000000000018,0.)));
#1791=IFCAXIS2PLACEMENT3D(#1792,#1793,#1794);
#1792=IFCCARTESIANPOINT((0.825,0.060000000000000005,1.015));
#1793=IFCDIRECTION((0.,0.,1.));
#1794=IFCDIRECTION((1.,0.,0.));
#1795=IFCDIRECTION((0.,0.,1.));
#1796=IFCSHAPEREPRESENTATION(#16,'Body','SweptSolid',(#1732,#1741,#1777,#1786,#1787,#1750,#1759,#1768));
#1797=IFCPRODUCTDEFINITIONSHAPE($,$,(#1796));
#1798=IFCCARTESIANPOINT((4.45,8.,0.));
#1799=IFCDIRECTION((0.,0.,1.));
#1800=IFCDIRECTION((1.,0.,0.));
#1801=IFCAXIS2PLACEMENT3D(#1798,#1799,#1800);
#1802=IFCLOCALPLACEMENT($,#1801);
#1803=IFCRELFILLSELEMENT('0$rVWLi4f4JuNkrc5A5PrX',$,$,$,#1698,#1723);
#1804=IFCOWNERHISTORY(#5,#6,.READWRITE.,.MODIFIED.,1788884241,#5,#6,1788884241);
#1805=IFCOPENINGELEMENT('2ZSywUzN11BBO$pBAn6MW$',#1804,'Opening for Corridor_Door_2',$,$,#1828,#1816,$,.OPENING.);
#1806=IFCCARTESIANPOINTLIST2D(((0.,0.),(0.,1.),(0.9,1.),(0.9,0.),(0.,0.)));
#1807=IFCINDEXEDPOLYCURVE(#1806,$,.F.);
#1808=IFCDIRECTION((0.,0.,1.));
#1809=IFCARBITRARYCLOSEDPROFILEDEF(.AREA.,$,#1807);
#1810=IFCCARTESIANPOINT((0.,0.,0.));
#1811=IFCDIRECTION((0.,0.,1.));
#1812=IFCDIRECTION((1.,0.,0.));
#1813=IFCAXIS2PLACEMENT3D(#1810,#1811,#1812);
#1814=IFCEXTRUDEDAREASOLID(#1809,#1813,#1808,2.1);
#1815=IFCSHAPEREPRESENTATION(#16,'Body','SweptSolid',(#1814));
#1816=IFCPRODUCTDEFINITIONSHAPE($,$,(#1815));
#1822=IFCOWNERHISTORY(#5,#6,.READWRITE.,.ADDED.,1788884241,#5,#6,1788884241);
#1823=IFCRELVOIDSELEMENT('36M1xdTTH3AA48Ns7nmrVB',#1822,$,$,#1600,#1805);
#1824=IFCCARTESIANPOINT((14.,-0.5,0.));
#1825=IFCDIRECTION((0.,0.,1.));
#1826=IFCDIRECTION((1.,0.,0.));
#1827=IFCAXIS2PLACEMENT3D(#1824,#1825,#1826);
#1828=IFCLOCALPLACEMENT(#1619,#1827);
#1829=IFCOWNERHISTORY(#5,#6,.READWRITE.,.MODIFIED.,1788884241,#5,#6,1788884241);
#1830=IFCDOOR('34$AbAWxT2xA8C4cXtizSp',#1829,'Corridor_Door_2',$,$,#1909,#1904,$,$,$,.DOOR.,$,$);
#1831=IFCCARTESIANPOINTLIST2D(((0.,0.),(0.,2.1),(0.9,2.1),(0.9,0.),(0.875,0.),(0.875,2.075),(0.025,2.075),(0.025,0.)));
#1832=IFCINDEXEDPOLYCURVE(#1831,(IFCLINEINDEX((1,2,3,4,5,6,7,8,1))),$);
#1833=IFCARBITRARYCLOSEDPROFILEDEF(.AREA.,$,#1832);
#1834=IFCCARTESIANPOINT((0.,0.025,0.));
#1835=IFCDIRECTION((0.,-1.,0.));
#1836=IFCDIRECTION((1.,0.,0.));
#1837=IFCAXIS2PLACEMENT3D(#1834,#1835,#1836);
#1838=IFCDIRECTION((0.,0.,-1.));
#1839=IFCEXTRUDEDAREASOLID(#1833,#1837,#1838,0.025);
#1840=IFCCARTESIANPOINTLIST2D(((0.,0.),(0.,2.1),(0.9,2.1),(0.9,0.),(0.85,0.),(0.85,2.0500000000000003),(0.05,2.0500000000000003),(0.05,0.)));
#1841=IFCINDEXEDPOLYCURVE(#1840,(IFCLINEINDEX((1,2,3,4,5,6,7,8,1))),$);
#1842=IFCARBITRARYCLOSEDPROFILEDEF(.AREA.,$,#1841);
#1843=IFCCARTESIANPOINT((0.,0.,0.));
#1844=IFCDIRECTION((0.,-1.,0.));
#1845=IFCDIRECTION((1.,0.,0.));
#1846=IFCAXIS2PLACEMENT3D(#1843,#1844,#1845);
#1847=IFCDIRECTION((0.,0.,-1.));
#1848=IFCEXTRUDEDAREASOLID(#1842,#1846,#1847,0.025);
#1849=IFCCARTESIANPOINTLIST2D(((0.,0.),(0.8,0.),(0.8,0.1),(0.,0.1)));
#1850=IFCINDEXEDPOLYCURVE(#1849,(IFCLINEINDEX((1,2,3,4,1))),$);
#1851=IFCARBITRARYCLOSEDPROFILEDEF(.AREA.,$,#1850);
#1852=IFCCARTESIANPOINT((0.05,0.,0.));
#1853=IFCDIRECTION((0.,0.,1.));
#1854=IFCDIRECTION((1.,0.,0.));
#1855=IFCAXIS2PLACEMENT3D(#1852,#1853,#1854);
#1856=IFCDIRECTION((0.,0.,1.));
#1857=IFCEXTRUDEDAREASOLID(#1851,#1855,#1856,0.025);
#1858=IFCCARTESIANPOINTLIST2D(((0.,0.),(0.,2.125),(0.95,2.125),(0.95,0.),(0.875,0.),(0.875,2.05),(0.075,2.05),(0.075,0.)));
#1859=IFCINDEXEDPOLYCURVE(#1858,(IFCLINEINDEX((1,2,3,4,5,6,7,8,1))),$);
#1860=IFCARBITRARYCLOSEDPROFILEDEF(.AREA.,$,#1859);
#1861=IFCCARTESIANPOINT((-0.024999999999999994,-0.005,0.));
#1862=IFCDIRECTION((0.,-1.,0.));
#1863=IFCDIRECTION((1.,0.,0.));
#1864=IFCAXIS2PLACEMENT3D(#1861,#1862,#1863);
#1865=IFCDIRECTION((0.,0.,-1.));
#1866=IFCEXTRUDEDAREASOLID(#1860,#1864,#1865,0.005);
#1867=IFCCARTESIANPOINTLIST2D(((0.,0.),(0.,2.125),(0.95,2.125),(0.95,0.),(0.8999999999999999,0.),(0.8999999999999999,2.075),(0.049999999999999996,2.075),(0.049999999999999996,0.)));
#1868=IFCINDEXEDPOLYCURVE(#1867,(IFCLINEINDEX((1,2,3,4,5,6,7,8,1))),$);
#1869=IFCARBITRARYCLOSEDPROFILEDEF(.AREA.,$,#1868);
#1870=IFCCARTESIANPOINT((-0.024999999999999994,0.05,0.));
#1871=IFCDIRECTION((0.,-1.,0.));
#1872=IFCDIRECTION((1.,0.,0.));
#1873=IFCAXIS2PLACEMENT3D(#1870,#1871,#1872);
#1874=IFCDIRECTION((0.,0.,-1.));
#1875=IFCEXTRUDEDAREASOLID(#1869,#1873,#1874,0.005);
#1876=IFCCARTESIANPOINTLIST2D(((0.,0.),(0.85,0.),(0.85,0.035),(0.,0.035)));
#1877=IFCINDEXEDPOLYCURVE(#1876,(IFCLINEINDEX((1,2,3,4,1))),$);
#1878=IFCARBITRARYCLOSEDPROFILEDEF(.AREA.,$,#1877);
#1879=IFCCARTESIANPOINT((0.025,0.025,0.025));
#1880=IFCDIRECTION((0.,0.,1.));
#1881=IFCDIRECTION((1.,0.,0.));
#1882=IFCAXIS2PLACEMENT3D(#1879,#1880,#1881);
#1883=IFCDIRECTION((0.,0.,1.));
#1884=IFCEXTRUDEDAREASOLID(#1878,#1882,#1883,2.0500000000000003);
#1885=IFCCARTESIANPOINTLIST2D(((0.,0.),(0.,-0.04),(-0.11999999999999988,-0.04),(-0.11999999999999988,-0.02),(-0.020000000000000018,-0.02),(-0.020000000000000018,0.)));
#1886=IFCINDEXEDPOLYCURVE(#1885,(IFCLINEINDEX((1,2,3,4,5,6,1))),$);
#1887=IFCARBITRARYCLOSEDPROFILEDEF(.AREA.,$,#1886);
#1888=IFCCARTESIANPOINT((0.825,0.025,1.015));
#1889=IFCDIRECTION((0.,0.,1.));
#1890=IFCDIRECTION((1.,0.,0.));
#1891=IFCAXIS2PLACEMENT3D(#1888,#1889,#1890);
#1892=IFCDIRECTION((0.,0.,1.));
#1893=IFCEXTRUDEDAREASOLID(#1887,#1891,#1892,0.02);
#1894=IFCEXTRUDEDAREASOLID(#1895,#1898,#1902,0.02);
#1895=IFCARBITRARYCLOSEDPROFILEDEF(.AREA.,$,#1896);
#1896=IFCINDEXEDPOLYCURVE(#1897,(IFCLINEINDEX((1,2,3,4,5,6,1))),$);
#1897=IFCCARTESIANPOINTLIST2D(((0.,0.),(0.,0.04),(-0.11999999999999988,0.04),(-0.11999999999999988,0.02000000000000001),(-0.020000000000000018,0.02000000000000001),(-0.020000000000000018,0.)));
#1898=IFCAXIS2PLACEMENT3D(#1899,#1900,#1901);
#1899=IFCCARTESIANPOINT((0.825,0.060000000000000005,1.015));
#1900=IFCDIRECTION((0.,0.,1.));
#1901=IFCDIRECTION((1.,0.,0.));
#1902=IFCDIRECTION((0.,0.,1.));
#1903=IFCSHAPEREPRESENTATION(#16,'Body','SweptSolid',(#1839,#1848,#1884,#1893,#1894,#1857,#1866,#1875));
#1904=IFCPRODUCTDEFINITIONSHAPE($,$,(#1903));
#1905=IFCCARTESIANPOINT((14.,8.,0.));
#1906=IFCDIRECTION((0.,0.,1.));
#1907=IFCDIRECTION((1.,0.,0.));
#1908=IFCAXIS2PLACEMENT3D(#1905,#1906,#1907);
#1909=IFCLOCALPLACEMENT($,#1908);
#1910=IFCRELFILLSELEMENT('3W_SSiKYv7fhsRLl3A9qxJ',$,$,$,#1805,#1830);
#1911=IFCOWNERHISTORY(#5,#6,.READWRITE.,.MODIFIED.,1788884241,#5,#6,1788884241);
#1912=IFCOPENINGELEMENT('3QZ3UZAVDFbvT_D2xAgBr6',#1911,'Opening for Corridor_Door_3',$,$,#1935,#1923,$,.OPENING.);
#1913=IFCCARTESIANPOINTLIST2D(((0.,0.),(0.,1.),(0.9,1.),(0.9,0.),(0.,0.)));
#1914=IFCINDEXEDPOLYCURVE(#1913,$,.F.);
#1915=IFCDIRECTION((0.,0.,1.));
#1916=IFCARBITRARYCLOSEDPROFILEDEF(.AREA.,$,#1914);
#1917=IFCCARTESIANPOINT((0.,0.,0.));
#1918=IFCDIRECTION((0.,0.,1.));
#1919=IFCDIRECTION((1.,0.,0.));
#1920=IFCAXIS2PLACEMENT3D(#1917,#1918,#1919);
#1921=IFCEXTRUDEDAREASOLID(#1916,#1920,#1915,2.1);
#1922=IFCSHAPEREPRESENTATION(#16,'Body','SweptSolid',(#1921));
#1923=IFCPRODUCTDEFINITIONSHAPE($,$,(#1922));
#1929=IFCOWNERHISTORY(#5,#6,.READWRITE.,.ADDED.,1788884241,#5,#6,1788884241);
#1930=IFCRELVOIDSELEMENT('3HNfZ7ThP4qA$PHMzPL8vj',#1929,$,$,#1600,#1912);
#1931=IFCCARTESIANPOINT((24.,-0.5,0.));
#1932=IFCDIRECTION((0.,0.,1.));
#1933=IFCDIRECTION((1.,0.,0.));
#1934=IFCAXIS2PLACEMENT3D(#1931,#1932,#1933);
#1935=IFCLOCALPLACEMENT(#1619,#1934);
#1936=IFCOWNERHISTORY(#5,#6,.READWRITE.,.MODIFIED.,1788884241,#5,#6,1788884241);
#1937=IFCDOOR('1F2HtFGbLF9fkfpqok8P3c',#1936,'Corridor_Door_3',$,$,#2016,#2011,$,$,$,.DOOR.,$,$);
#1938=IFCCARTESIANPOINTLIST2D(((0.,0.),(0.,2.1),(0.9,2.1),(0.9,0.),(0.875,0.),(0.875,2.075),(0.025,2.075),(0.025,0.)));
#1939=IFCINDEXEDPOLYCURVE(#1938,(IFCLINEINDEX((1,2,3,4,5,6,7,8,1))),$);
#1940=IFCARBITRARYCLOSEDPROFILEDEF(.AREA.,$,#1939);
#1941=IFCCARTESIANPOINT((0.,0.025,0.));
#1942=IFCDIRECTION((0.,-1.,0.));
#1943=IFCDIRECTION((1.,0.,0.));
#1944=IFCAXIS2PLACEMENT3D(#1941,#1942,#1943);
#1945=IFCDIRECTION((0.,0.,-1.));
#1946=IFCEXTRUDEDAREASOLID(#1940,#1944,#1945,0.025);
#1947=IFCCARTESIANPOINTLIST2D(((0.,0.),(0.,2.1),(0.9,2.1),(0.9,0.),(0.85,0.),(0.85,2.0500000000000003),(0.05,2.0500000000000003),(0.05,0.)));
#1948=IFCINDEXEDPOLYCURVE(#1947,(IFCLINEINDEX((1,2,3,4,5,6,7,8,1))),$);
#1949=IFCARBITRARYCLOSEDPROFILEDEF(.AREA.,$,#1948);
#1950=IFCCARTESIANPOINT((0.,0.,0.));
#1951=IFCDIRECTION((0.,-1.,0.));
#1952=IFCDIRECTION((1.,0.,0.));
#1953=IFCAXIS2PLACEMENT3D(#1950,#1951,#1952);
#1954=IFCDIRECTION((0.,0.,-1.));
#1955=IFCEXTRUDEDAREASOLID(#1949,#1953,#1954,0.025);
#1956=IFCCARTESIANPOINTLIST2D(((0.,0.),(0.8,0.),(0.8,0.1),(0.,0.1)));
#1957=IFCINDEXEDPOLYCURVE(#1956,(IFCLINEINDEX((1,2,3,4,1))),$);
#1958=IFCARBITRARYCLOSEDPROFILEDEF(.AREA.,$,#1957);
#1959=IFCCARTESIANPOINT((0.05,0.,0.));
#1960=IFCDIRECTION((0.,0.,1.));
#1961=IFCDIRECTION((1.,0.,0.));
#1962=IFCAXIS2PLACEMENT3D(#1959,#1960,#1961);
#1963=IFCDIRECTION((0.,0.,1.));
#1964=IFCEXTRUDEDAREASOLID(#1958,#1962,#1963,0.025);
#1965=IFCCARTESIANPOINTLIST2D(((0.,0.),(0.,2.125),(0.95,2.125),(0.95,0.),(0.875,0.),(0.875,2.05),(0.075,2.05),(0.075,0.)));
#1966=IFCINDEXEDPOLYCURVE(#1965,(IFCLINEINDEX((1,2,3,4,5,6,7,8,1))),$);
#1967=IFCARBITRARYCLOSEDPROFILEDEF(.AREA.,$,#1966);
#1968=IFCCARTESIANPOINT((-0.024999999999999994,-0.005,0.));
#1969=IFCDIRECTION((0.,-1.,0.));
#1970=IFCDIRECTION((1.,0.,0.));
#1971=IFCAXIS2PLACEMENT3D(#1968,#1969,#1970);
#1972=IFCDIRECTION((0.,0.,-1.));
#1973=IFCEXTRUDEDAREASOLID(#1967,#1971,#1972,0.005);
#1974=IFCCARTESIANPOINTLIST2D(((0.,0.),(0.,2.125),(0.95,2.125),(0.95,0.),(0.8999999999999999,0.),(0.8999999999999999,2.075),(0.049999999999999996,2.075),(0.049999999999999996,0.)));
#1975=IFCINDEXEDPOLYCURVE(#1974,(IFCLINEINDEX((1,2,3,4,5,6,7,8,1))),$);
#1976=IFCARBITRARYCLOSEDPROFILEDEF(.AREA.,$,#1975);
#1977=IFCCARTESIANPOINT((-0.024999999999999994,0.05,0.));
#1978=IFCDIRECTION((0.,-1.,0.));
#1979=IFCDIRECTION((1.,0.,0.));
#1980=IFCAXIS2PLACEMENT3D(#1977,#1978,#1979);
#1981=IFCDIRECTION((0.,0.,-1.));
#1982=IFCEXTRUDEDAREASOLID(#1976,#1980,#1981,0.005);
#1983=IFCCARTESIANPOINTLIST2D(((0.,0.),(0.85,0.),(0.85,0.035),(0.,0.035)));
#1984=IFCINDEXEDPOLYCURVE(#1983,(IFCLINEINDEX((1,2,3,4,1))),$);
#1985=IFCARBITRARYCLOSEDPROFILEDEF(.AREA.,$,#1984);
#1986=IFCCARTESIANPOINT((0.025,0.025,0.025));
#1987=IFCDIRECTION((0.,0.,1.));
#1988=IFCDIRECTION((1.,0.,0.));
#1989=IFCAXIS2PLACEMENT3D(#1986,#1987,#1988);
#1990=IFCDIRECTION((0.,0.,1.));
#1991=IFCEXTRUDEDAREASOLID(#1985,#1989,#1990,2.0500000000000003);
#1992=IFCCARTESIANPOINTLIST2D(((0.,0.),(0.,-0.04),(-0.11999999999999988,-0.04),(-0.11999999999999988,-0.02),(-0.020000000000000018,-0.02),(-0.020000000000000018,0.)));
#1993=IFCINDEXEDPOLYCURVE(#1992,(IFCLINEINDEX((1,2,3,4,5,6,1))),$);
#1994=IFCARBITRARYCLOSEDPROFILEDEF(.AREA.,$,#1993);
#1995=IFCCARTESIANPOINT((0.825,0.025,1.015));
#1996=IFCDIRECTION((0.,0.,1.));
#1997=IFCDIRECTION((1.,0.,0.));
#1998=IFCAXIS2PLACEMENT3D(#1995,#1996,#1997);
#1999=IFCDIRECTION((0.,0.,1.));
#2000=IFCEXTRUDEDAREASOLID(#1994,#1998,#1999,0.02);
#2001=IFCEXTRUDEDAREASOLID(#2002,#2005,#2009,0.02);
#2002=IFCARBITRARYCLOSEDPROFILEDEF(.AREA.,$,#2003);
#2003=IFCINDEXEDPOLYCURVE(#2004,(IFCLINEINDEX((1,2,3,4,5,6,1))),$);
#2004=IFCCARTESIANPOINTLIST2D(((0.,0.),(0.,0.04),(-0.11999999999999988,0.04),(-0.11999999999999988,0.02000000000000001),(-0.020000000000000018,0.02000000000000001),(-0.020000000000000018,0.)));
#2005=IFCAXIS2PLACEMENT3D(#2006,#2007,#2008);
#2006=IFCCARTESIANPOINT((0.825,0.060000000000000005,1.015));
#2007=IFCDIRECTION((0.,0.,1.));
#2008=IFCDIRECTION((1.,0.,0.));
#2009=IFCDIRECTION((0.,0.,1.));
#2010=IFCSHAPEREPRESENTATION(#16,'Body','SweptSolid',(#1946,#1955,#1991,#2000,#2001,#1964,#1973,#1982));
#2011=IFCPRODUCTDEFINITIONSHAPE($,$,(#2010));
#2012=IFCCARTESIANPOINT((24.,8.,0.));
#2013=IFCDIRECTION((0.,0.,1.));
#2014=IFCDIRECTION((1.,0.,0.));
#2015=IFCAXIS2PLACEMENT3D(#2012,#2013,#2014);
#2016=IFCLOCALPLACEMENT($,#2015);
#2017=IFCRELFILLSELEMENT('17P5FRxtjBhQ7qcUuewXgl',$,$,$,#1912,#1937);
#2018=IFCOWNERHISTORY(#5,#6,.READWRITE.,.MODIFIED.,1788884241,#5,#6,1788884241);
#2019=IFCOPENINGELEMENT('0nJDNPXBn08OCtuV0ezc00',#2018,'Opening for Corridor_Door_4',$,$,#2042,#2030,$,.OPENING.);
#2020=IFCCARTESIANPOINTLIST2D(((0.,0.),(0.,1.),(0.9,1.),(0.9,0.),(0.,0.)));
#2021=IFCINDEXEDPOLYCURVE(#2020,$,.F.);
#2022=IFCDIRECTION((0.,0.,1.));
#2023=IFCARBITRARYCLOSEDPROFILEDEF(.AREA.,$,#2021);
#2024=IFCCARTESIANPOINT((0.,0.,0.));
#2025=IFCDIRECTION((0.,0.,1.));
#2026=IFCDIRECTION((1.,0.,0.));
#2027=IFCAXIS2PLACEMENT3D(#2024,#2025,#2026);
#2028=IFCEXTRUDEDAREASOLID(#2023,#2027,#2022,2.1);
#2029=IFCSHAPEREPRESENTATION(#16,'Body','SweptSolid',(#2028));
#2030=IFCPRODUCTDEFINITIONSHAPE($,$,(#2029));
#2036=IFCOWNERHISTORY(#5,#6,.READWRITE.,.ADDED.,1788884241,#5,#6,1788884241);
#2037=IFCRELVOIDSELEMENT('3ICnkghmj1z94HJXawcEJ_',#2036,$,$,#1642,#2019);
#2038=IFCCARTESIANPOINT((26.45,-0.49999999999999645,0.));
#2039=IFCDIRECTION((0.,0.,1.));
#2040=IFCDIRECTION((1.,0.,0.));
#2041=IFCAXIS2PLACEMENT3D(#2038,#2039,#2040);
#2042=IFCLOCALPLACEMENT(#1661,#2041);
#2043=IFCOWNERHISTORY(#5,#6,.READWRITE.,.MODIFIED.,1788884241,#5,#6,1788884241);
#2044=IFCDOOR('0rCh8IYeTDXfJkBspOcdTe',#2043,'Corridor_Door_4',$,$,#2123,#2118,$,$,$,.DOOR.,$,$);
#2045=IFCCARTESIANPOINTLIST2D(((0.,0.),(0.,2.1),(0.9,2.1),(0.9,0.),(0.875,0.),(0.875,2.075),(0.025,2.075),(0.025,0.)));
#2046=IFCINDEXEDPOLYCURVE(#2045,(IFCLINEINDEX((1,2,3,4,5,6,7,8,1))),$);
#2047=IFCARBITRARYCLOSEDPROFILEDEF(.AREA.,$,#2046);
#2048=IFCCARTESIANPOINT((0.,0.025,0.));
#2049=IFCDIRECTION((0.,-1.,0.));
#2050=IFCDIRECTION((1.,0.,0.));
#2051=IFCAXIS2PLACEMENT3D(#2048,#2049,#2050);
#2052=IFCDIRECTION((0.,0.,-1.));
#2053=IFCEXTRUDEDAREASOLID(#2047,#2051,#2052,0.025);
#2054=IFCCARTESIANPOINTLIST2D(((0.,0.),(0.,2.1),(0.9,2.1),(0.9,0.),(0.85,0.),(0.85,2.0500000000000003),(0.05,2.0500000000000003),(0.05,0.)));
#2055=IFCINDEXEDPOLYCURVE(#2054,(IFCLINEINDEX((1,2,3,4,5,6,7,8,1))),$);
#2056=IFCARBITRARYCLOSEDPROFILEDEF(.AREA.,$,#2055);
#2057=IFCCARTESIANPOINT((0.,0.,0.));
#2058=IFCDIRECTION((0.,-1.,0.));
#2059=IFCDIRECTION((1.,0.,0.));
#2060=IFCAXIS2PLACEMENT3D(#2057,#2058,#2059);
#2061=IFCDIRECTION((0.,0.,-1.));
#2062=IFCEXTRUDEDAREASOLID(#2056,#2060,#2061,0.025);
#2063=IFCCARTESIANPOINTLIST2D(((0.,0.),(0.8,0.),(0.8,0.1),(0.,0.1)));
#2064=IFCINDEXEDPOLYCURVE(#2063,(IFCLINEINDEX((1,2,3,4,1))),$);
#2065=IFCARBITRARYCLOSEDPROFILEDEF(.AREA.,$,#2064);
#2066=IFCCARTESIANPOINT((0.05,0.,0.));
#2067=IFCDIRECTION((0.,0.,1.));
#2068=IFCDIRECTION((1.,0.,0.));
#2069=IFCAXIS2PLACEMENT3D(#2066,#2067,#2068);
#2070=IFCDIRECTION((0.,0.,1.));
#2071=IFCEXTRUDEDAREASOLID(#2065,#2069,#2070,0.025);
#2072=IFCCARTESIANPOINTLIST2D(((0.,0.),(0.,2.125),(0.95,2.125),(0.95,0.),(0.875,0.),(0.875,2.05),(0.075,2.05),(0.075,0.)));
#2073=IFCINDEXEDPOLYCURVE(#2072,(IFCLINEINDEX((1,2,3,4,5,6,7,8,1))),$);
#2074=IFCARBITRARYCLOSEDPROFILEDEF(.AREA.,$,#2073);
#2075=IFCCARTESIANPOINT((-0.024999999999999994,-0.005,0.));
#2076=IFCDIRECTION((0.,-1.,0.));
#2077=IFCDIRECTION((1.,0.,0.));
#2078=IFCAXIS2PLACEMENT3D(#2075,#2076,#2077);
#2079=IFCDIRECTION((0.,0.,-1.));
#2080=IFCEXTRUDEDAREASOLID(#2074,#2078,#2079,0.005);
#2081=IFCCARTESIANPOINTLIST2D(((0.,0.),(0.,2.125),(0.95,2.125),(0.95,0.),(0.8999999999999999,0.),(0.8999999999999999,2.075),(0.049999999999999996,2.075),(0.049999999999999996,0.)));
#2082=IFCINDEXEDPOLYCURVE(#2081,(IFCLINEINDEX((1,2,3,4,5,6,7,8,1))),$);
#2083=IFCARBITRARYCLOSEDPROFILEDEF(.AREA.,$,#2082);
#2084=IFCCARTESIANPOINT((-0.024999999999999994,0.05,0.));
#2085=IFCDIRECTION((0.,-1.,0.));
#2086=IFCDIRECTION((1.,0.,0.));
#2087=IFCAXIS2PLACEMENT3D(#2084,#2085,#2086);
#2088=IFCDIRECTION((0.,0.,-1.));
#2089=IFCEXTRUDEDAREASOLID(#2083,#2087,#2088,0.005);
#2090=IFCCARTESIANPOINTLIST2D(((0.,0.),(0.85,0.),(0.85,0.035),(0.,0.035)));
#2091=IFCINDEXEDPOLYCURVE(#2090,(IFCLINEINDEX((1,2,3,4,1))),$);
#2092=IFCARBITRARYCLOSEDPROFILEDEF(.AREA.,$,#2091);
#2093=IFCCARTESIANPOINT((0.025,0.025,0.025));
#2094=IFCDIRECTION((0.,0.,1.));
#2095=IFCDIRECTION((1.,0.,0.));
#2096=IFCAXIS2PLACEMENT3D(#2093,#2094,#2095);
#2097=IFCDIRECTION((0.,0.,1.));
#2098=IFCEXTRUDEDAREASOLID(#2092,#2096,#2097,2.0500000000000003);
#2099=IFCCARTESIANPOINTLIST2D(((0.,0.),(0.,-0.04),(-0.11999999999999988,-0.04),(-0.11999999999999988,-0.02),(-0.020000000000000018,-0.02),(-0.020000000000000018,0.)));
#2100=IFCINDEXEDPOLYCURVE(#2099,(IFCLINEINDEX((1,2,3,4,5,6,1))),$);
#2101=IFCARBITRARYCLOSEDPROFILEDEF(.AREA.,$,#2100);
#2102=IFCCARTESIANPOINT((0.825,0.025,1.015));
#2103=IFCDIRECTION((0.,0.,1.));
#2104=IFCDIRECTION((1.,0.,0.));
#2105=IFCAXIS2PLACEMENT3D(#2102,#2103,#2104);
#2106=IFCDIRECTION((0.,0.,1.));
#2107=IFCEXTRUDEDAREASOLID(#2101,#2105,#2106,0.02);
#2108=IFCEXTRUDEDAREASOLID(#2109,#2112,#2116,0.02);
#2109=IFCARBITRARYCLOSEDPROFILEDEF(.AREA.,$,#2110);
#2110=IFCINDEXEDPOLYCURVE(#2111,(IFCLINEINDEX((1,2,3,4,5,6,1))),$);
#2111=IFCCARTESIANPOINTLIST2D(((0.,0.),(0.,0.04),(-0.11999999999999988,0.04),(-0.11999999999999988,0.02000000000000001),(-0.020000000000000018,0.02000000000000001),(-0.020000000000000018,0.)));
#2112=IFCAXIS2PLACEMENT3D(#2113,#2114,#2115);
#2113=IFCCARTESIANPOINT((0.825,0.060000000000000005,1.015));
#2114=IFCDIRECTION((0.,0.,1.));
#2115=IFCDIRECTION((1.,0.,0.));
#2116=IFCDIRECTION((0.,0.,1.));
#2117=IFCSHAPEREPRESENTATION(#16,'Body','SweptSolid',(#2053,#2062,#2098,#2107,#2108,#2071,#2080,#2089));
#2118=IFCPRODUCTDEFINITIONSHAPE($,$,(#2117));
#2119=IFCCARTESIANPOINT((1.5500000000000007,10.,0.));
#2120=IFCDIRECTION((0.,0.,1.));
#2121=IFCDIRECTION((-1.,1.2246467991473532E-16,0.));
#2122=IFCAXIS2PLACEMENT3D(#2119,#2120,#2121);
#2123=IFCLOCALPLACEMENT($,#2122);
#2124=IFCRELFILLSELEMENT('219ARmBEL8seudooRmXp7z',$,$,$,#2019,#2044);
#2125=IFCOWNERHISTORY(#5,#6,.READWRITE.,.MODIFIED.,1788884241,#5,#6,1788884241);
#2126=IFCOPENINGELEMENT('1IE42BxADD2fbPxpDSJ379',#2125,'Opening for Corridor_Door_5',$,$,#2149,#2137,$,.OPENING.);
#2127=IFCCARTESIANPOINTLIST2D(((0.,0.),(0.,1.),(0.9,1.),(0.9,0.),(0.,0.)));
#2128=IFCINDEXEDPOLYCURVE(#2127,$,.F.);
#2129=IFCDIRECTION((0.,0.,1.));
#2130=IFCARBITRARYCLOSEDPROFILEDEF(.AREA.,$,#2128);
#2131=IFCCARTESIANPOINT((0.,0.,0.));
#2132=IFCDIRECTION((0.,0.,1.));
#2133=IFCDIRECTION((1.,0.,0.));
#2134=IFCAXIS2PLACEMENT3D(#2131,#2132,#2133);
#2135=IFCEXTRUDEDAREASOLID(#2130,#2134,#2129,2.1);
#2136=IFCSHAPEREPRESENTATION(#16,'Body','SweptSolid',(#2135));
#2137=IFCPRODUCTDEFINITIONSHAPE($,$,(#2136));
#2143=IFCOWNERHISTORY(#5,#6,.READWRITE.,.ADDED.,1788884241,#5,#6,1788884241);
#2144=IFCRELVOIDSELEMENT('0dhIXyaBr9_hRHeoRkvsFs',#2143,$,$,#1642,#2126);
#2145=IFCCARTESIANPOINT((22.45,-0.49999999999999645,0.));
#2146=IFCDIRECTION((0.,0.,1.));
#2147=IFCDIRECTION((1.,0.,0.));
#2148=IFCAXIS2PLACEMENT3D(#2145,#2146,#2147);
#2149=IFCLOCALPLACEMENT(#1661,#2148);
#2150=IFCOWNERHISTORY(#5,#6,.READWRITE.,.MODIFIED.,1788884241,#5,#6,1788884241);
#2151=IFCDOOR('3Vb49W2AzAouAaBQFdKd9M',#2150,'Corridor_Door_5',$,$,#2230,#2225,$,$,$,.DOOR.,$,$);
#2152=IFCCARTESIANPOINTLIST2D(((0.,0.),(0.,2.1),(0.9,2.1),(0.9,0.),(0.875,0.),(0.875,2.075),(0.025,2.075),(0.025,0.)));
#2153=IFCINDEXEDPOLYCURVE(#2152,(IFCLINEINDEX((1,2,3,4,5,6,7,8,1))),$);
#2154=IFCARBITRARYCLOSEDPROFILEDEF(.AREA.,$,#2153);
#2155=IFCCARTESIANPOINT((0.,0.025,0.));
#2156=IFCDIRECTION((0.,-1.,0.));
#2157=IFCDIRECTION((1.,0.,0.));
#2158=IFCAXIS2PLACEMENT3D(#2155,#2156,#2157);
#2159=IFCDIRECTION((0.,0.,-1.));
#2160=IFCEXTRUDEDAREASOLID(#2154,#2158,#2159,0.025);
#2161=IFCCARTESIANPOINTLIST2D(((0.,0.),(0.,2.1),(0.9,2.1),(0.9,0.),(0.85,0.),(0.85,2.0500000000000003),(0.05,2.0500000000000003),(0.05,0.)));
#2162=IFCINDEXEDPOLYCURVE(#2161,(IFCLINEINDEX((1,2,3,4,5,6,7,8,1))),$);
#2163=IFCARBITRARYCLOSEDPROFILEDEF(.AREA.,$,#2162);
#2164=IFCCARTESIANPOINT((0.,0.,0.));
#2165=IFCDIRECTION((0.,-1.,0.));
#2166=IFCDIRECTION((1.,0.,0.));
#2167=IFCAXIS2PLACEMENT3D(#2164,#2165,#2166);
#2168=IFCDIRECTION((0.,0.,-1.));
#2169=IFCEXTRUDEDAREASOLID(#2163,#2167,#2168,0.025);
#2170=IFCCARTESIANPOINTLIST2D(((0.,0.),(0.8,0.),(0.8,0.1),(0.,0.1)));
#2171=IFCINDEXEDPOLYCURVE(#2170,(IFCLINEINDEX((1,2,3,4,1))),$);
#2172=IFCARBITRARYCLOSEDPROFILEDEF(.AREA.,$,#2171);
#2173=IFCCARTESIANPOINT((0.05,0.,0.));
#2174=IFCDIRECTION((0.,0.,1.));
#2175=IFCDIRECTION((1.,0.,0.));
#2176=IFCAXIS2PLACEMENT3D(#2173,#2174,#2175);
#2177=IFCDIRECTION((0.,0.,1.));
#2178=IFCEXTRUDEDAREASOLID(#2172,#2176,#2177,0.025);
#2179=IFCCARTESIANPOINTLIST2D(((0.,0.),(0.,2.125),(0.95,2.125),(0.95,0.),(0.875,0.),(0.875,2.05),(0.075,2.05),(0.075,0.)));
#2180=IFCINDEXEDPOLYCURVE(#2179,(IFCLINEINDEX((1,2,3,4,5,6,7,8,1))),$);
#2181=IFCARBITRARYCLOSEDPROFILEDEF(.AREA.,$,#2180);
#2182=IFCCARTESIANPOINT((-0.024999999999999994,-0.005,0.));
#2183=IFCDIRECTION((0.,-1.,0.));
#2184=IFCDIRECTION((1.,0.,0.));
#2185=IFCAXIS2PLACEMENT3D(#2182,#2183,#2184);
#2186=IFCDIRECTION((0.,0.,-1.));
#2187=IFCEXTRUDEDAREASOLID(#2181,#2185,#2186,0.005);
#2188=IFCCARTESIANPOINTLIST2D(((0.,0.),(0.,2.125),(0.95,2.125),(0.95,0.),(0.8999999999999999,0.),(0.8999999999999999,2.075),(0.049999999999999996,2.075),(0.049999999999999996,0.)));
#2189=IFCINDEXEDPOLYCURVE(#2188,(IFCLINEINDEX((1,2,3,4,5,6,7,8,1))),$);
#2190=IFCARBITRARYCLOSEDPROFILEDEF(.AREA.,$,#2189);
#2191=IFCCARTESIANPOINT((-0.024999999999999994,0.05,0.));
#2192=IFCDIRECTION((0.,-1.,0.));
#2193=IFCDIRECTION((1.,0.,0.));
#2194=IFCAXIS2PLACEMENT3D(#2191,#2192,#2193);
#2195=IFCDIRECTION((0.,0.,-1.));
#2196=IFCEXTRUDEDAREASOLID(#2190,#2194,#2195,0.005);
#2197=IFCCARTESIANPOINTLIST2D(((0.,0.),(0.85,0.),(0.85,0.035),(0.,0.035)));
#2198=IFCINDEXEDPOLYCURVE(#2197,(IFCLINEINDEX((1,2,3,4,1))),$);
#2199=IFCARBITRARYCLOSEDPROFILEDEF(.AREA.,$,#2198);
#2200=IFCCARTESIANPOINT((0.025,0.025,0.025));
#2201=IFCDIRECTION((0.,0.,1.));
#2202=IFCDIRECTION((1.,0.,0.));
#2203=IFCAXIS2PLACEMENT3D(#2200,#2201,#2202);
#2204=IFCDIRECTION((0.,0.,1.));
#2205=IFCEXTRUDEDAREASOLID(#2199,#2203,#2204,2.0500000000000003);
#2206=IFCCARTESIANPOINTLIST2D(((0.,0.),(0.,-0.04),(-0.11999999999999988,-0.04),(-0.11999999999999988,-0.02),(-0.020000000000000018,-0.02),(-0.020000000000000018,0.)));
#2207=IFCINDEXEDPOLYCURVE(#2206,(IFCLINEINDEX((1,2,3,4,5,6,1))),$);
#2208=IFCARBITRARYCLOSEDPROFILEDEF(.AREA.,$,#2207);
#2209=IFCCARTESIANPOINT((0.825,0.025,1.015));
#2210=IFCDIRECTION((0.,0.,1.));
#2211=IFCDIRECTION((1.,0.,0.));
#2212=IFCAXIS2PLACEMENT3D(#2209,#2210,#2211);
#2213=IFCDIRECTION((0.,0.,1.));
#2214=IFCEXTRUDEDAREASOLID(#2208,#2212,#2213,0.02);
#2215=IFCEXTRUDEDAREASOLID(#2216,#2219,#2223,0.02);
#2216=IFCARBITRARYCLOSEDPROFILEDEF(.AREA.,$,#2217);
#2217=IFCINDEXEDPOLYCURVE(#2218,(IFCLINEINDEX((1,2,3,4,5,6,1))),$);
#2218=IFCCARTESIANPOINTLIST2D(((0.,0.),(0.,0.04),(-0.11999999999999988,0.04),(-0.11999999999999988,0.02000000000000001),(-0.020000000000000018,0.02000000000000001),(-0.020000000000000018,0.)));
#2219=IFCAXIS2PLACEMENT3D(#2220,#2221,#2222);
#2220=IFCCARTESIANPOINT((0.825,0.060000000000000005,1.015));
#2221=IFCDIRECTION((0.,0.,1.));
#2222=IFCDIRECTION((1.,0.,0.));
#2223=IFCDIRECTION((0.,0.,1.));
#2224=IFCSHAPEREPRESENTATION(#16,'Body','SweptSolid',(#2160,#2169,#2205,#2214,#2215,#2178,#2187,#2196));
#2225=IFCPRODUCTDEFINITIONSHAPE($,$,(#2224));
#2226=IFCCARTESIANPOINT((5.550000000000001,10.,0.));
#2227=IFCDIRECTION((0.,0.,1.));
#2228=IFCDIRECTION((-1.,1.2246467991473532E-16,0.));
#2229=IFCAXIS2PLACEMENT3D(#2226,#2227,#2228);
#2230=IFCLOCALPLACEMENT($,#2229);
#2231=IFCRELFILLSELEMENT('2bz5JBxzT8Qh5_iHz3$MRC',$,$,$,#2126,#2151);
#2232=IFCOWNERHISTORY(#5,#6,.READWRITE.,.MODIFIED.,1788884241,#5,#6,1788884241);
#2233=IFCOPENINGELEMENT('2voPijnOPC9hLlT9nA9zLZ',#2232,'Opening for Corridor_Door_6',$,$,#2256,#2244,$,.OPENING.);
#2234=IFCCARTESIANPOINTLIST2D(((0.,0.),(0.,1.),(0.9,1.),(0.9,0.),(0.,0.)));
#2235=IFCINDEXEDPOLYCURVE(#2234,$,.F.);
#2236=IFCDIRECTION((0.,0.,1.));
#2237=IFCARBITRARYCLOSEDPROFILEDEF(.AREA.,$,#2235);
#2238=IFCCARTESIANPOINT((0.,0.,0.));
#2239=IFCDIRECTION((0.,0.,1.));
#2240=IFCDIRECTION((1.,0.,0.));
#2241=IFCAXIS2PLACEMENT3D(#2238,#2239,#2240);
#2242=IFCEXTRUDEDAREASOLID(#2237,#2241,#2236,2.1);
#2243=IFCSHAPEREPRESENTATION(#16,'Body','SweptSolid',(#2242));
#2244=IFCPRODUCTDEFINITIONSHAPE($,$,(#2243));
#2250=IFCOWNERHISTORY(#5,#6,.READWRITE.,.ADDED.,1788884241,#5,#6,1788884241);
#2251=IFCRELVOIDSELEMENT('2EoCd4ik15cgV65RszAisA',#2250,$,$,#1642,#2233);
#2252=IFCCARTESIANPOINT((18.450000000000003,-0.4999999999999982,0.));
#2253=IFCDIRECTION((0.,0.,1.));
#2254=IFCDIRECTION((1.,0.,0.));
#2255=IFCAXIS2PLACEMENT3D(#2252,#2253,#2254);
#2256=IFCLOCALPLACEMENT(#1661,#2255);
#2257=IFCOWNERHISTORY(#5,#6,.READWRITE.,.MODIFIED.,1788884241,#5,#6,1788884241);
#2258=IFCDOOR('0qnTYlVZjEue6Ppf0PCroL',#2257,'Corridor_Door_6',$,$,#2337,#2332,$,$,$,.DOOR.,$,$);
#2259=IFCCARTESIANPOINTLIST2D(((0.,0.),(0.,2.1),(0.9,2.1),(0.9,0.),(0.875,0.),(0.875,2.075),(0.025,2.075),(0.025,0.)));
#2260=IFCINDEXEDPOLYCURVE(#2259,(IFCLINEINDEX((1,2,3,4,5,6,7,8,1))),$);
#2261=IFCARBITRARYCLOSEDPROFILEDEF(.AREA.,$,#2260);
#2262=IFCCARTESIANPOINT((0.,0.025,0.));
#2263=IFCDIRECTION((0.,-1.,0.));
#2264=IFCDIRECTION((1.,0.,0.));
#2265=IFCAXIS2PLACEMENT3D(#2262,#2263,#2264);
#2266=IFCDIRECTION((0.,0.,-1.));
#2267=IFCEXTRUDEDAREASOLID(#2261,#2265,#2266,0.025);
#2268=IFCCARTESIANPOINTLIST2D(((0.,0.),(0.,2.1),(0.9,2.1),(0.9,0.),(0.85,0.),(0.85,2.0500000000000003),(0.05,2.0500000000000003),(0.05,0.)));
#2269=IFCINDEXEDPOLYCURVE(#2268,(IFCLINEINDEX((1,2,3,4,5,6,7,8,1))),$);
#2270=IFCARBITRARYCLOSEDPROFILEDEF(.AREA.,$,#2269);
#2271=IFCCARTESIANPOINT((0.,0.,0.));
#2272=IFCDIRECTION((0.,-1.,0.));
#2273=IFCDIRECTION((1.,0.,0.));
#2274=IFCAXIS2PLACEMENT3D(#2271,#2272,#2273);
#2275=IFCDIRECTION((0.,0.,-1.));
#2276=IFCEXTRUDEDAREASOLID(#2270,#2274,#2275,0.025);
#2277=IFCCARTESIANPOINTLIST2D(((0.,0.),(0.8,0.),(0.8,0.1),(0.,0.1)));
#2278=IFCINDEXEDPOLYCURVE(#2277,(IFCLINEINDEX((1,2,3,4,1))),$);
#2279=IFCARBITRARYCLOSEDPROFILEDEF(.AREA.,$,#2278);
#2280=IFCCARTESIANPOINT((0.05,0.,0.));
#2281=IFCDIRECTION((0.,0.,1.));
#2282=IFCDIRECTION((1.,0.,0.));
#2283=IFCAXIS2PLACEMENT3D(#2280,#2281,#2282);
#2284=IFCDIRECTION((0.,0.,1.));
#2285=IFCEXTRUDEDAREASOLID(#2279,#2283,#2284,0.025);
#2286=IFCCARTESIANPOINTLIST2D(((0.,0.),(0.,2.125),(0.95,2.125),(0.95,0.),(0.875,0.),(0.875,2.05),(0.075,2.05),(0.075,0.)));
#2287=IFCINDEXEDPOLYCURVE(#2286,(IFCLINEINDEX((1,2,3,4,5,6,7,8,1))),$);
#2288=IFCARBITRARYCLOSEDPROFILEDEF(.AREA.,$,#2287);
#2289=IFCCARTESIANPOINT((-0.024999999999999994,-0.005,0.));
#2290=IFCDIRECTION((0.,-1.,0.));
#2291=IFCDIRECTION((1.,0.,0.));
#2292=IFCAXIS2PLACEMENT3D(#2289,#2290,#2291);
#2293=IFCDIRECTION((0.,0.,-1.));
#2294=IFCEXTRUDEDAREASOLID(#2288,#2292,#2293,0.005);
#2295=IFCCARTESIANPOINTLIST2D(((0.,0.),(0.,2.125),(0.95,2.125),(0.95,0.),(0.8999999999999999,0.),(0.8999999999999999,2.075),(0.049999999999999996,2.075),(0.049999999999999996,0.)));
#2296=IFCINDEXEDPOLYCURVE(#2295,(IFCLINEINDEX((1,2,3,4,5,6,7,8,1))),$);
#2297=IFCARBITRARYCLOSEDPROFILEDEF(.AREA.,$,#2296);
#2298=IFCCARTESIANPOINT((-0.024999999999999994,0.05,0.));
#2299=IFCDIRECTION((0.,-1.,0.));
#2300=IFCDIRECTION((1.,0.,0.));
#2301=IFCAXIS2PLACEMENT3D(#2298,#2299,#2300);
#2302=IFCDIRECTION((0.,0.,-1.));
#2303=IFCEXTRUDEDAREASOLID(#2297,#2301,#2302,0.005);
#2304=IFCCARTESIANPOINTLIST2D(((0.,0.),(0.85,0.),(0.85,0.035),(0.,0.035)));
#2305=IFCINDEXEDPOLYCURVE(#2304,(IFCLINEINDEX((1,2,3,4,1))),$);
#2306=IFCARBITRARYCLOSEDPROFILEDEF(.AREA.,$,#2305);
#2307=IFCCARTESIANPOINT((0.025,0.025,0.025));
#2308=IFCDIRECTION((0.,0.,1.));
#2309=IFCDIRECTION((1.,0.,0.));
#2310=IFCAXIS2PLACEMENT3D(#2307,#2308,#2309);
#2311=IFCDIRECTION((0.,0.,1.));
#2312=IFCEXTRUDEDAREASOLID(#2306,#2310,#2311,2.0500000000000003);
#2313=IFCCARTESIANPOINTLIST2D(((0.,0.),(0.,-0.04),(-0.11999999999999988,-0.04),(-0.11999999999999988,-0.02),(-0.020000000000000018,-0.02),(-0.020000000000000018,0.)));
#2314=IFCINDEXEDPOLYCURVE(#2313,(IFCLINEINDEX((1,2,3,4,5,6,1))),$);
#2315=IFCARBITRARYCLOSEDPROFILEDEF(.AREA.,$,#2314);
#2316=IFCCARTESIANPOINT((0.825,0.025,1.015));
#2317=IFCDIRECTION((0.,0.,1.));
#2318=IFCDIRECTION((1.,0.,0.));
#2319=IFCAXIS2PLACEMENT3D(#2316,#2317,#2318);
#2320=IFCDIRECTION((0.,0.,1.));
#2321=IFCEXTRUDEDAREASOLID(#2315,#2319,#2320,0.02);
#2322=IFCEXTRUDEDAREASOLID(#2323,#2326,#2330,0.02);
#2323=IFCARBITRARYCLOSEDPROFILEDEF(.AREA.,$,#2324);
#2324=IFCINDEXEDPOLYCURVE(#2325,(IFCLINEINDEX((1,2,3,4,5,6,1))),$);
#2325=IFCCARTESIANPOINTLIST2D(((0.,0.),(0.,0.04),(-0.11999999999999988,0.04),(-0.11999999999999988,0.02000000000000001),(-0.020000000000000018,0.02000000000000001),(-0.020000000000000018,0.)));
#2326=IFCAXIS2PLACEMENT3D(#2327,#2328,#2329);
#2327=IFCCARTESIANPOINT((0.825,0.060000000000000005,1.015));
#2328=IFCDIRECTION((0.,0.,1.));
#2329=IFCDIRECTION((1.,0.,0.));
#2330=IFCDIRECTION((0.,0.,1.));
#2331=IFCSHAPEREPRESENTATION(#16,'Body','SweptSolid',(#2267,#2276,#2312,#2321,#2322,#2285,#2294,#2303));
#2332=IFCPRODUCTDEFINITIONSHAPE($,$,(#2331));
#2333=IFCCARTESIANPOINT((9.55,10.,0.));
#2334=IFCDIRECTION((0.,0.,1.));
#2335=IFCDIRECTION((-1.,1.2246467991473532E-16,0.));
#2336=IFCAXIS2PLACEMENT3D(#2333,#2334,#2335);
#2337=IFCLOCALPLACEMENT($,#2336);
#2338=IFCRELFILLSELEMENT('1fGEpyX2j6K92U66u88cDO',$,$,$,#2233,#2258);
#2339=IFCOWNERHISTORY(#5,#6,.READWRITE.,.MODIFIED.,1788884241,#5,#6,1788884241);
#2340=IFCOPENINGELEMENT('1E9aJojdX5kRlJZJobrhjr',#2339,'Opening for Corridor_Door_7',$,$,#2363,#2351,$,.OPENING.);
#2341=IFCCARTESIANPOINTLIST2D(((0.,0.),(0.,1.),(0.9,1.),(0.9,0.),(0.,0.)));
#2342=IFCINDEXEDPOLYCURVE(#2341,$,.F.);
#2343=IFCDIRECTION((0.,0.,1.));
#2344=IFCARBITRARYCLOSEDPROFILEDEF(.AREA.,$,#2342);
#2345=IFCCARTESIANPOINT((0.,0.,0.));
#2346=IFCDIRECTION((0.,0.,1.));
#2347=IFCDIRECTION((1.,0.,0.));
#2348=IFCAXIS2PLACEMENT3D(#2345,#2346,#2347);
#2349=IFCEXTRUDEDAREASOLID(#2344,#2348,#2343,2.1);
#2350=IFCSHAPEREPRESENTATION(#16,'Body','SweptSolid',(#2349));
#2351=IFCPRODUCTDEFINITIONSHAPE($,$,(#2350));
#2357=IFCOWNERHISTORY(#5,#6,.READWRITE.,.ADDED.,1788884241,#5,#6,1788884241);
#2358=IFCRELVOIDSELEMENT('0cCR2xdTbBaRZyLsRb6U05',#2357,$,$,#1642,#2340);
#2359=IFCCARTESIANPOINT((14.450000000000001,-0.4999999999999982,0.));
#2360=IFCDIRECTION((0.,0.,1.));
#2361=IFCDIRECTION((1.,0.,0.));
#2362=IFCAXIS2PLACEMENT3D(#2359,#2360,#2361);
#2363=IFCLOCALPLACEMENT(#1661,#2362);
#2364=IFCOWNERHISTORY(#5,#6,.READWRITE.,.MODIFIED.,1788884241,#5,#6,1788884241);
#2365=IFCDOOR('2jOoqCVVz8pPr4ogmFhEkP',#2364,'Corridor_Door_7',$,$,#2444,#2439,$,$,$,.DOOR.,$,$);
#2366=IFCCARTESIANPOINTLIST2D(((0.,0.),(0.,2.1),(0.9,2.1),(0.9,0.),(0.875,0.),(0.875,2.075),(0.025,2.075),(0.025,0.)));
#2367=IFCINDEXEDPOLYCURVE(#2366,(IFCLINEINDEX((1,2,3,4,5,6,7,8,1))),$);
#2368=IFCARBITRARYCLOSEDPROFILEDEF(.AREA.,$,#2367);
#2369=IFCCARTESIANPOINT((0.,0.025,0.));
#2370=IFCDIRECTION((0.,-1.,0.));
#2371=IFCDIRECTION((1.,0.,0.));
#2372=IFCAXIS2PLACEMENT3D(#2369,#2370,#2371);
#2373=IFCDIRECTION((0.,0.,-1.));
#2374=IFCEXTRUDEDAREASOLID(#2368,#2372,#2373,0.025);
#2375=IFCCARTESIANPOINTLIST2D(((0.,0.),(0.,2.1),(0.9,2.1),(0.9,0.),(0.85,0.),(0.85,2.0500000000000003),(0.05,2.0500000000000003),(0.05,0.)));
#2376=IFCINDEXEDPOLYCURVE(#2375,(IFCLINEINDEX((1,2,3,4,5,6,7,8,1))),$);
#2377=IFCARBITRARYCLOSEDPROFILEDEF(.AREA.,$,#2376);
#2378=IFCCARTESIANPOINT((0.,0.,0.));
#2379=IFCDIRECTION((0.,-1.,0.));
#2380=IFCDIRECTION((1.,0.,0.));
#2381=IFCAXIS2PLACEMENT3D(#2378,#2379,#2380);
#2382=IFCDIRECTION((0.,0.,-1.));
#2383=IFCEXTRUDEDAREASOLID(#2377,#2381,#2382,0.025);
#2384=IFCCARTESIANPOINTLIST2D(((0.,0.),(0.8,0.),(0.8,0.1),(0.,0.1)));
#2385=IFCINDEXEDPOLYCURVE(#2384,(IFCLINEINDEX((1,2,3,4,1))),$);
#2386=IFCARBITRARYCLOSEDPROFILEDEF(.AREA.,$,#2385);
#2387=IFCCARTESIANPOINT((0.05,0.,0.));
#2388=IFCDIRECTION((0.,0.,1.));
#2389=IFCDIRECTION((1.,0.,0.));
#2390=IFCAXIS2PLACEMENT3D(#2387,#2388,#2389);
#2391=IFCDIRECTION((0.,0.,1.));
#2392=IFCEXTRUDEDAREASOLID(#2386,#2390,#2391,0.025);
#2393=IFCCARTESIANPOINTLIST2D(((0.,0.),(0.,2.125),(0.95,2.125),(0.95,0.),(0.875,0.),(0.875,2.05),(0.075,2.05),(0.075,0.)));
#2394=IFCINDEXEDPOLYCURVE(#2393,(IFCLINEINDEX((1,2,3,4,5,6,7,8,1))),$);
#2395=IFCARBITRARYCLOSEDPROFILEDEF(.AREA.,$,#2394);
#2396=IFCCARTESIANPOINT((-0.024999999999999994,-0.005,0.));
#2397=IFCDIRECTION((0.,-1.,0.));
#2398=IFCDIRECTION((1.,0.,0.));
#2399=IFCAXIS2PLACEMENT3D(#2396,#2397,#2398);
#2400=IFCDIRECTION((0.,0.,-1.));
#2401=IFCEXTRUDEDAREASOLID(#2395,#2399,#2400,0.005);
#2402=IFCCARTESIANPOINTLIST2D(((0.,0.),(0.,2.125),(0.95,2.125),(0.95,0.),(0.8999999999999999,0.),(0.8999999999999999,2.075),(0.049999999999999996,2.075),(0.049999999999999996,0.)));
#2403=IFCINDEXEDPOLYCURVE(#2402,(IFCLINEINDEX((1,2,3,4,5,6,7,8,1))),$);
#2404=IFCARBITRARYCLOSEDPROFILEDEF(.AREA.,$,#2403);
#2405=IFCCARTESIANPOINT((-0.024999999999999994,0.05,0.));
#2406=IFCDIRECTION((0.,-1.,0.));
#2407=IFCDIRECTION((1.,0.,0.));
#2408=IFCAXIS2PLACEMENT3D(#2405,#2406,#2407);
#2409=IFCDIRECTION((0.,0.,-1.));
#2410=IFCEXTRUDEDAREASOLID(#2404,#2408,#2409,0.005);
#2411=IFCCARTESIANPOINTLIST2D(((0.,0.),(0.85,0.),(0.85,0.035),(0.,0.035)));
#2412=IFCINDEXEDPOLYCURVE(#2411,(IFCLINEINDEX((1,2,3,4,1))),$);
#2413=IFCARBITRARYCLOSEDPROFILEDEF(.AREA.,$,#2412);
#2414=IFCCARTESIANPOINT((0.025,0.025,0.025));
#2415=IFCDIRECTION((0.,0.,1.));
#2416=IFCDIRECTION((1.,0.,0.));
#2417=IFCAXIS2PLACEMENT3D(#2414,#2415,#2416);
#2418=IFCDIRECTION((0.,0.,1.));
#2419=IFCEXTRUDEDAREASOLID(#2413,#2417,#2418,2.0500000000000003);
#2420=IFCCARTESIANPOINTLIST2D(((0.,0.),(0.,-0.04),(-0.11999999999999988,-0.04),(-0.11999999999999988,-0.02),(-0.020000000000000018,-0.02),(-0.020000000000000018,0.)));
#2421=IFCINDEXEDPOLYCURVE(#2420,(IFCLINEINDEX((1,2,3,4,5,6,1))),$);
#2422=IFCARBITRARYCLOSEDPROFILEDEF(.AREA.,$,#2421);
#2423=IFCCARTESIANPOINT((0.825,0.025,1.015));
#2424=IFCDIRECTION((0.,0.,1.));
#2425=IFCDIRECTION((1.,0.,0.));
#2426=IFCAXIS2PLACEMENT3D(#2423,#2424,#2425);
#2427=IFCDIRECTION((0.,0.,1.));
#2428=IFCEXTRUDEDAREASOLID(#2422,#2426,#2427,0.02);
#2429=IFCEXTRUDEDAREASOLID(#2430,#2433,#2437,0.02);
#2430=IFCARBITRARYCLOSEDPROFILEDEF(.AREA.,$,#2431);
#2431=IFCINDEXEDPOLYCURVE(#2432,(IFCLINEINDEX((1,2,3,4,5,6,1))),$);
#2432=IFCCARTESIANPOINTLIST2D(((0.,0.),(0.,0.04),(-0.11999999999999988,0.04),(-0.11999999999999988,0.02000000000000001),(-0.020000000000000018,0.02000000000000001),(-0.020000000000000018,0.)));
#2433=IFCAXIS2PLACEMENT3D(#2434,#2435,#2436);
#2434=IFCCARTESIANPOINT((0.825,0.060000000000000005,1.015));
#2435=IFCDIRECTION((0.,0.,1.));
#2436=IFCDIRECTION((1.,0.,0.));
#2437=IFCDIRECTION((0.,0.,1.));
#2438=IFCSHAPEREPRESENTATION(#16,'Body','SweptSolid',(#2374,#2383,#2419,#2428,#2429,#2392,#2401,#2410));
#2439=IFCPRODUCTDEFINITIONSHAPE($,$,(#2438));
#2440=IFCCARTESIANPOINT((13.55,10.,0.));
#2441=IFCDIRECTION((0.,0.,1.));
#2442=IFCDIRECTION((-1.,1.2246467991473532E-16,0.));
#2443=IFCAXIS2PLACEMENT3D(#2440,#2441,#2442);
#2444=IFCLOCALPLACEMENT($,#2443);
#2445=IFCRELFILLSELEMENT('1PAExSV4z6Egp1DNez_nHp',$,$,$,#2340,#2365);
#2446=IFCOWNERHISTORY(#5,#6,.READWRITE.,.MODIFIED.,1788884242,#5,#6,1788884242);
#2447=IFCOPENINGELEMENT('2Obk8zkHHA9BB$NDK0Y5Zq',#2446,'Opening for Corridor_Door_8',$,$,#2470,#2458,$,.OPENING.);
#2448=IFCCARTESIANPOINTLIST2D(((0.,0.),(0.,1.),(0.9,1.),(0.9,0.),(0.,0.)));
#2449=IFCINDEXEDPOLYCURVE(#2448,$,.F.);
#2450=IFCDIRECTION((0.,0.,1.));
#2451=IFCARBITRARYCLOSEDPROFILEDEF(.AREA.,$,#2449);
#2452=IFCCARTESIANPOINT((0.,0.,0.));
#2453=IFCDIRECTION((0.,0.,1.));
#2454=IFCDIRECTION((1.,0.,0.));
#2455=IFCAXIS2PLACEMENT3D(#2452,#2453,#2454);
#2456=IFCEXTRUDEDAREASOLID(#2451,#2455,#2450,2.1);
#2457=IFCSHAPEREPRESENTATION(#16,'Body','SweptSolid',(#2456));
#2458=IFCPRODUCTDEFINITIONSHAPE($,$,(#2457));
#2464=IFCOWNERHISTORY(#5,#6,.READWRITE.,.ADDED.,1788884242,#5,#6,1788884242);
#2465=IFCRELVOIDSELEMENT('3HNTm$2SrBu8XFKpu4L8io',#2464,$,$,#1642,#2447);
#2466=IFCCARTESIANPOINT((9.45,-0.4999999999999982,0.));
#2467=IFCDIRECTION((0.,0.,1.));
#2468=IFCDIRECTION((1.,0.,0.));
#2469=IFCAXIS2PLACEMENT3D(#2466,#2467,#2468);
#2470=IFCLOCALPLACEMENT(#1661,#2469);
#2471=IFCOWNERHISTORY(#5,#6,.READWRITE.,.MODIFIED.,1788884242,#5,#6,1788884242);
#2472=IFCDOOR('0ftriWUfb85BEjhiBA8r79',#2471,'Corridor_Door_8',$,$,#2551,#2546,$,$,$,.DOOR.,$,$);
#2473=IFCCARTESIANPOINTLIST2D(((0.,0.),(0.,2.1),(0.9,2.1),(0.9,0.),(0.875,0.),(0.875,2.075),(0.025,2.075),(0.025,0.)));
#2474=IFCINDEXEDPOLYCURVE(#2473,(IFCLINEINDEX((1,2,3,4,5,6,7,8,1))),$);
#2475=IFCARBITRARYCLOSEDPROFILEDEF(.AREA.,$,#2474);
#2476=IFCCARTESIANPOINT((0.,0.025,0.));
#2477=IFCDIRECTION((0.,-1.,0.));
#2478=IFCDIRECTION((1.,0.,0.));
#2479=IFCAXIS2PLACEMENT3D(#2476,#2477,#2478);
#2480=IFCDIRECTION((0.,0.,-1.));
#2481=IFCEXTRUDEDAREASOLID(#2475,#2479,#2480,0.025);
#2482=IFCCARTESIANPOINTLIST2D(((0.,0.),(0.,2.1),(0.9,2.1),(0.9,0.),(0.85,0.),(0.85,2.0500000000000003),(0.05,2.0500000000000003),(0.05,0.)));
#2483=IFCINDEXEDPOLYCURVE(#2482,(IFCLINEINDEX((1,2,3,4,5,6,7,8,1))),$);
#2484=IFCARBITRARYCLOSEDPROFILEDEF(.AREA.,$,#2483);
#2485=IFCCARTESIANPOINT((0.,0.,0.));
#2486=IFCDIRECTION((0.,-1.,0.));
#2487=IFCDIRECTION((1.,0.,0.));
#2488=IFCAXIS2PLACEMENT3D(#2485,#2486,#2487);
#2489=IFCDIRECTION((0.,0.,-1.));
#2490=IFCEXTRUDEDAREASOLID(#2484,#2488,#2489,0.025);
#2491=IFCCARTESIANPOINTLIST2D(((0.,0.),(0.8,0.),(0.8,0.1),(0.,0.1)));
#2492=IFCINDEXEDPOLYCURVE(#2491,(IFCLINEINDEX((1,2,3,4,1))),$);
#2493=IFCARBITRARYCLOSEDPROFILEDEF(.AREA.,$,#2492);
#2494=IFCCARTESIANPOINT((0.05,0.,0.));
#2495=IFCDIRECTION((0.,0.,1.));
#2496=IFCDIRECTION((1.,0.,0.));
#2497=IFCAXIS2PLACEMENT3D(#2494,#2495,#2496);
#2498=IFCDIRECTION((0.,0.,1.));
#2499=IFCEXTRUDEDAREASOLID(#2493,#2497,#2498,0.025);
#2500=IFCCARTESIANPOINTLIST2D(((0.,0.),(0.,2.125),(0.95,2.125),(0.95,0.),(0.875,0.),(0.875,2.05),(0.075,2.05),(0.075,0.)));
#2501=IFCINDEXEDPOLYCURVE(#2500,(IFCLINEINDEX((1,2,3,4,5,6,7,8,1))),$);
#2502=IFCARBITRARYCLOSEDPROFILEDEF(.AREA.,$,#2501);
#2503=IFCCARTESIANPOINT((-0.024999999999999994,-0.005,0.));
#2504=IFCDIRECTION((0.,-1.,0.));
#2505=IFCDIRECTION((1.,0.,0.));
#2506=IFCAXIS2PLACEMENT3D(#2503,#2504,#2505);
#2507=IFCDIRECTION((0.,0.,-1.));
#2508=IFCEXTRUDEDAREASOLID(#2502,#2506,#2507,0.005);
#2509=IFCCARTESIANPOINTLIST2D(((0.,0.),(0.,2.125),(0.95,2.125),(0.95,0.),(0.8999999999999999,0.),(0.8999999999999999,2.075),(0.049999999999999996,2.075),(0.049999999999999996,0.)));
#2510=IFCINDEXEDPOLYCURVE(#2509,(IFCLINEINDEX((1,2,3,4,5,6,7,8,1))),$);
#2511=IFCARBITRARYCLOSEDPROFILEDEF(.AREA.,$,#2510);
#2512=IFCCARTESIANPOINT((-0.024999999999999994,0.05,0.));
#2513=IFCDIRECTION((0.,-1.,0.));
#2514=IFCDIRECTION((1.,0.,0.));
#2515=IFCAXIS2PLACEMENT3D(#2512,#2513,#2514);
#2516=IFCDIRECTION((0.,0.,-1.));
#2517=IFCEXTRUDEDAREASOLID(#2511,#2515,#2516,0.005);
#2518=IFCCARTESIANPOINTLIST2D(((0.,0.),(0.85,0.),(0.85,0.035),(0.,0.035)));
#2519=IFCINDEXEDPOLYCURVE(#2518,(IFCLINEINDEX((1,2,3,4,1))),$);
#2520=IFCARBITRARYCLOSEDPROFILEDEF(.AREA.,$,#2519);
#2521=IFCCARTESIANPOINT((0.025,0.025,0.025));
#2522=IFCDIRECTION((0.,0.,1.));
#2523=IFCDIRECTION((1.,0.,0.));
#2524=IFCAXIS2PLACEMENT3D(#2521,#2522,#2523);
#2525=IFCDIRECTION((0.,0.,1.));
#2526=IFCEXTRUDEDAREASOLID(#2520,#2524,#2525,2.0500000000000003);
#2527=IFCCARTESIANPOINTLIST2D(((0.,0.),(0.,-0.04),(-0.11999999999999988,-0.04),(-0.11999999999999988,-0.02),(-0.020000000000000018,-0.02),(-0.020000000000000018,0.)));
#2528=IFCINDEXEDPOLYCURVE(#2527,(IFCLINEINDEX((1,2,3,4,5,6,1))),$);
#2529=IFCARBITRARYCLOSEDPROFILEDEF(.AREA.,$,#2528);
#2530=IFCCARTESIANPOINT((0.825,0.025,1.015));
#2531=IFCDIRECTION((0.,0.,1.));
#2532=IFCDIRECTION((1.,0.,0.));
#2533=IFCAXIS2PLACEMENT3D(#2530,#2531,#2532);
#2534=IFCDIRECTION((0.,0.,1.));
#2535=IFCEXTRUDEDAREASOLID(#2529,#2533,#2534,0.02);
#2536=IFCEXTRUDEDAREASOLID(#2537,#2540,#2544,0.02);
#2537=IFCARBITRARYCLOSEDPROFILEDEF(.AREA.,$,#2538);
#2538=IFCINDEXEDPOLYCURVE(#2539,(IFCLINEINDEX((1,2,3,4,5,6,1))),$);
#2539=IFCCARTESIANPOINTLIST2D(((0.,0.),(0.,0.04),(-0.11999999999999988,0.04),(-0.11999999999999988,0.02000000000000001),(-0.020000000000000018,0.02000000000000001),(-0.020000000000000018,0.)));
#2540=IFCAXIS2PLACEMENT3D(#2541,#2542,#2543);
#2541=IFCCARTESIANPOINT((0.825,0.060000000000000005,1.015));
#2542=IFCDIRECTION((0.,0.,1.));
#2543=IFCDIRECTION((1.,0.,0.));
#2544=IFCDIRECTION((0.,0.,1.));
#2545=IFCSHAPEREPRESENTATION(#16,'Body','SweptSolid',(#2481,#2490,#2526,#2535,#2536,#2499,#2508,#2517));
#2546=IFCPRODUCTDEFINITIONSHAPE($,$,(#2545));
#2547=IFCCARTESIANPOINT((18.55,10.,0.));
#2548=IFCDIRECTION((0.,0.,1.));
#2549=IFCDIRECTION((-1.,1.2246467991473532E-16,0.));
#2550=IFCAXIS2PLACEMENT3D(#2547,#2548,#2549);
#2551=IFCLOCALPLACEMENT($,#2550);
#2552=IFCRELFILLSELEMENT('0IkfnB1L5DQOCQjNtAfy8z',$,$,$,#2447,#2472);
#2553=IFCOWNERHISTORY(#5,#6,.READWRITE.,.MODIFIED.,1788884242,#5,#6,1788884242);
#2554=IFCOPENINGELEMENT('3Iams7GKn37uTgfDFJFz4v',#2553,'Opening for Corridor_Door_9',$,$,#2577,#2565,$,.OPENING.);
#2555=IFCCARTESIANPOINTLIST2D(((0.,0.),(0.,1.),(0.9,1.),(0.9,0.),(0.,0.)));
#2556=IFCINDEXEDPOLYCURVE(#2555,$,.F.);
#2557=IFCDIRECTION((0.,0.,1.));
#2558=IFCARBITRARYCLOSEDPROFILEDEF(.AREA.,$,#2556);
#2559=IFCCARTESIANPOINT((0.,0.,0.));
#2560=IFCDIRECTION((0.,0.,1.));
#2561=IFCDIRECTION((1.,0.,0.));
#2562=IFCAXIS2PLACEMENT3D(#2559,#2560,#2561);
#2563=IFCEXTRUDEDAREASOLID(#2558,#2562,#2557,2.1);
#2564=IFCSHAPEREPRESENTATION(#16,'Body','SweptSolid',(#2563));
#2565=IFCPRODUCTDEFINITIONSHAPE($,$,(#2564));
#2571=IFCOWNERHISTORY(#5,#6,.READWRITE.,.ADDED.,1788884242,#5,#6,1788884242);
#2572=IFCRELVOIDSELEMENT('2TSUHD4L11h9KEuU3zMLEe',#2571,$,$,#1642,#2554);
#2573=IFCCARTESIANPOINT((4.949999999999999,-0.5,0.));
#2574=IFCDIRECTION((0.,0.,1.));
#2575=IFCDIRECTION((1.,0.,0.));
#2576=IFCAXIS2PLACEMENT3D(#2573,#2574,#2575);
#2577=IFCLOCALPLACEMENT(#1661,#2576);
#2578=IFCOWNERHISTORY(#5,#6,.READWRITE.,.MODIFIED.,1788884242,#5,#6,1788884242);
#2579=IFCDOOR('3dV1yk_aHAAfBP7G3FLhK3',#2578,'Corridor_Door_9',$,$,#2658,#2653,$,$,$,.DOOR.,$,$);
#2580=IFCCARTESIANPOINTLIST2D(((0.,0.),(0.,2.1),(0.9,2.1),(0.9,0.),(0.875,0.),(0.875,2.075),(0.025,2.075),(0.025,0.)));
#2581=IFCINDEXEDPOLYCURVE(#2580,(IFCLINEINDEX((1,2,3,4,5,6,7,8,1))),$);
#2582=IFCARBITRARYCLOSEDPROFILEDEF(.AREA.,$,#2581);
#2583=IFCCARTESIANPOINT((0.,0.025,0.));
#2584=IFCDIRECTION((0.,-1.,0.));
#2585=IFCDIRECTION((1.,0.,0.));
#2586=IFCAXIS2PLACEMENT3D(#2583,#2584,#2585);
#2587=IFCDIRECTION((0.,0.,-1.));
#2588=IFCEXTRUDEDAREASOLID(#2582,#2586,#2587,0.025);
#2589=IFCCARTESIANPOINTLIST2D(((0.,0.),(0.,2.1),(0.9,2.1),(0.9,0.),(0.85,0.),(0.85,2.0500000000000003),(0.05,2.0500000000000003),(0.05,0.)));
#2590=IFCINDEXEDPOLYCURVE(#2589,(IFCLINEINDEX((1,2,3,4,5,6,7,8,1))),$);
#2591=IFCARBITRARYCLOSEDPROFILEDEF(.AREA.,$,#2590);
#2592=IFCCARTESIANPOINT((0.,0.,0.));
#2593=IFCDIRECTION((0.,-1.,0.));
#2594=IFCDIRECTION((1.,0.,0.));
#2595=IFCAXIS2PLACEMENT3D(#2592,#2593,#2594);
#2596=IFCDIRECTION((0.,0.,-1.));
#2597=IFCEXTRUDEDAREASOLID(#2591,#2595,#2596,0.025);
#2598=IFCCARTESIANPOINTLIST2D(((0.,0.),(0.8,0.),(0.8,0.1),(0.,0.1)));
#2599=IFCINDEXEDPOLYCURVE(#2598,(IFCLINEINDEX((1,2,3,4,1))),$);
#2600=IFCARBITRARYCLOSEDPROFILEDEF(.AREA.,$,#2599);
#2601=IFCCARTESIANPOINT((0.05,0.,0.));
#2602=IFCDIRECTION((0.,0.,1.));
#2603=IFCDIRECTION((1.,0.,0.));
#2604=IFCAXIS2PLACEMENT3D(#2601,#2602,#2603);
#2605=IFCDIRECTION((0.,0.,1.));
#2606=IFCEXTRUDEDAREASOLID(#2600,#2604,#2605,0.025);
#2607=IFCCARTESIANPOINTLIST2D(((0.,0.),(0.,2.125),(0.95,2.125),(0.95,0.),(0.875,0.),(0.875,2.05),(0.075,2.05),(0.075,0.)));
#2608=IFCINDEXEDPOLYCURVE(#2607,(IFCLINEINDEX((1,2,3,4,5,6,7,8,1))),$);
#2609=IFCARBITRARYCLOSEDPROFILEDEF(.AREA.,$,#2608);
#2610=IFCCARTESIANPOINT((-0.024999999999999994,-0.005,0.));
#2611=IFCDIRECTION((0.,-1.,0.));
#2612=IFCDIRECTION((1.,0.,0.));
#2613=IFCAXIS2PLACEMENT3D(#2610,#2611,#2612);
#2614=IFCDIRECTION((0.,0.,-1.));
#2615=IFCEXTRUDEDAREASOLID(#2609,#2613,#2614,0.005);
#2616=IFCCARTESIANPOINTLIST2D(((0.,0.),(0.,2.125),(0.95,2.125),(0.95,0.),(0.8999999999999999,0.),(0.8999999999999999,2.075),(0.049999999999999996,2.075),(0.049999999999999996,0.)));
#2617=IFCINDEXEDPOLYCURVE(#2616,(IFCLINEINDEX((1,2,3,4,5,6,7,8,1))),$);
#2618=IFCARBITRARYCLOSEDPROFILEDEF(.AREA.,$,#2617);
#2619=IFCCARTESIANPOINT((-0.024999999999999994,0.05,0.));
#2620=IFCDIRECTION((0.,-1.,0.));
#2621=IFCDIRECTION((1.,0.,0.));
#2622=IFCAXIS2PLACEMENT3D(#2619,#2620,#2621);
#2623=IFCDIRECTION((0.,0.,-1.));
#2624=IFCEXTRUDEDAREASOLID(#2618,#2622,#2623,0.005);
#2625=IFCCARTESIANPOINTLIST2D(((0.,0.),(0.85,0.),(0.85,0.035),(0.,0.035)));
#2626=IFCINDEXEDPOLYCURVE(#2625,(IFCLINEINDEX((1,2,3,4,1))),$);
#2627=IFCARBITRARYCLOSEDPROFILEDEF(.AREA.,$,#2626);
#2628=IFCCARTESIANPOINT((0.025,0.025,0.025));
#2629=IFCDIRECTION((0.,0.,1.));
#2630=IFCDIRECTION((1.,0.,0.));
#2631=IFCAXIS2PLACEMENT3D(#2628,#2629,#2630);
#2632=IFCDIRECTION((0.,0.,1.));
#2633=IFCEXTRUDEDAREASOLID(#2627,#2631,#2632,2.0500000000000003);
#2634=IFCCARTESIANPOINTLIST2D(((0.,0.),(0.,-0.04),(-0.11999999999999988,-0.04),(-0.11999999999999988,-0.02),(-0.020000000000000018,-0.02),(-0.020000000000000018,0.)));
#2635=IFCINDEXEDPOLYCURVE(#2634,(IFCLINEINDEX((1,2,3,4,5,6,1))),$);
#2636=IFCARBITRARYCLOSEDPROFILEDEF(.AREA.,$,#2635);
#2637=IFCCARTESIANPOINT((0.825,0.025,1.015));
#2638=IFCDIRECTION((0.,0.,1.));
#2639=IFCDIRECTION((1.,0.,0.));
#2640=IFCAXIS2PLACEMENT3D(#2637,#2638,#2639);
#2641=IFCDIRECTION((0.,0.,1.));
#2642=IFCEXTRUDEDAREASOLID(#2636,#2640,#2641,0.02);
#2643=IFCEXTRUDEDAREASOLID(#2644,#2647,#2651,0.02);
#2644=IFCARBITRARYCLOSEDPROFILEDEF(.AREA.,$,#2645);
#2645=IFCINDEXEDPOLYCURVE(#2646,(IFCLINEINDEX((1,2,3,4,5,6,1))),$);
#2646=IFCCARTESIANPOINTLIST2D(((0.,0.),(0.,0.04),(-0.11999999999999988,0.04),(-0.11999999999999988,0.02000000000000001),(-0.020000000000000018,0.02000000000000001),(-0.020000000000000018,0.)));
#2647=IFCAXIS2PLACEMENT3D(#2648,#2649,#2650);
#2648=IFCCARTESIANPOINT((0.825,0.060000000000000005,1.015));
#2649=IFCDIRECTION((0.,0.,1.));
#2650=IFCDIRECTION((1.,0.,0.));
#2651=IFCDIRECTION((0.,0.,1.));
#2652=IFCSHAPEREPRESENTATION(#16,'Body','SweptSolid',(#2588,#2597,#2633,#2642,#2643,#2606,#2615,#2624));
#2653=IFCPRODUCTDEFINITIONSHAPE($,$,(#2652));
#2654=IFCCARTESIANPOINT((23.05,10.,0.));
#2655=IFCDIRECTION((0.,0.,1.));
#2656=IFCDIRECTION((-1.,1.2246467991473532E-16,0.));
#2657=IFCAXIS2PLACEMENT3D(#2654,#2655,#2656);
#2658=IFCLOCALPLACEMENT($,#2657);
#2659=IFCRELFILLSELEMENT('1WQejbMPT6DvpHng3D_myu',$,$,$,#2554,#2579);
#2660=IFCOWNERHISTORY(#5,#6,.READWRITE.,.MODIFIED.,1788884242,#5,#6,1788884242);
#2661=IFCOPENINGELEMENT('3zd3MtNkjA7uoTrtw9ICUj',#2660,'Opening for Corridor_Door_10',$,$,#2684,#2672,$,.OPENING.);
#2662=IFCCARTESIANPOINTLIST2D(((0.,0.),(0.,1.),(0.9,1.),(0.9,0.),(0.,0.)));
#2663=IFCINDEXEDPOLYCURVE(#2662,$,.F.);
#2664=IFCDIRECTION((0.,0.,1.));
#2665=IFCARBITRARYCLOSEDPROFILEDEF(.AREA.,$,#2663);
#2666=IFCCARTESIANPOINT((0.,0.,0.));
#2667=IFCDIRECTION((0.,0.,1.));
#2668=IFCDIRECTION((1.,0.,0.));
#2669=IFCAXIS2PLACEMENT3D(#2666,#2667,#2668);
#2670=IFCEXTRUDEDAREASOLID(#2665,#2669,#2664,2.1);
#2671=IFCSHAPEREPRESENTATION(#16,'Body','SweptSolid',(#2670));
#2672=IFCPRODUCTDEFINITIONSHAPE($,$,(#2671));
#2678=IFCOWNERHISTORY(#5,#6,.READWRITE.,.ADDED.,1788884242,#5,#6,1788884242);
#2679=IFCRELVOIDSELEMENT('33oc7hDOH6_QxNB01EijnS',#2678,$,$,#1642,#2661);
#2680=IFCCARTESIANPOINT((1.9499999999999993,-0.5,0.));
#2681=IFCDIRECTION((0.,0.,1.));
#2682=IFCDIRECTION((1.,0.,0.));
#2683=IFCAXIS2PLACEMENT3D(#2680,#2681,#2682);
#2684=IFCLOCALPLACEMENT(#1661,#2683);
#2685=IFCOWNERHISTORY(#5,#6,.READWRITE.,.MODIFIED.,1788884242,#5,#6,1788884242);
#2686=IFCDOOR('2BQm5lp4v7CALOoDAMELZJ',#2685,'Corridor_Door_10',$,$,#2765,#2760,$,$,$,.DOOR.,$,$);
#2687=IFCCARTESIANPOINTLIST2D(((0.,0.),(0.,2.1),(0.9,2.1),(0.9,0.),(0.875,0.),(0.875,2.075),(0.025,2.075),(0.025,0.)));
#2688=IFCINDEXEDPOLYCURVE(#2687,(IFCLINEINDEX((1,2,3,4,5,6,7,8,1))),$);
#2689=IFCARBITRARYCLOSEDPROFILEDEF(.AREA.,$,#2688);
#2690=IFCCARTESIANPOINT((0.,0.025,0.));
#2691=IFCDIRECTION((0.,-1.,0.));
#2692=IFCDIRECTION((1.,0.,0.));
#2693=IFCAXIS2PLACEMENT3D(#2690,#2691,#2692);
#2694=IFCDIRECTION((0.,0.,-1.));
#2695=IFCEXTRUDEDAREASOLID(#2689,#2693,#2694,0.025);
#2696=IFCCARTESIANPOINTLIST2D(((0.,0.),(0.,2.1),(0.9,2.1),(0.9,0.),(0.85,0.),(0.85,2.0500000000000003),(0.05,2.0500000000000003),(0.05,0.)));
#2697=IFCINDEXEDPOLYCURVE(#2696,(IFCLINEINDEX((1,2,3,4,5,6,7,8,1))),$);
#2698=IFCARBITRARYCLOSEDPROFILEDEF(.AREA.,$,#2697);
#2699=IFCCARTESIANPOINT((0.,0.,0.));
#2700=IFCDIRECTION((0.,-1.,0.));
#2701=IFCDIRECTION((1.,0.,0.));
#2702=IFCAXIS2PLACEMENT3D(#2699,#2700,#2701);
#2703=IFCDIRECTION((0.,0.,-1.));
#2704=IFCEXTRUDEDAREASOLID(#2698,#2702,#2703,0.025);
#2705=IFCCARTESIANPOINTLIST2D(((0.,0.),(0.8,0.),(0.8,0.1),(0.,0.1)));
#2706=IFCINDEXEDPOLYCURVE(#2705,(IFCLINEINDEX((1,2,3,4,1))),$);
#2707=IFCARBITRARYCLOSEDPROFILEDEF(.AREA.,$,#2706);
#2708=IFCCARTESIANPOINT((0.05,0.,0.));
#2709=IFCDIRECTION((0.,0.,1.));
#2710=IFCDIRECTION((1.,0.,0.));
#2711=IFCAXIS2PLACEMENT3D(#2708,#2709,#2710);
#2712=IFCDIRECTION((0.,0.,1.));
#2713=IFCEXTRUDEDAREASOLID(#2707,#2711,#2712,0.025);
#2714=IFCCARTESIANPOINTLIST2D(((0.,0.),(0.,2.125),(0.95,2.125),(0.95,0.),(0.875,0.),(0.875,2.05),(0.075,2.05),(0.075,0.)));
#2715=IFCINDEXEDPOLYCURVE(#2714,(IFCLINEINDEX((1,2,3,4,5,6,7,8,1))),$);
#2716=IFCARBITRARYCLOSEDPROFILEDEF(.AREA.,$,#2715);
#2717=IFCCARTESIANPOINT((-0.024999999999999994,-0.005,0.));
#2718=IFCDIRECTION((0.,-1.,0.));
#2719=IFCDIRECTION((1.,0.,0.));
#2720=IFCAXIS2PLACEMENT3D(#2717,#2718,#2719);
#2721=IFCDIRECTION((0.,0.,-1.));
#2722=IFCEXTRUDEDAREASOLID(#2716,#2720,#2721,0.005);
#2723=IFCCARTESIANPOINTLIST2D(((0.,0.),(0.,2.125),(0.95,2.125),(0.95,0.),(0.8999999999999999,0.),(0.8999999999999999,2.075),(0.049999999999999996,2.075),(0.049999999999999996,0.)));
#2724=IFCINDEXEDPOLYCURVE(#2723,(IFCLINEINDEX((1,2,3,4,5,6,7,8,1))),$);
#2725=IFCARBITRARYCLOSEDPROFILEDEF(.AREA.,$,#2724);
#2726=IFCCARTESIANPOINT((-0.024999999999999994,0.05,0.));
#2727=IFCDIRECTION((0.,-1.,0.));
#2728=IFCDIRECTION((1.,0.,0.));
#2729=IFCAXIS2PLACEMENT3D(#2726,#2727,#2728);
#2730=IFCDIRECTION((0.,0.,-1.));
#2731=IFCEXTRUDEDAREASOLID(#2725,#2729,#2730,0.005);
#2732=IFCCARTESIANPOINTLIST2D(((0.,0.),(0.85,0.),(0.85,0.035),(0.,0.035)));
#2733=IFCINDEXEDPOLYCURVE(#2732,(IFCLINEINDEX((1,2,3,4,1))),$);
#2734=IFCARBITRARYCLOSEDPROFILEDEF(.AREA.,$,#2733);
#2735=IFCCARTESIANPOINT((0.025,0.025,0.025));
#2736=IFCDIRECTION((0.,0.,1.));
#2737=IFCDIRECTION((1.,0.,0.));
#2738=IFCAXIS2PLACEMENT3D(#2735,#2736,#2737);
#2739=IFCDIRECTION((0.,0.,1.));
#2740=IFCEXTRUDEDAREASOLID(#2734,#2738,#2739,2.0500000000000003);
#2741=IFCCARTESIANPOINTLIST2D(((0.,0.),(0.,-0.04),(-0.11999999999999988,-0.04),(-0.11999999999999988,-0.02),(-0.020000000000000018,-0.02),(-0.020000000000000018,0.)));
#2742=IFCINDEXEDPOLYCURVE(#2741,(IFCLINEINDEX((1,2,3,4,5,6,1))),$);
#2743=IFCARBITRARYCLOSEDPROFILEDEF(.AREA.,$,#2742);
#2744=IFCCARTESIANPOINT((0.825,0.025,1.015));
#2745=IFCDIRECTION((0.,0.,1.));
#2746=IFCDIRECTION((1.,0.,0.));
#2747=IFCAXIS2PLACEMENT3D(#2744,#2745,#2746);
#2748=IFCDIRECTION((0.,0.,1.));
#2749=IFCEXTRUDEDAREASOLID(#2743,#2747,#2748,0.02);
#2750=IFCEXTRUDEDAREASOLID(#2751,#2754,#2758,0.02);
#2751=IFCARBITRARYCLOSEDPROFILEDEF(.AREA.,$,#2752);
#2752=IFCINDEXEDPOLYCURVE(#2753,(IFCLINEINDEX((1,2,3,4,5,6,1))),$);
#2753=IFCCARTESIANPOINTLIST2D(((0.,0.),(0.,0.04),(-0.11999999999999988,0.04),(-0.11999999999999988,0.02000000000000001),(-0.020000000000000018,0.02000000000000001),(-0.020000000000000018,0.)));
#2754=IFCAXIS2PLACEMENT3D(#2755,#2756,#2757);
#2755=IFCCARTESIANPOINT((0.825,0.060000000000000005,1.015));
#2756=IFCDIRECTION((0.,0.,1.));
#2757=IFCDIRECTION((1.,0.,0.));
#2758=IFCDIRECTION((0.,0.,1.));
#2759=IFCSHAPEREPRESENTATION(#16,'Body','SweptSolid',(#2695,#2704,#2740,#2749,#2750,#2713,#2722,#2731));
#2760=IFCPRODUCTDEFINITIONSHAPE($,$,(#2759));
#2761=IFCCARTESIANPOINT((26.05,10.,0.));
#2762=IFCDIRECTION((0.,0.,1.));
#2763=IFCDIRECTION((-1.,1.2246467991473532E-16,0.));
#2764=IFCAXIS2PLACEMENT3D(#2761,#2762,#2763);
#2765=IFCLOCALPLACEMENT($,#2764);
#2766=IFCRELFILLSELEMENT('1trxtqPC1CsPx8TM38obo7',$,$,$,#2661,#2686);
#2767=IFCOWNERHISTORY(#5,#6,.READWRITE.,.MODIFIED.,1788884252,#5,#6,1788884252);
#2768=IFCWALL('3nOYkGxCXBT8d7$9bdmHHW',#2767,'Office_1_Wall_South',$,$,#2787,#2779,$,$);
#2769=IFCCARTESIANPOINTLIST2D(((0.,0.),(0.,0.2),(4.,0.2),(4.,0.),(0.,0.)));
#2770=IFCINDEXEDPOLYCURVE(#2769,$,.F.);
#2771=IFCDIRECTION((0.,0.,1.));
#2772=IFCARBITRARYCLOSEDPROFILEDEF(.AREA.,$,#2770);
#2773=IFCCARTESIANPOINT((0.,-0.1,0.));
#2774=IFCDIRECTION((0.,0.,1.));
#2775=IFCDIRECTION((1.,0.,0.));
#2776=IFCAXIS2PLACEMENT3D(#2773,#2774,#2775);
#2777=IFCEXTRUDEDAREASOLID(#2772,#2776,#2771,3.2);
#2778=IFCSHAPEREPRESENTATION(#16,'Body','SweptSolid',(#2777));
#2779=IFCPRODUCTDEFINITIONSHAPE($,$,(#2778,#2782));
#2780=IFCCARTESIANPOINTLIST2D(((0.,0.),(4.,0.)));
#2781=IFCINDEXEDPOLYCURVE(#2780,$,.F.);
#2782=IFCSHAPEREPRESENTATION(#17,'Axis','Curve2D',(#2781));
#2783=IFCCARTESIANPOINT((0.,10.,0.));
#2784=IFCDIRECTION((0.,0.,1.));
#2785=IFCDIRECTION((1.,0.,0.));
#2786=IFCAXIS2PLACEMENT3D(#2783,#2784,#2785);
#2787=IFCLOCALPLACEMENT($,#2786);
#2788=IFCOWNERHISTORY(#5,#6,.READWRITE.,.MODIFIED.,1788884252,#5,#6,1788884252);
#2789=IFCWALL('0pMkZeeUf0VBu6lcfY9PA$',#2788,'Office_1_Wall_East',$,$,#2808,#2800,$,$);
#2790=IFCCARTESIANPOINTLIST2D(((0.,0.),(0.,0.2),(4.,0.2),(4.,0.),(0.,0.)));
#2791=IFCINDEXEDPOLYCURVE(#2790,$,.F.);
#2792=IFCDIRECTION((0.,0.,1.));
#2793=IFCARBITRARYCLOSEDPROFILEDEF(.AREA.,$,#2791);
#2794=IFCCARTESIANPOINT((0.,-0.1,0.));
#2795=IFCDIRECTION((0.,0.,1.));
#2796=IFCDIRECTION((1.,0.,0.));
#2797=IFCAXIS2PLACEMENT3D(#2794,#2795,#2796);
#2798=IFCEXTRUDEDAREASOLID(#2793,#2797,#2792,3.2);
#2799=IFCSHAPEREPRESENTATION(#16,'Body','SweptSolid',(#2798));
#2800=IFCPRODUCTDEFINITIONSHAPE($,$,(#2799,#2803));
#2801=IFCCARTESIANPOINTLIST2D(((0.,0.),(4.,0.)));
#2802=IFCINDEXEDPOLYCURVE(#2801,$,.F.);
#2803=IFCSHAPEREPRESENTATION(#17,'Axis','Curve2D',(#2802));
#2804=IFCCARTESIANPOINT((4.,10.,0.));
#2805=IFCDIRECTION((0.,0.,1.));
#2806=IFCDIRECTION((6.123233995736766E-17,1.,0.));
#2807=IFCAXIS2PLACEMENT3D(#2804,#2805,#2806);
#2808=IFCLOCALPLACEMENT($,#2807);
#2809=IFCOWNERHISTORY(#5,#6,.READWRITE.,.MODIFIED.,1788884252,#5,#6,1788884252);
#2810=IFCWALL('1A1hF4yq1A4vhIJnC6_m7b',#2809,'Office_1_Wall_North',$,$,#2829,#2821,$,$);
#2811=IFCCARTESIANPOINTLIST2D(((0.,0.),(0.,0.2),(4.,0.2),(4.,0.),(0.,0.)));
#2812=IFCINDEXEDPOLYCURVE(#2811,$,.F.);
#2813=IFCDIRECTION((0.,0.,1.));
#2814=IFCARBITRARYCLOSEDPROFILEDEF(.AREA.,$,#2812);
#2815=IFCCARTESIANPOINT((0.,-0.1,0.));
#2816=IFCDIRECTION((0.,0.,1.));
#2817=IFCDIRECTION((1.,0.,0.));
#2818=IFCAXIS2PLACEMENT3D(#2815,#2816,#2817);
#2819=IFCEXTRUDEDAREASOLID(#2814,#2818,#2813,3.2);
#2820=IFCSHAPEREPRESENTATION(#16,'Body','SweptSolid',(#2819));
#2821=IFCPRODUCTDEFINITIONSHAPE($,$,(#2820,#2824));
#2822=IFCCARTESIANPOINTLIST2D(((0.,0.),(4.,0.)));
#2823=IFCINDEXEDPOLYCURVE(#2822,$,.F.);
#2824=IFCSHAPEREPRESENTATION(#17,'Axis','Curve2D',(#2823));
#2825=IFCCARTESIANPOINT((4.,14.,0.));
#2826=IFCDIRECTION((0.,0.,1.));
#2827=IFCDIRECTION((-1.,1.2246467991473532E-16,0.));
#2828=IFCAXIS2PLACEMENT3D(#2825,#2826,#2827);
#2829=IFCLOCALPLACEMENT($,#2828);
#2830=IFCOWNERHISTORY(#5,#6,.READWRITE.,.MODIFIED.,1788884252,#5,#6,1788884252);
#2831=IFCWALL('2DUygBzfD6M9hndhXecv3P',#2830,'Office_1_Wall_West',$,$,#2850,#2842,$,$);
#2832=IFCCARTESIANPOINTLIST2D(((0.,0.),(0.,0.2),(4.,0.2),(4.,0.),(0.,0.)));
#2833=IFCINDEXEDPOLYCURVE(#2832,$,.F.);
#2834=IFCDIRECTION((0.,0.,1.));
#2835=IFCARBITRARYCLOSEDPROFILEDEF(.AREA.,$,#2833);
#2836=IFCCARTESIANPOINT((0.,-0.1,0.));
#2837=IFCDIRECTION((0.,0.,1.));
#2838=IFCDIRECTION((1.,0.,0.));
#2839=IFCAXIS2PLACEMENT3D(#2836,#2837,#2838);
#2840=IFCEXTRUDEDAREASOLID(#2835,#2839,#2834,3.2);
#2841=IFCSHAPEREPRESENTATION(#16,'Body','SweptSolid',(#2840));
#2842=IFCPRODUCTDEFINITIONSHAPE($,$,(#2841,#2845));
#2843=IFCCARTESIANPOINTLIST2D(((0.,0.),(4.,0.)));
#2844=IFCINDEXEDPOLYCURVE(#2843,$,.F.);
#2845=IFCSHAPEREPRESENTATION(#17,'Axis','Curve2D',(#2844));
#2846=IFCCARTESIANPOINT((0.,14.,0.));
#2847=IFCDIRECTION((0.,0.,1.));
#2848=IFCDIRECTION((-1.8369701987210297E-16,-1.,0.));
#2849=IFCAXIS2PLACEMENT3D(#2846,#2847,#2848);
#2850=IFCLOCALPLACEMENT($,#2849);
#2851=IFCOWNERHISTORY(#5,#6,.READWRITE.,.MODIFIED.,1788884253,#5,#6,1788884252);
#2852=IFCSLAB('1O9erJAuT0Nv$OgyVVSkz1',#2851,'Office_1_Floor',$,$,#2864,#2859,$,$);
#2853=IFCCARTESIANPOINTLIST2D(((0.,0.),(4.,0.),(4.,4.),(0.,4.)));
#2854=IFCINDEXEDPOLYCURVE(#2853,$,$);
#2855=IFCDIRECTION((0.,0.,1.));
#2856=IFCARBITRARYCLOSEDPROFILEDEF(.AREA.,$,#2854);
#2857=IFCEXTRUDEDAREASOLID(#2856,$,#2855,0.2);
#2858=IFCSHAPEREPRESENTATION(#16,'Body','SweptSolid',(#2857));
#2859=IFCPRODUCTDEFINITIONSHAPE($,$,(#2858));
#2860=IFCCARTESIANPOINT((0.,10.,0.));
#2861=IFCDIRECTION((0.,0.,1.));
#2862=IFCDIRECTION((1.,0.,0.));
#2863=IFCAXIS2PLACEMENT3D(#2860,#2861,#2862);
#2864=IFCLOCALPLACEMENT($,#2863);
#2865=IFCOWNERHISTORY(#5,#6,.READWRITE.,.MODIFIED.,1788884253,#5,#6,1788884253);
#2866=IFCOPENINGELEMENT('16k8MeFCj7GenXVuy8V512',#2865,'Opening for Office_1_Door_1',$,$,#2889,#2877,$,.OPENING.);
#2867=IFCCARTESIANPOINTLIST2D(((0.,0.),(0.,1.),(0.9,1.),(0.9,0.),(0.,0.)));
#2868=IFCINDEXEDPOLYCURVE(#2867,$,.F.);
#2869=IFCDIRECTION((0.,0.,1.));
#2870=IFCARBITRARYCLOSEDPROFILEDEF(.AREA.,$,#2868);
#2871=IFCCARTESIANPOINT((0.,0.,0.));
#2872=IFCDIRECTION((0.,0.,1.));
#2873=IFCDIRECTION((1.,0.,0.));
#2874=IFCAXIS2PLACEMENT3D(#2871,#2872,#2873);
#2875=IFCEXTRUDEDAREASOLID(#2870,#2874,#2869,2.1);
#2876=IFCSHAPEREPRESENTATION(#16,'Body','SweptSolid',(#2875));
#2877=IFCPRODUCTDEFINITIONSHAPE($,$,(#2876));
#2883=IFCOWNERHISTORY(#5,#6,.READWRITE.,.ADDED.,1788884253,#5,#6,1788884253);
#2884=IFCRELVOIDSELEMENT('1NOea4Z5z2oQmqCuHB3nJ2',#2883,$,$,#2768,#2866);
#2885=IFCCARTESIANPOINT((2.,-0.5,0.));
#2886=IFCDIRECTION((0.,0.,1.));
#2887=IFCDIRECTION((1.,0.,0.));
#2888=IFCAXIS2PLACEMENT3D(#2885,#2886,#2887);
#2889=IFCLOCALPLACEMENT(#2787,#2888);
#2890=IFCOWNERHISTORY(#5,#6,.READWRITE.,.MODIFIED.,1788884253,#5,#6,1788884253);
#2891=IFCDOOR('1d8ZNY1bn3MPadfzM2KlQf',#2890,'Office_1_Door_1',$,$,#2970,#2965,$,$,$,.DOOR.,$,$);
#2892=IFCCARTESIANPOINTLIST2D(((0.,0.),(0.,2.1),(0.9,2.1),(0.9,0.),(0.875,0.),(0.875,2.075),(0.025,2.075),(0.025,0.)));
#2893=IFCINDEXEDPOLYCURVE(#2892,(IFCLINEINDEX((1,2,3,4,5,6,7,8,1))),$);
#2894=IFCARBITRARYCLOSEDPROFILEDEF(.AREA.,$,#2893);
#2895=IFCCARTESIANPOINT((0.,0.025,0.));
#2896=IFCDIRECTION((0.,-1.,0.));
#2897=IFCDIRECTION((1.,0.,0.));
#2898=IFCAXIS2PLACEMENT3D(#2895,#2896,#2897);
#2899=IFCDIRECTION((0.,0.,-1.));
#2900=IFCEXTRUDEDAREASOLID(#2894,#2898,#2899,0.025);
#2901=IFCCARTESIANPOINTLIST2D(((0.,0.),(0.,2.1),(0.9,2.1),(0.9,0.),(0.85,0.),(0.85,2.0500000000000003),(0.05,2.0500000000000003),(0.05,0.)));
#2902=IFCINDEXEDPOLYCURVE(#2901,(IFCLINEINDEX((1,2,3,4,5,6,7,8,1))),$);
#2903=IFCARBITRARYCLOSEDPROFILEDEF(.AREA.,$,#2902);
#2904=IFCCARTESIANPOINT((0.,0.,0.));
#2905=IFCDIRECTION((0.,-1.,0.));
#2906=IFCDIRECTION((1.,0.,0.));
#2907=IFCAXIS2PLACEMENT3D(#2904,#2905,#2906);
#2908=IFCDIRECTION((0.,0.,-1.));
#2909=IFCEXTRUDEDAREASOLID(#2903,#2907,#2908,0.025);
#2910=IFCCARTESIANPOINTLIST2D(((0.,0.),(0.8,0.),(0.8,0.1),(0.,0.1)));
#2911=IFCINDEXEDPOLYCURVE(#2910,(IFCLINEINDEX((1,2,3,4,1))),$);
#2912=IFCARBITRARYCLOSEDPROFILEDEF(.AREA.,$,#2911);
#2913=IFCCARTESIANPOINT((0.05,0.,0.));
#2914=IFCDIRECTION((0.,0.,1.));
#2915=IFCDIRECTION((1.,0.,0.));
#2916=IFCAXIS2PLACEMENT3D(#2913,#2914,#2915);
#2917=IFCDIRECTION((0.,0.,1.));
#2918=IFCEXTRUDEDAREASOLID(#2912,#2916,#2917,0.025);
#2919=IFCCARTESIANPOINTLIST2D(((0.,0.),(0.,2.125),(0.95,2.125),(0.95,0.),(0.875,0.),(0.875,2.05),(0.075,2.05),(0.075,0.)));
#2920=IFCINDEXEDPOLYCURVE(#2919,(IFCLINEINDEX((1,2,3,4,5,6,7,8,1))),$);
#2921=IFCARBITRARYCLOSEDPROFILEDEF(.AREA.,$,#2920);
#2922=IFCCARTESIANPOINT((-0.024999999999999994,-0.005,0.));
#2923=IFCDIRECTION((0.,-1.,0.));
#2924=IFCDIRECTION((1.,0.,0.));
#2925=IFCAXIS2PLACEMENT3D(#2922,#2923,#2924);
#2926=IFCDIRECTION((0.,0.,-1.));
#2927=IFCEXTRUDEDAREASOLID(#2921,#2925,#2926,0.005);
#2928=IFCCARTESIANPOINTLIST2D(((0.,0.),(0.,2.125),(0.95,2.125),(0.95,0.),(0.8999999999999999,0.),(0.8999999999999999,2.075),(0.049999999999999996,2.075),(0.049999999999999996,0.)));
#2929=IFCINDEXEDPOLYCURVE(#2928,(IFCLINEINDEX((1,2,3,4,5,6,7,8,1))),$);
#2930=IFCARBITRARYCLOSEDPROFILEDEF(.AREA.,$,#2929);
#2931=IFCCARTESIANPOINT((-0.024999999999999994,0.05,0.));
#2932=IFCDIRECTION((0.,-1.,0.));
#2933=IFCDIRECTION((1.,0.,0.));
#2934=IFCAXIS2PLACEMENT3D(#2931,#2932,#2933);
#2935=IFCDIRECTION((0.,0.,-1.));
#2936=IFCEXTRUDEDAREASOLID(#2930,#2934,#2935,0.005);
#2937=IFCCARTESIANPOINTLIST2D(((0.,0.),(0.85,0.),(0.85,0.035),(0.,0.035)));
#2938=IFCINDEXEDPOLYCURVE(#2937,(IFCLINEINDEX((1,2,3,4,1))),$);
#2939=IFCARBITRARYCLOSEDPROFILEDEF(.AREA.,$,#2938);
#2940=IFCCARTESIANPOINT((0.025,0.025,0.025));
#2941=IFCDIRECTION((0.,0.,1.));
#2942=IFCDIRECTION((1.,0.,0.));
#2943=IFCAXIS2PLACEMENT3D(#2940,#2941,#2942);
#2944=IFCDIRECTION((0.,0.,1.));
#2945=IFCEXTRUDEDAREASOLID(#2939,#2943,#2944,2.0500000000000003);
#2946=IFCCARTESIANPOINTLIST2D(((0.,0.),(0.,-0.04),(-0.11999999999999988,-0.04),(-0.11999999999999988,-0.02),(-0.020000000000000018,-0.02),(-0.020000000000000018,0.)));
#2947=IFCINDEXEDPOLYCURVE(#2946,(IFCLINEINDEX((1,2,3,4,5,6,1))),$);
#2948=IFCARBITRARYCLOSEDPROFILEDEF(.AREA.,$,#2947);
#2949=IFCCARTESIANPOINT((0.825,0.025,1.015));
#2950=IFCDIRECTION((0.,0.,1.));
#2951=IFCDIRECTION((1.,0.,0.));
#2952=IFCAXIS2PLACEMENT3D(#2949,#2950,#2951);
#2953=IFCDIRECTION((0.,0.,1.));
#2954=IFCEXTRUDEDAREASOLID(#2948,#2952,#2953,0.02);
#2955=IFCEXTRUDEDAREASOLID(#2956,#2959,#2963,0.02);
#2956=IFCARBITRARYCLOSEDPROFILEDEF(.AREA.,$,#2957);
#2957=IFCINDEXEDPOLYCURVE(#2958,(IFCLINEINDEX((1,2,3,4,5,6,1))),$);
#2958=IFCCARTESIANPOINTLIST2D(((0.,0.),(0.,0.04),(-0.11999999999999988,0.04),(-0.11999999999999988,0.02000000000000001),(-0.020000000000000018,0.02000000000000001),(-0.020000000000000018,0.)));
#2959=IFCAXIS2PLACEMENT3D(#2960,#2961,#2962);
#2960=IFCCARTESIANPOINT((0.825,0.060000000000000005,1.015));
#2961=IFCDIRECTION((0.,0.,1.));
#2962=IFCDIRECTION((1.,0.,0.));
#2963=IFCDIRECTION((0.,0.,1.));
#2964=IFCSHAPEREPRESENTATION(#16,'Body','SweptSolid',(#2900,#2909,#2945,#2954,#2955,#2918,#2927,#2936));
#2965=IFCPRODUCTDEFINITIONSHAPE($,$,(#2964));
#2966=IFCCARTESIANPOINT((2.,10.,0.));
#2967=IFCDIRECTION((0.,0.,1.));
#2968=IFCDIRECTION((1.,0.,0.));
#2969=IFCAXIS2PLACEMENT3D(#2966,#2967,#2968);
#2970=IFCLOCALPLACEMENT($,#2969);
#2971=IFCRELFILLSELEMENT('0RQDEa_VnDAAP_l0yU8T11',$,$,$,#2866,#2891);
#2972=IFCOWNERHISTORY(#5,#6,.READWRITE.,.MODIFIED.,1788884253,#5,#6,1788884253);
#2973=IFCOPENINGELEMENT('13WcxOrCL4O8Yvf8AmRZ2b',#2972,'Opening for Office_1_Window_1',$,$,#2996,#2984,$,.OPENING.);
#2974=IFCCARTESIANPOINTLIST2D(((0.,0.),(0.,1.),(1.5,1.),(1.5,0.),(0.,0.)));
#2975=IFCINDEXEDPOLYCURVE(#2974,$,.F.);
#2976=IFCDIRECTION((0.,0.,1.));
#2977=IFCARBITRARYCLOSEDPROFILEDEF(.AREA.,$,#2975);
#2978=IFCCARTESIANPOINT((0.,0.,0.));
#2979=IFCDIRECTION((0.,0.,1.));
#2980=IFCDIRECTION((1.,0.,0.));
#2981=IFCAXIS2PLACEMENT3D(#2978,#2979,#2980);
#2982=IFCEXTRUDEDAREASOLID(#2977,#2981,#2976,1.5);
#2983=IFCSHAPEREPRESENTATION(#16,'Body','SweptSolid',(#2982));
#2984=IFCPRODUCTDEFINITIONSHAPE($,$,(#2983));
#2990=IFCOWNERHISTORY(#5,#6,.READWRITE.,.ADDED.,1788884253,#5,#6,1788884253);
#2991=IFCRELVOIDSELEMENT('0BEMlX$4fB$RpdrVmrMVxc',#2990,$,$,#2831,#2973);
#2992=IFCCARTESIANPOINT((1.9499999999999993,-0.49999999999999967,0.9));
#2993=IFCDIRECTION((0.,0.,1.));
#2994=IFCDIRECTION((1.,0.,0.));
#2995=IFCAXIS2PLACEMENT3D(#2992,#2993,#2994);
#2996=IFCLOCALPLACEMENT(#2850,#2995);
#2997=IFCOWNERHISTORY(#5,#6,.READWRITE.,.MODIFIED.,1788884253,#5,#6,1788884253);
#2998=IFCWINDOW('2baE69xQH3IvzzTkahqkY3',#2997,'Office_1_Window_1',$,$,#3047,#3042,$,$,$,.WINDOW.,$,$);
#2999=IFCCARTESIANPOINTLIST2D(((0.,0.),(1.5,0.),(1.5,1.5),(0.,1.5)));
#3000=IFCINDEXEDPOLYCURVE(#2999,(IFCLINEINDEX((1,2,3,4,1))),$);
#3001=IFCCARTESIANPOINTLIST2D(((0.025,0.025),(1.4749999999999999,0.025),(1.4749999999999999,1.4749999999999999),(0.025,1.4749999999999999)));
#3002=IFCINDEXEDPOLYCURVE(#3001,(IFCLINEINDEX((1,2,3,4,1))),$);
#3003=IFCARBITRARYPROFILEDEFWITHVOIDS(.AREA.,$,#3000,(#3002));
#3004=IFCCARTESIANPOINT((0.,0.09,0.));
#3005=IFCDIRECTION((0.,-1.,0.));
#3006=IFCDIRECTION((1.,0.,0.));
#3007=IFCAXIS2PLACEMENT3D(#3004,#3005,#3006);
#3008=IFCDIRECTION((0.,0.,-1.));
#3009=IFCEXTRUDEDAREASOLID(#3003,#3007,#3008,0.010000000000000002);
#3010=IFCCARTESIANPOINTLIST2D(((0.,0.),(1.5,0.),(1.5,1.5),(0.,1.5)));
#3011=IFCINDEXEDPOLYCURVE(#3010,(IFCLINEINDEX((1,2,3,4,1))),$);
#3012=IFCCARTESIANPOINTLIST2D(((0.05,0.05),(1.45,0.05),(1.45,1.45),(0.05,1.45)));
#3013=IFCINDEXEDPOLYCURVE(#3012,(IFCLINEINDEX((1,2,3,4,1))),$);
#3014=IFCARBITRARYPROFILEDEFWITHVOIDS(.AREA.,$,#3011,(#3013));
#3015=IFCCARTESIANPOINT((0.,0.05,0.));
#3016=IFCDIRECTION((0.,-1.,0.));
#3017=IFCDIRECTION((1.,0.,0.));
#3018=IFCAXIS2PLACEMENT3D(#3015,#3016,#3017);
#3019=IFCDIRECTION((0.,0.,-1.));
#3020=IFCEXTRUDEDAREASOLID(#3014,#3018,#3019,0.04);
#3021=IFCCARTESIANPOINTLIST2D(((0.,0.),(1.45,0.),(1.45,1.45),(0.,1.45)));
#3022=IFCINDEXEDPOLYCURVE(#3021,(IFCLINEINDEX((1,2,3,4,1))),$);
#3023=IFCCARTESIANPOINTLIST2D(((0.035,0.035),(1.4149999999999998,0.035),(1.4149999999999998,1.4149999999999998),(0.035,1.4149999999999998)));
#3024=IFCINDEXEDPOLYCURVE(#3023,(IFCLINEINDEX((1,2,3,4,1))),$);
#3025=IFCARBITRARYPROFILEDEFWITHVOIDS(.AREA.,$,#3022,(#3024));
#3026=IFCCARTESIANPOINT((0.025,0.09,0.025));
#3027=IFCDIRECTION((0.,-1.,0.));
#3028=IFCDIRECTION((1.,0.,0.));
#3029=IFCAXIS2PLACEMENT3D(#3026,#3027,#3028);
#3030=IFCDIRECTION((0.,0.,-1.));
#3031=IFCEXTRUDEDAREASOLID(#3025,#3029,#3030,0.035);
#3032=IFCINDEXEDPOLYCURVE(#3033,(IFCLINEINDEX((1,2,3,4,1))),$);
#3033=IFCCARTESIANPOINTLIST2D(((0.035,0.035),(1.4149999999999998,0.035),(1.4149999999999998,1.4149999999999998),(0.035,1.4149999999999998)));
#3034=IFCARBITRARYCLOSEDPROFILEDEF(.AREA.,$,#3032);
#3035=IFCCARTESIANPOINT((0.025,0.10250000000000001,0.025));
#3036=IFCDIRECTION((0.,-1.,0.));
#3037=IFCDIRECTION((1.,0.,0.));
#3038=IFCAXIS2PLACEMENT3D(#3035,#3036,#3037);
#3039=IFCDIRECTION((0.,0.,-1.));
#3040=IFCEXTRUDEDAREASOLID(#3034,#3038,#3039,0.01);
#3041=IFCSHAPEREPRESENTATION(#16,'Body','SweptSolid',(#3009,#3020,#3031,#3040));
#3042=IFCPRODUCTDEFINITIONSHAPE($,$,(#3041));
#3043=IFCCARTESIANPOINT((0.,12.05,0.9));
#3044=IFCDIRECTION((0.,0.,1.));
#3045=IFCDIRECTION((-1.8369701987210297E-16,-1.,0.));
#3046=IFCAXIS2PLACEMENT3D(#3043,#3044,#3045);
#3047=IFCLOCALPLACEMENT($,#3046);
#3048=IFCRELFILLSELEMENT('0Bw6GaZlrEShlcQ0n1lElN',$,$,$,#2973,#2998);
#3049=IFCOWNERHISTORY(#5,#6,.READWRITE.,.MODIFIED.,1788884253,#5,#6,1788884253);
#3050=IFCWALL('15FCuV5_b5$R1M4CLt9h6o',#3049,'Office_2_Wall_South',$,$,#3069,#3061,$,$);
#3051=IFCCARTESIANPOINTLIST2D(((0.,0.),(0.,0.2),(4.,0.2),(4.,0.),(0.,0.)));
#3052=IFCINDEXEDPOLYCURVE(#3051,$,.F.);
#3053=IFCDIRECTION((0.,0.,1.));
#3054=IFCARBITRARYCLOSEDPROFILEDEF(.AREA.,$,#3052);
#3055=IFCCARTESIANPOINT((0.,-0.1,0.));
#3056=IFCDIRECTION((0.,0.,1.));
#3057=IFCDIRECTION((1.,0.,0.));
#3058=IFCAXIS2PLACEMENT3D(#3055,#3056,#3057);
#3059=IFCEXTRUDEDAREASOLID(#3054,#3058,#3053,3.2);
#3060=IFCSHAPEREPRESENTATION(#16,'Body','SweptSolid',(#3059));
#3061=IFCPRODUCTDEFINITIONSHAPE($,$,(#3060,#3064));
#3062=IFCCARTESIANPOINTLIST2D(((0.,0.),(4.,0.)));
#3063=IFCINDEXEDPOLYCURVE(#3062,$,.F.);
#3064=IFCSHAPEREPRESENTATION(#17,'Axis','Curve2D',(#3063));
#3065=IFCCARTESIANPOINT((4.,10.,0.));
#3066=IFCDIRECTION((0.,0.,1.));
#3067=IFCDIRECTION((1.,0.,0.));
#3068=IFCAXIS2PLACEMENT3D(#3065,#3066,#3067);
#3069=IFCLOCALPLACEMENT($,#3068);
#3070=IFCOWNERHISTORY(#5,#6,.READWRITE.,.MODIFIED.,1788884253,#5,#6,1788884253);
#3071=IFCWALL('1lXAX7Yt5DKhFmOdwfAz5r',#3070,'Office_2_Wall_East',$,$,#3090,#3082,$,$);
#3072=IFCCARTESIANPOINTLIST2D(((0.,0.),(0.,0.2),(4.,0.2),(4.,0.),(0.,0.)));
#3073=IFCINDEXEDPOLYCURVE(#3072,$,.F.);
#3074=IFCDIRECTION((0.,0.,1.));
#3075=IFCARBITRARYCLOSEDPROFILEDEF(.AREA.,$,#3073);
#3076=IFCCARTESIANPOINT((0.,-0.1,0.));
#3077=IFCDIRECTION((0.,0.,1.));
#3078=IFCDIRECTION((1.,0.,0.));
#3079=IFCAXIS2PLACEMENT3D(#3076,#3077,#3078);
#3080=IFCEXTRUDEDAREASOLID(#3075,#3079,#3074,3.2);
#3081=IFCSHAPEREPRESENTATION(#16,'Body','SweptSolid',(#3080));
#3082=IFCPRODUCTDEFINITIONSHAPE($,$,(#3081,#3085));
#3083=IFCCARTESIANPOINTLIST2D(((0.,0.),(4.,0.)));
#3084=IFCINDEXEDPOLYCURVE(#3083,$,.F.);
#3085=IFCSHAPEREPRESENTATION(#17,'Axis','Curve2D',(#3084));
#3086=IFCCARTESIANPOINT((8.,10.,0.));
#3087=IFCDIRECTION((0.,0.,1.));
#3088=IFCDIRECTION((6.123233995736766E-17,1.,0.));
#3089=IFCAXIS2PLACEMENT3D(#3086,#3087,#3088);
#3090=IFCLOCALPLACEMENT($,#3089);
#3091=IFCOWNERHISTORY(#5,#6,.READWRITE.,.MODIFIED.,1788884253,#5,#6,1788884253);
#3092=IFCWALL('2OAbN6AaD1kAS23euZOhvG',#3091,'Office_2_Wall_North',$,$,#3111,#3103,$,$);
#3093=IFCCARTESIANPOINTLIST2D(((0.,0.),(0.,0.2),(4.,0.2),(4.,0.),(0.,0.)));
#3094=IFCINDEXEDPOLYCURVE(#3093,$,.F.);
#3095=IFCDIRECTION((0.,0.,1.));
#3096=IFCARBITRARYCLOSEDPROFILEDEF(.AREA.,$,#3094);
#3097=IFCCARTESIANPOINT((0.,-0.1,0.));
#3098=IFCDIRECTION((0.,0.,1.));
#3099=IFCDIRECTION((1.,0.,0.));
#3100=IFCAXIS2PLACEMENT3D(#3097,#3098,#3099);
#3101=IFCEXTRUDEDAREASOLID(#3096,#3100,#3095,3.2);
#3102=IFCSHAPEREPRESENTATION(#16,'Body','SweptSolid',(#3101));
#3103=IFCPRODUCTDEFINITIONSHAPE($,$,(#3102,#3106));
#3104=IFCCARTESIANPOINTLIST2D(((0.,0.),(4.,0.)));
#3105=IFCINDEXEDPOLYCURVE(#3104,$,.F.);
#3106=IFCSHAPEREPRESENTATION(#17,'Axis','Curve2D',(#3105));
#3107=IFCCARTESIANPOINT((8.,14.,0.));
#3108=IFCDIRECTION((0.,0.,1.));
#3109=IFCDIRECTION((-1.,1.2246467991473532E-16,0.));
#3110=IFCAXIS2PLACEMENT3D(#3107,#3108,#3109);
#3111=IFCLOCALPLACEMENT($,#3110);
#3112=IFCOWNERHISTORY(#5,#6,.READWRITE.,.MODIFIED.,1788884253,#5,#6,1788884253);
#3113=IFCWALL('1swOnhfrT5v9akdk0D0WQP',#3112,'Office_2_Wall_West',$,$,#3132,#3124,$,$);
#3114=IFCCARTESIANPOINTLIST2D(((0.,0.),(0.,0.2),(4.,0.2),(4.,0.),(0.,0.)));
#3115=IFCINDEXEDPOLYCURVE(#3114,$,.F.);
#3116=IFCDIRECTION((0.,0.,1.));
#3117=IFCARBITRARYCLOSEDPROFILEDEF(.AREA.,$,#3115);
#3118=IFCCARTESIANPOINT((0.,-0.1,0.));
#3119=IFCDIRECTION((0.,0.,1.));
#3120=IFCDIRECTION((1.,0.,0.));
#3121=IFCAXIS2PLACEMENT3D(#3118,#3119,#3120);
#3122=IFCEXTRUDEDAREASOLID(#3117,#3121,#3116,3.2);
#3123=IFCSHAPEREPRESENTATION(#16,'Body','SweptSolid',(#3122));
#3124=IFCPRODUCTDEFINITIONSHAPE($,$,(#3123,#3127));
#3125=IFCCARTESIANPOINTLIST2D(((0.,0.),(4.,0.)));
#3126=IFCINDEXEDPOLYCURVE(#3125,$,.F.);
#3127=IFCSHAPEREPRESENTATION(#17,'Axis','Curve2D',(#3126));
#3128=IFCCARTESIANPOINT((4.,14.,0.));
#3129=IFCDIRECTION((0.,0.,1.));
#3130=IFCDIRECTION((-1.8369701987210297E-16,-1.,0.));
#3131=IFCAXIS2PLACEMENT3D(#3128,#3129,#3130);
#3132=IFCLOCALPLACEMENT($,#3131);
#3133=IFCOWNERHISTORY(#5,#6,.READWRITE.,.MODIFIED.,1788884253,#5,#6,1788884253);
#3134=IFCSLAB('1GqDGnNf9BPefmh0So2JoI',#3133,'Office_2_Floor',$,$,#3146,#3141,$,$);
#3135=IFCCARTESIANPOINTLIST2D(((0.,0.),(4.,0.),(4.,4.),(0.,4.)));
#3136=IFCINDEXEDPOLYCURVE(#3135,$,$);
#3137=IFCDIRECTION((0.,0.,1.));
#3138=IFCARBITRARYCLOSEDPROFILEDEF(.AREA.,$,#3136);
#3139=IFCEXTRUDEDAREASOLID(#3138,$,#3137,0.2);
#3140=IFCSHAPEREPRESENTATION(#16,'Body','SweptSolid',(#3139));
#3141=IFCPRODUCTDEFINITIONSHAPE($,$,(#3140));
#3142=IFCCARTESIANPOINT((4.,10.,0.));
#3143=IFCDIRECTION((0.,0.,1.));
#3144=IFCDIRECTION((1.,0.,0.));
#3145=IFCAXIS2PLACEMENT3D(#3142,#3143,#3144);
#3146=IFCLOCALPLACEMENT($,#3145);
#3147=IFCOWNERHISTORY(#5,#6,.READWRITE.,.MODIFIED.,1788884253,#5,#6,1788884253);
#3148=IFCOPENINGELEMENT('3FrvKY3MTAnOrGc72nt8eZ',#3147,'Opening for Office_2_Door_1',$,$,#3171,#3159,$,.OPENING.);
#3149=IFCCARTESIANPOINTLIST2D(((0.,0.),(0.,1.),(0.9,1.),(0.9,0.),(0.,0.)));
#3150=IFCINDEXEDPOLYCURVE(#3149,$,.F.);
#3151=IFCDIRECTION((0.,0.,1.));
#3152=IFCARBITRARYCLOSEDPROFILEDEF(.AREA.,$,#3150);
#3153=IFCCARTESIANPOINT((0.,0.,0.));
#3154=IFCDIRECTION((0.,0.,1.));
#3155=IFCDIRECTION((1.,0.,0.));
#3156=IFCAXIS2PLACEMENT3D(#3153,#3154,#3155);
#3157=IFCEXTRUDEDAREASOLID(#3152,#3156,#3151,2.1);
#3158=IFCSHAPEREPRESENTATION(#16,'Body','SweptSolid',(#3157));
#3159=IFCPRODUCTDEFINITIONSHAPE($,$,(#3158));
#3165=IFCOWNERHISTORY(#5,#6,.READWRITE.,.ADDED.,1788884253,#5,#6,1788884253);
#3166=IFCRELVOIDSELEMENT('2nvj8pa$PFdRndFjvk6vp6',#3165,$,$,#3050,#3148);
#3167=IFCCARTESIANPOINT((2.,-0.5,0.));
#3168=IFCDIRECTION((0.,0.,1.));
#3169=IFCDIRECTION((1.,0.,0.));
#3170=IFCAXIS2PLACEMENT3D(#3167,#3168,#3169);
#3171=IFCLOCALPLACEMENT(#3069,#3170);
#3172=IFCOWNERHISTORY(#5,#6,.READWRITE.,.MODIFIED.,1788884253,#5,#6,1788884253);
#3173=IFCDOOR('0DFjUsU3vFAgb4ilxcn8Ef',#3172,'Office_2_Door_1',$,$,#3252,#3247,$,$,$,.DOOR.,$,$);
#3174=IFCCARTESIANPOINTLIST2D(((0.,0.),(0.,2.1),(0.9,2.1),(0.9,0.),(0.875,0.),(0.875,2.075),(0.025,2.075),(0.025,0.)));
#3175=IFCINDEXEDPOLYCURVE(#3174,(IFCLINEINDEX((1,2,3,4,5,6,7,8,1))),$);
#3176=IFCARBITRARYCLOSEDPROFILEDEF(.AREA.,$,#3175);
#3177=IFCCARTESIANPOINT((0.,0.025,0.));
#3178=IFCDIRECTION((0.,-1.,0.));
#3179=IFCDIRECTION((1.,0.,0.));
#3180=IFCAXIS2PLACEMENT3D(#3177,#3178,#3179);
#3181=IFCDIRECTION((0.,0.,-1.));
#3182=IFCEXTRUDEDAREASOLID(#3176,#3180,#3181,0.025);
#3183=IFCCARTESIANPOINTLIST2D(((0.,0.),(0.,2.1),(0.9,2.1),(0.9,0.),(0.85,0.),(0.85,2.0500000000000003),(0.05,2.0500000000000003),(0.05,0.)));
#3184=IFCINDEXEDPOLYCURVE(#3183,(IFCLINEINDEX((1,2,3,4,5,6,7,8,1))),$);
#3185=IFCARBITRARYCLOSEDPROFILEDEF(.AREA.,$,#3184);
#3186=IFCCARTESIANPOINT((0.,0.,0.));
#3187=IFCDIRECTION((0.,-1.,0.));
#3188=IFCDIRECTION((1.,0.,0.));
#3189=IFCAXIS2PLACEMENT3D(#3186,#3187,#3188);
#3190=IFCDIRECTION((0.,0.,-1.));
#3191=IFCEXTRUDEDAREASOLID(#3185,#3189,#3190,0.025);
#3192=IFCCARTESIANPOINTLIST2D(((0.,0.),(0.8,0.),(0.8,0.1),(0.,0.1)));
#3193=IFCINDEXEDPOLYCURVE(#3192,(IFCLINEINDEX((1,2,3,4,1))),$);
#3194=IFCARBITRARYCLOSEDPROFILEDEF(.AREA.,$,#3193);
#3195=IFCCARTESIANPOINT((0.05,0.,0.));
#3196=IFCDIRECTION((0.,0.,1.));
#3197=IFCDIRECTION((1.,0.,0.));
#3198=IFCAXIS2PLACEMENT3D(#3195,#3196,#3197);
#3199=IFCDIRECTION((0.,0.,1.));
#3200=IFCEXTRUDEDAREASOLID(#3194,#3198,#3199,0.025);
#3201=IFCCARTESIANPOINTLIST2D(((0.,0.),(0.,2.125),(0.95,2.125),(0.95,0.),(0.875,0.),(0.875,2.05),(0.075,2.05),(0.075,0.)));
#3202=IFCINDEXEDPOLYCURVE(#3201,(IFCLINEINDEX((1,2,3,4,5,6,7,8,1))),$);
#3203=IFCARBITRARYCLOSEDPROFILEDEF(.AREA.,$,#3202);
#3204=IFCCARTESIANPOINT((-0.024999999999999994,-0.005,0.));
#3205=IFCDIRECTION((0.,-1.,0.));
#3206=IFCDIRECTION((1.,0.,0.));
#3207=IFCAXIS2PLACEMENT3D(#3204,#3205,#3206);
#3208=IFCDIRECTION((0.,0.,-1.));
#3209=IFCEXTRUDEDAREASOLID(#3203,#3207,#3208,0.005);
#3210=IFCCARTESIANPOINTLIST2D(((0.,0.),(0.,2.125),(0.95,2.125),(0.95,0.),(0.8999999999999999,0.),(0.8999999999999999,2.075),(0.049999999999999996,2.075),(0.049999999999999996,0.)));
#3211=IFCINDEXEDPOLYCURVE(#3210,(IFCLINEINDEX((1,2,3,4,5,6,7,8,1))),$);
#3212=IFCARBITRARYCLOSEDPROFILEDEF(.AREA.,$,#3211);
#3213=IFCCARTESIANPOINT((-0.024999999999999994,0.05,0.));
#3214=IFCDIRECTION((0.,-1.,0.));
#3215=IFCDIRECTION((1.,0.,0.));
#3216=IFCAXIS2PLACEMENT3D(#3213,#3214,#3215);
#3217=IFCDIRECTION((0.,0.,-1.));
#3218=IFCEXTRUDEDAREASOLID(#3212,#3216,#3217,0.005);
#3219=IFCCARTESIANPOINTLIST2D(((0.,0.),(0.85,0.),(0.85,0.035),(0.,0.035)));
#3220=IFCINDEXEDPOLYCURVE(#3219,(IFCLINEINDEX((1,2,3,4,1))),$);
#3221=IFCARBITRARYCLOSEDPROFILEDEF(.AREA.,$,#3220);
#3222=IFCCARTESIANPOINT((0.025,0.025,0.025));
#3223=IFCDIRECTION((0.,0.,1.));
#3224=IFCDIRECTION((1.,0.,0.));
#3225=IFCAXIS2PLACEMENT3D(#3222,#3223,#3224);
#3226=IFCDIRECTION((0.,0.,1.));
#3227=IFCEXTRUDEDAREASOLID(#3221,#3225,#3226,2.0500000000000003);
#3228=IFCCARTESIANPOINTLIST2D(((0.,0.),(0.,-0.04),(-0.11999999999999988,-0.04),(-0.11999999999999988,-0.02),(-0.020000000000000018,-0.02),(-0.020000000000000018,0.)));
#3229=IFCINDEXEDPOLYCURVE(#3228,(IFCLINEINDEX((1,2,3,4,5,6,1))),$);
#3230=IFCARBITRARYCLOSEDPROFILEDEF(.AREA.,$,#3229);
#3231=IFCCARTESIANPOINT((0.825,0.025,1.015));
#3232=IFCDIRECTION((0.,0.,1.));
#3233=IFCDIRECTION((1.,0.,0.));
#3234=IFCAXIS2PLACEMENT3D(#3231,#3232,#3233);
#3235=IFCDIRECTION((0.,0.,1.));
#3236=IFCEXTRUDEDAREASOLID(#3230,#3234,#3235,0.02);
#3237=IFCEXTRUDEDAREASOLID(#3238,#3241,#3245,0.02);
#3238=IFCARBITRARYCLOSEDPROFILEDEF(.AREA.,$,#3239);
#3239=IFCINDEXEDPOLYCURVE(#3240,(IFCLINEINDEX((1,2,3,4,5,6,1))),$);
#3240=IFCCARTESIANPOINTLIST2D(((0.,0.),(0.,0.04),(-0.11999999999999988,0.04),(-0.11999999999999988,0.02000000000000001),(-0.020000000000000018,0.02000000000000001),(-0.020000000000000018,0.)));
#3241=IFCAXIS2PLACEMENT3D(#3242,#3243,#3244);
#3242=IFCCARTESIANPOINT((0.825,0.060000000000000005,1.015));
#3243=IFCDIRECTION((0.,0.,1.));
#3244=IFCDIRECTION((1.,0.,0.));
#3245=IFCDIRECTION((0.,0.,1.));
#3246=IFCSHAPEREPRESENTATION(#16,'Body','SweptSolid',(#3182,#3191,#3227,#3236,#3237,#3200,#3209,#3218));
#3247=IFCPRODUCTDEFINITIONSHAPE($,$,(#3246));
#3248=IFCCARTESIANPOINT((6.,10.,0.));
#3249=IFCDIRECTION((0.,0.,1.));
#3250=IFCDIRECTION((1.,0.,0.));
#3251=IFCAXIS2PLACEMENT3D(#3248,#3249,#3250);
#3252=IFCLOCALPLACEMENT($,#3251);
#3253=IFCRELFILLSELEMENT('3lAUWSbK1C6hHvJeQZGIw_',$,$,$,#3148,#3173);
#3254=IFCOWNERHISTORY(#5,#6,.READWRITE.,.MODIFIED.,1788884253,#5,#6,1788884253);
#3255=IFCOPENINGELEMENT('24f8tq5zn6KxtZezkNbosJ',#3254,'Opening for Office_2_Door_2',$,$,#3278,#3266,$,.OPENING.);
#3256=IFCCARTESIANPOINTLIST2D(((0.,0.),(0.,1.),(0.9,1.),(0.9,0.),(0.,0.)));
#3257=IFCINDEXEDPOLYCURVE(#3256,$,.F.);
#3258=IFCDIRECTION((0.,0.,1.));
#3259=IFCARBITRARYCLOSEDPROFILEDEF(.AREA.,$,#3257);
#3260=IFCCARTESIANPOINT((0.,0.,0.));
#3261=IFCDIRECTION((0.,0.,1.));
#3262=IFCDIRECTION((1.,0.,0.));
#3263=IFCAXIS2PLACEMENT3D(#3260,#3261,#3262);
#3264=IFCEXTRUDEDAREASOLID(#3259,#3263,#3258,2.1);
#3265=IFCSHAPEREPRESENTATION(#16,'Body','SweptSolid',(#3264));
#3266=IFCPRODUCTDEFINITIONSHAPE($,$,(#3265));
#3272=IFCOWNERHISTORY(#5,#6,.READWRITE.,.ADDED.,1788884253,#5,#6,1788884253);
#3273=IFCRELVOIDSELEMENT('3RuT4Cfej05uIIpujVaviu',#3272,$,$,#3092,#3255);
#3274=IFCCARTESIANPOINT((2.,-0.4999999999999982,0.));
#3275=IFCDIRECTION((0.,0.,1.));
#3276=IFCDIRECTION((1.,0.,0.));
#3277=IFCAXIS2PLACEMENT3D(#3274,#3275,#3276);
#3278=IFCLOCALPLACEMENT(#3111,#3277);
#3279=IFCOWNERHISTORY(#5,#6,.READWRITE.,.MODIFIED.,1788884254,#5,#6,1788884254);
#3280=IFCDOOR('0JRCcKcqn9bxR0cMdVWp7b',#3279,'Office_2_Door_2',$,$,#3359,#3354,$,$,$,.DOOR.,$,$);
#3281=IFCCARTESIANPOINTLIST2D(((0.,0.),(0.,2.1),(0.9,2.1),(0.9,0.),(0.875,0.),(0.875,2.075),(0.025,2.075),(0.025,0.)));
#3282=IFCINDEXEDPOLYCURVE(#3281,(IFCLINEINDEX((1,2,3,4,5,6,7,8,1))),$);
#3283=IFCARBITRARYCLOSEDPROFILEDEF(.AREA.,$,#3282);
#3284=IFCCARTESIANPOINT((0.,0.025,0.));
#3285=IFCDIRECTION((0.,-1.,0.));
#3286=IFCDIRECTION((1.,0.,0.));
#3287=IFCAXIS2PLACEMENT3D(#3284,#3285,#3286);
#3288=IFCDIRECTION((0.,0.,-1.));
#3289=IFCEXTRUDEDAREASOLID(#3283,#3287,#3288,0.025);
#3290=IFCCARTESIANPOINTLIST2D(((0.,0.),(0.,2.1),(0.9,2.1),(0.9,0.),(0.85,0.),(0.85,2.0500000000000003),(0.05,2.0500000000000003),(0.05,0.)));
#3291=IFCINDEXEDPOLYCURVE(#3290,(IFCLINEINDEX((1,2,3,4,5,6,7,8,1))),$);
#3292=IFCARBITRARYCLOSEDPROFILEDEF(.AREA.,$,#3291);
#3293=IFCCARTESIANPOINT((0.,0.,0.));
#3294=IFCDIRECTION((0.,-1.,0.));
#3295=IFCDIRECTION((1.,0.,0.));
#3296=IFCAXIS2PLACEMENT3D(#3293,#3294,#3295);
#3297=IFCDIRECTION((0.,0.,-1.));
#3298=IFCEXTRUDEDAREASOLID(#3292,#3296,#3297,0.025);
#3299=IFCCARTESIANPOINTLIST2D(((0.,0.),(0.8,0.),(0.8,0.1),(0.,0.1)));
#3300=IFCINDEXEDPOLYCURVE(#3299,(IFCLINEINDEX((1,2,3,4,1))),$);
#3301=IFCARBITRARYCLOSEDPROFILEDEF(.AREA.,$,#3300);
#3302=IFCCARTESIANPOINT((0.05,0.,0.));
#3303=IFCDIRECTION((0.,0.,1.));
#3304=IFCDIRECTION((1.,0.,0.));
#3305=IFCAXIS2PLACEMENT3D(#3302,#3303,#3304);
#3306=IFCDIRECTION((0.,0.,1.));
#3307=IFCEXTRUDEDAREASOLID(#3301,#3305,#3306,0.025);
#3308=IFCCARTESIANPOINTLIST2D(((0.,0.),(0.,2.125),(0.95,2.125),(0.95,0.),(0.875,0.),(0.875,2.05),(0.075,2.05),(0.075,0.)));
#3309=IFCINDEXEDPOLYCURVE(#3308,(IFCLINEINDEX((1,2,3,4,5,6,7,8,1))),$);
#3310=IFCARBITRARYCLOSEDPROFILEDEF(.AREA.,$,#3309);
#3311=IFCCARTESIANPOINT((-0.024999999999999994,-0.005,0.));
#3312=IFCDIRECTION((0.,-1.,0.));
#3313=IFCDIRECTION((1.,0.,0.));
#3314=IFCAXIS2PLACEMENT3D(#3311,#3312,#3313);
#3315=IFCDIRECTION((0.,0.,-1.));
#3316=IFCEXTRUDEDAREASOLID(#3310,#3314,#3315,0.005);
#3317=IFCCARTESIANPOINTLIST2D(((0.,0.),(0.,2.125),(0.95,2.125),(0.95,0.),(0.8999999999999999,0.),(0.8999999999999999,2.075),(0.049999999999999996,2.075),(0.049999999999999996,0.)));
#3318=IFCINDEXEDPOLYCURVE(#3317,(IFCLINEINDEX((1,2,3,4,5,6,7,8,1))),$);
#3319=IFCARBITRARYCLOSEDPROFILEDEF(.AREA.,$,#3318);
#3320=IFCCARTESIANPOINT((-0.024999999999999994,0.05,0.));
#3321=IFCDIRECTION((0.,-1.,0.));
#3322=IFCDIRECTION((1.,0.,0.));
#3323=IFCAXIS2PLACEMENT3D(#3320,#3321,#3322);
#3324=IFCDIRECTION((0.,0.,-1.));
#3325=IFCEXTRUDEDAREASOLID(#3319,#3323,#3324,0.005);
#3326=IFCCARTESIANPOINTLIST2D(((0.,0.),(0.85,0.),(0.85,0.035),(0.,0.035)));
#3327=IFCINDEXEDPOLYCURVE(#3326,(IFCLINEINDEX((1,2,3,4,1))),$);
#3328=IFCARBITRARYCLOSEDPROFILEDEF(.AREA.,$,#3327);
#3329=IFCCARTESIANPOINT((0.025,0.025,0.025));
#3330=IFCDIRECTION((0.,0.,1.));
#3331=IFCDIRECTION((1.,0.,0.));
#3332=IFCAXIS2PLACEMENT3D(#3329,#3330,#3331);
#3333=IFCDIRECTION((0.,0.,1.));
#3334=IFCEXTRUDEDAREASOLID(#3328,#3332,#3333,2.0500000000000003);
#3335=IFCCARTESIANPOINTLIST2D(((0.,0.),(0.,-0.04),(-0.11999999999999988,-0.04),(-0.11999999999999988,-0.02),(-0.020000000000000018,-0.02),(-0.020000000000000018,0.)));
#3336=IFCINDEXEDPOLYCURVE(#3335,(IFCLINEINDEX((1,2,3,4,5,6,1))),$);
#3337=IFCARBITRARYCLOSEDPROFILEDEF(.AREA.,$,#3336);
#3338=IFCCARTESIANPOINT((0.825,0.025,1.015));
#3339=IFCDIRECTION((0.,0.,1.));
#3340=IFCDIRECTION((1.,0.,0.));
#3341=IFCAXIS2PLACEMENT3D(#3338,#3339,#3340);
#3342=IFCDIRECTION((0.,0.,1.));
#3343=IFCEXTRUDEDAREASOLID(#3337,#3341,#3342,0.02);
#3344=IFCEXTRUDEDAREASOLID(#3345,#3348,#3352,0.02);
#3345=IFCARBITRARYCLOSEDPROFILEDEF(.AREA.,$,#3346);
#3346=IFCINDEXEDPOLYCURVE(#3347,(IFCLINEINDEX((1,2,3,4,5,6,1))),$);
#3347=IFCCARTESIANPOINTLIST2D(((0.,0.),(0.,0.04),(-0.11999999999999988,0.04),(-0.11999999999999988,0.02000000000000001),(-0.020000000000000018,0.02000000000000001),(-0.020000000000000018,0.)));
#3348=IFCAXIS2PLACEMENT3D(#3349,#3350,#3351);
#3349=IFCCARTESIANPOINT((0.825,0.060000000000000005,1.015));
#3350=IFCDIRECTION((0.,0.,1.));
#3351=IFCDIRECTION((1.,0.,0.));
#3352=IFCDIRECTION((0.,0.,1.));
#3353=IFCSHAPEREPRESENTATION(#16,'Body','SweptSolid',(#3289,#3298,#3334,#3343,#3344,#3307,#3316,#3325));
#3354=IFCPRODUCTDEFINITIONSHAPE($,$,(#3353));
#3355=IFCCARTESIANPOINT((6.,14.,0.));
#3356=IFCDIRECTION((0.,0.,1.));
#3357=IFCDIRECTION((-1.,1.2246467991473532E-16,0.));
#3358=IFCAXIS2PLACEMENT3D(#3355,#3356,#3357);
#3359=IFCLOCALPLACEMENT($,#3358);
#3360=IFCRELFILLSELEMENT('1DjAfaV_5DkPFklsEx3kfO',$,$,$,#3255,#3280);
#3361=IFCOWNERHISTORY(#5,#6,.READWRITE.,.MODIFIED.,1788884254,#5,#6,1788884254);
#3362=IFCWALL('3cr6weUe94ogzMo8_bezmY',#3361,'Office_3_Wall_South',$,$,#3381,#3373,$,$);
#3363=IFCCARTESIANPOINTLIST2D(((0.,0.),(0.,0.2),(4.,0.2),(4.,0.),(0.,0.)));
#3364=IFCINDEXEDPOLYCURVE(#3363,$,.F.);
#3365=IFCDIRECTION((0.,0.,1.));
#3366=IFCARBITRARYCLOSEDPROFILEDEF(.AREA.,$,#3364);
#3367=IFCCARTESIANPOINT((0.,-0.1,0.));
#3368=IFCDIRECTION((0.,0.,1.));
#3369=IFCDIRECTION((1.,0.,0.));
#3370=IFCAXIS2PLACEMENT3D(#3367,#3368,#3369);
#3371=IFCEXTRUDEDAREASOLID(#3366,#3370,#3365,3.2);
#3372=IFCSHAPEREPRESENTATION(#16,'Body','SweptSolid',(#3371));
#3373=IFCPRODUCTDEFINITIONSHAPE($,$,(#3372,#3376));
#3374=IFCCARTESIANPOINTLIST2D(((0.,0.),(4.,0.)));
#3375=IFCINDEXEDPOLYCURVE(#3374,$,.F.);
#3376=IFCSHAPEREPRESENTATION(#17,'Axis','Curve2D',(#3375));
#3377=IFCCARTESIANPOINT((8.,10.,0.));
#3378=IFCDIRECTION((0.,0.,1.));
#3379=IFCDIRECTION((1.,0.,0.));
#3380=IFCAXIS2PLACEMENT3D(#3377,#3378,#3379);
#3381=IFCLOCALPLACEMENT($,#3380);
#3382=IFCOWNERHISTORY(#5,#6,.READWRITE.,.MODIFIED.,1788884254,#5,#6,1788884254);
#3383=IFCWALL('1l_UYwo0T3l9KxVqjHi67T',#3382,'Office_3_Wall_East',$,$,#3402,#3394,$,$);
#3384=IFCCARTESIANPOINTLIST2D(((0.,0.),(0.,0.2),(4.,0.2),(4.,0.),(0.,0.)));
#3385=IFCINDEXEDPOLYCURVE(#3384,$,.F.);
#3386=IFCDIRECTION((0.,0.,1.));
#3387=IFCARBITRARYCLOSEDPROFILEDEF(.AREA.,$,#3385);
#3388=IFCCARTESIANPOINT((0.,-0.1,0.));
#3389=IFCDIRECTION((0.,0.,1.));
#3390=IFCDIRECTION((1.,0.,0.));
#3391=IFCAXIS2PLACEMENT3D(#3388,#3389,#3390);
#3392=IFCEXTRUDEDAREASOLID(#3387,#3391,#3386,3.2);
#3393=IFCSHAPEREPRESENTATION(#16,'Body','SweptSolid',(#3392));
#3394=IFCPRODUCTDEFINITIONSHAPE($,$,(#3393,#3397));
#3395=IFCCARTESIANPOINTLIST2D(((0.,0.),(4.,0.)));
#3396=IFCINDEXEDPOLYCURVE(#3395,$,.F.);
#3397=IFCSHAPEREPRESENTATION(#17,'Axis','Curve2D',(#3396));
#3398=IFCCARTESIANPOINT((12.,10.,0.));
#3399=IFCDIRECTION((0.,0.,1.));
#3400=IFCDIRECTION((6.123233995736766E-17,1.,0.));
#3401=IFCAXIS2PLACEMENT3D(#3398,#3399,#3400);
#3402=IFCLOCALPLACEMENT($,#3401);
#3403=IFCOWNERHISTORY(#5,#6,.READWRITE.,.MODIFIED.,1788884254,#5,#6,1788884254);
#3404=IFCWALL('35LayAx1fBy9T0Ah0ghBAQ',#3403,'Office_3_Wall_North',$,$,#3423,#3415,$,$);
#3405=IFCCARTESIANPOINTLIST2D(((0.,0.),(0.,0.2),(4.,0.2),(4.,0.),(0.,0.)));
#3406=IFCINDEXEDPOLYCURVE(#3405,$,.F.);
#3407=IFCDIRECTION((0.,0.,1.));
#3408=IFCARBITRARYCLOSEDPROFILEDEF(.AREA.,$,#3406);
#3409=IFCCARTESIANPOINT((0.,-0.1,0.));
#3410=IFCDIRECTION((0.,0.,1.));
#3411=IFCDIRECTION((1.,0.,0.));
#3412=IFCAXIS2PLACEMENT3D(#3409,#3410,#3411);
#3413=IFCEXTRUDEDAREASOLID(#3408,#3412,#3407,3.2);
#3414=IFCSHAPEREPRESENTATION(#16,'Body','SweptSolid',(#3413));
#3415=IFCPRODUCTDEFINITIONSHAPE($,$,(#3414,#3418));
#3416=IFCCARTESIANPOINTLIST2D(((0.,0.),(4.,0.)));
#3417=IFCINDEXEDPOLYCURVE(#3416,$,.F.);
#3418=IFCSHAPEREPRESENTATION(#17,'Axis','Curve2D',(#3417));
#3419=IFCCARTESIANPOINT((12.,14.,0.));
#3420=IFCDIRECTION((0.,0.,1.));
#3421=IFCDIRECTION((-1.,1.2246467991473532E-16,0.));
#3422=IFCAXIS2PLACEMENT3D(#3419,#3420,#3421);
#3423=IFCLOCALPLACEMENT($,#3422);
#3424=IFCOWNERHISTORY(#5,#6,.READWRITE.,.MODIFIED.,1788884254,#5,#6,1788884254);
#3425=IFCWALL('3wxM4ffc9Cde3n1UTzf8A_',#3424,'Office_3_Wall_West',$,$,#3444,#3436,$,$);
#3426=IFCCARTESIANPOINTLIST2D(((0.,0.),(0.,0.2),(4.,0.2),(4.,0.),(0.,0.)));
#3427=IFCINDEXEDPOLYCURVE(#3426,$,.F.);
#3428=IFCDIRECTION((0.,0.,1.));
#3429=IFCARBITRARYCLOSEDPROFILEDEF(.AREA.,$,#3427);
#3430=IFCCARTESIANPOINT((0.,-0.1,0.));
#3431=IFCDIRECTION((0.,0.,1.));
#3432=IFCDIRECTION((1.,0.,0.));
#3433=IFCAXIS2PLACEMENT3D(#3430,#3431,#3432);
#3434=IFCEXTRUDEDAREASOLID(#3429,#3433,#3428,3.2);
#3435=IFCSHAPEREPRESENTATION(#16,'Body','SweptSolid',(#3434));
#3436=IFCPRODUCTDEFINITIONSHAPE($,$,(#3435,#3439));
#3437=IFCCARTESIANPOINTLIST2D(((0.,0.),(4.,0.)));
#3438=IFCINDEXEDPOLYCURVE(#3437,$,.F.);
#3439=IFCSHAPEREPRESENTATION(#17,'Axis','Curve2D',(#3438));
#3440=IFCCARTESIANPOINT((8.,14.,0.));
#3441=IFCDIRECTION((0.,0.,1.));
#3442=IFCDIRECTION((-1.8369701987210297E-16,-1.,0.));
#3443=IFCAXIS2PLACEMENT3D(#3440,#3441,#3442);
#3444=IFCLOCALPLACEMENT($,#3443);
#3445=IFCOWNERHISTORY(#5,#6,.READWRITE.,.MODIFIED.,1788884254,#5,#6,1788884254);
#3446=IFCSLAB('0crTSz8jPBFeBw4SJ1576y',#3445,'Office_3_Floor',$,$,#3458,#3453,$,$);
#3447=IFCCARTESIANPOINTLIST2D(((0.,0.),(4.,0.),(4.,4.),(0.,4.)));
#3448=IFCINDEXEDPOLYCURVE(#3447,$,$);
#3449=IFCDIRECTION((0.,0.,1.));
#3450=IFCARBITRARYCLOSEDPROFILEDEF(.AREA.,$,#3448);
#3451=IFCEXTRUDEDAREASOLID(#3450,$,#3449,0.2);
#3452=IFCSHAPEREPRESENTATION(#16,'Body','SweptSolid',(#3451));
#3453=IFCPRODUCTDEFINITIONSHAPE($,$,(#3452));
#3454=IFCCARTESIANPOINT((8.,10.,0.));
#3455=IFCDIRECTION((0.,0.,1.));
#3456=IFCDIRECTION((1.,0.,0.));
#3457=IFCAXIS2PLACEMENT3D(#3454,#3455,#3456);
#3458=IFCLOCALPLACEMENT($,#3457);
#3459=IFCOWNERHISTORY(#5,#6,.READWRITE.,.MODIFIED.,1788884254,#5,#6,1788884254);
#3460=IFCOPENINGELEMENT('21gxrUxqPB7B3Xip9ZCR2x',#3459,'Opening for Office_3_Door_1',$,$,#3483,#3471,$,.OPENING.);
#3461=IFCCARTESIANPOINTLIST2D(((0.,0.),(0.,1.),(0.9,1.),(0.9,0.),(0.,0.)));
#3462=IFCINDEXEDPOLYCURVE(#3461,$,.F.);
#3463=IFCDIRECTION((0.,0.,1.));
#3464=IFCARBITRARYCLOSEDPROFILEDEF(.AREA.,$,#3462);
#3465=IFCCARTESIANPOINT((0.,0.,0.));
#3466=IFCDIRECTION((0.,0.,1.));
#3467=IFCDIRECTION((1.,0.,0.));
#3468=IFCAXIS2PLACEMENT3D(#3465,#3466,#3467);
#3469=IFCEXTRUDEDAREASOLID(#3464,#3468,#3463,2.1);
#3470=IFCSHAPEREPRESENTATION(#16,'Body','SweptSolid',(#3469));
#3471=IFCPRODUCTDEFINITIONSHAPE($,$,(#3470));
#3477=IFCOWNERHISTORY(#5,#6,.READWRITE.,.ADDED.,1788884254,#5,#6,1788884254);
#3478=IFCRELVOIDSELEMENT('0x8yqhOn59Le8uVy5aOKGm',#3477,$,$,#3362,#3460);
#3479=IFCCARTESIANPOINT((2.,-0.5,0.));
#3480=IFCDIRECTION((0.,0.,1.));
#3481=IFCDIRECTION((1.,0.,0.));
#3482=IFCAXIS2PLACEMENT3D(#3479,#3480,#3481);
#3483=IFCLOCALPLACEMENT(#3381,#3482);
#3484=IFCOWNERHISTORY(#5,#6,.READWRITE.,.MODIFIED.,1788884254,#5,#6,1788884254);
#3485=IFCDOOR('1__K5QP2n3chtH6vaMG0D6',#3484,'Office_3_Door_1',$,$,#3564,#3559,$,$,$,.DOOR.,$,$);
#3486=IFCCARTESIANPOINTLIST2D(((0.,0.),(0.,2.1),(0.9,2.1),(0.9,0.),(0.875,0.),(0.875,2.075),(0.025,2.075),(0.025,0.)));
#3487=IFCINDEXEDPOLYCURVE(#3486,(IFCLINEINDEX((1,2,3,4,5,6,7,8,1))),$);
#3488=IFCARBITRARYCLOSEDPROFILEDEF(.AREA.,$,#3487);
#3489=IFCCARTESIANPOINT((0.,0.025,0.));
#3490=IFCDIRECTION((0.,-1.,0.));
#3491=IFCDIRECTION((1.,0.,0.));
#3492=IFCAXIS2PLACEMENT3D(#3489,#3490,#3491);
#3493=IFCDIRECTION((0.,0.,-1.));
#3494=IFCEXTRUDEDAREASOLID(#3488,#3492,#3493,0.025);
#3495=IFCCARTESIANPOINTLIST2D(((0.,0.),(0.,2.1),(0.9,2.1),(0.9,0.),(0.85,0.),(0.85,2.0500000000000003),(0.05,2.0500000000000003),(0.05,0.)));
#3496=IFCINDEXEDPOLYCURVE(#3495,(IFCLINEINDEX((1,2,3,4,5,6,7,8,1))),$);
#3497=IFCARBITRARYCLOSEDPROFILEDEF(.AREA.,$,#3496);
#3498=IFCCARTESIANPOINT((0.,0.,0.));
#3499=IFCDIRECTION((0.,-1.,0.));
#3500=IFCDIRECTION((1.,0.,0.));
#3501=IFCAXIS2PLACEMENT3D(#3498,#3499,#3500);
#3502=IFCDIRECTION((0.,0.,-1.));
#3503=IFCEXTRUDEDAREASOLID(#3497,#3501,#3502,0.025);
#3504=IFCCARTESIANPOINTLIST2D(((0.,0.),(0.8,0.),(0.8,0.1),(0.,0.1)));
#3505=IFCINDEXEDPOLYCURVE(#3504,(IFCLINEINDEX((1,2,3,4,1))),$);
#3506=IFCARBITRARYCLOSEDPROFILEDEF(.AREA.,$,#3505);
#3507=IFCCARTESIANPOINT((0.05,0.,0.));
#3508=IFCDIRECTION((0.,0.,1.));
#3509=IFCDIRECTION((1.,0.,0.));
#3510=IFCAXIS2PLACEMENT3D(#3507,#3508,#3509);
#3511=IFCDIRECTION((0.,0.,1.));
#3512=IFCEXTRUDEDAREASOLID(#3506,#3510,#3511,0.025);
#3513=IFCCARTESIANPOINTLIST2D(((0.,0.),(0.,2.125),(0.95,2.125),(0.95,0.),(0.875,0.),(0.875,2.05),(0.075,2.05),(0.075,0.)));
#3514=IFCINDEXEDPOLYCURVE(#3513,(IFCLINEINDEX((1,2,3,4,5,6,7,8,1))),$);
#3515=IFCARBITRARYCLOSEDPROFILEDEF(.AREA.,$,#3514);
#3516=IFCCARTESIANPOINT((-0.024999999999999994,-0.005,0.));
#3517=IFCDIRECTION((0.,-1.,0.));
#3518=IFCDIRECTION((1.,0.,0.));
#3519=IFCAXIS2PLACEMENT3D(#3516,#3517,#3518);
#3520=IFCDIRECTION((0.,0.,-1.));
#3521=IFCEXTRUDEDAREASOLID(#3515,#3519,#3520,0.005);
#3522=IFCCARTESIANPOINTLIST2D(((0.,0.),(0.,2.125),(0.95,2.125),(0.95,0.),(0.8999999999999999,0.),(0.8999999999999999,2.075),(0.049999999999999996,2.075),(0.049999999999999996,0.)));
#3523=IFCINDEXEDPOLYCURVE(#3522,(IFCLINEINDEX((1,2,3,4,5,6,7,8,1))),$);
#3524=IFCARBITRARYCLOSEDPROFILEDEF(.AREA.,$,#3523);
#3525=IFCCARTESIANPOINT((-0.024999999999999994,0.05,0.));
#3526=IFCDIRECTION((0.,-1.,0.));
#3527=IFCDIRECTION((1.,0.,0.));
#3528=IFCAXIS2PLACEMENT3D(#3525,#3526,#3527);
#3529=IFCDIRECTION((0.,0.,-1.));
#3530=IFCEXTRUDEDAREASOLID(#3524,#3528,#3529,0.005);
#3531=IFCCARTESIANPOINTLIST2D(((0.,0.),(0.85,0.),(0.85,0.035),(0.,0.035)));
#3532=IFCINDEXEDPOLYCURVE(#3531,(IFCLINEINDEX((1,2,3,4,1))),$);
#3533=IFCARBITRARYCLOSEDPROFILEDEF(.AREA.,$,#3532);
#3534=IFCCARTESIANPOINT((0.025,0.025,0.025));
#3535=IFCDIRECTION((0.,0.,1.));
#3536=IFCDIRECTION((1.,0.,0.));
#3537=IFCAXIS2PLACEMENT3D(#3534,#3535,#3536);
#3538=IFCDIRECTION((0.,0.,1.));
#3539=IFCEXTRUDEDAREASOLID(#3533,#3537,#3538,2.0500000000000003);
#3540=IFCCARTESIANPOINTLIST2D(((0.,0.),(0.,-0.04),(-0.11999999999999988,-0.04),(-0.11999999999999988,-0.02),(-0.020000000000000018,-0.02),(-0.020000000000000018,0.)));
#3541=IFCINDEXEDPOLYCURVE(#3540,(IFCLINEINDEX((1,2,3,4,5,6,1))),$);
#3542=IFCARBITRARYCLOSEDPROFILEDEF(.AREA.,$,#3541);
#3543=IFCCARTESIANPOINT((0.825,0.025,1.015));
#3544=IFCDIRECTION((0.,0.,1.));
#3545=IFCDIRECTION((1.,0.,0.));
#3546=IFCAXIS2PLACEMENT3D(#3543,#3544,#3545);
#3547=IFCDIRECTION((0.,0.,1.));
#3548=IFCEXTRUDEDAREASOLID(#3542,#3546,#3547,0.02);
#3549=IFCEXTRUDEDAREASOLID(#3550,#3553,#3557,0.02);
#3550=IFCARBITRARYCLOSEDPROFILEDEF(.AREA.,$,#3551);
#3551=IFCINDEXEDPOLYCURVE(#3552,(IFCLINEINDEX((1,2,3,4,5,6,1))),$);
#3552=IFCCARTESIANPOINTLIST2D(((0.,0.),(0.,0.04),(-0.11999999999999988,0.04),(-0.11999999999999988,0.02000000000000001),(-0.020000000000000018,0.02000000000000001),(-0.020000000000000018,0.)));
#3553=IFCAXIS2PLACEMENT3D(#3554,#3555,#3556);
#3554=IFCCARTESIANPOINT((0.825,0.060000000000000005,1.015));
#3555=IFCDIRECTION((0.,0.,1.));
#3556=IFCDIRECTION((1.,0.,0.));
#3557=IFCDIRECTION((0.,0.,1.));
#3558=IFCSHAPEREPRESENTATION(#16,'Body','SweptSolid',(#3494,#3503,#3539,#3548,#3549,#3512,#3521,#3530));
#3559=IFCPRODUCTDEFINITIONSHAPE($,$,(#3558));
#3560=IFCCARTESIANPOINT((10.,10.,0.));
#3561=IFCDIRECTION((0.,0.,1.));
#3562=IFCDIRECTION((1.,0.,0.));
#3563=IFCAXIS2PLACEMENT3D(#3560,#3561,#3562);
#3564=IFCLOCALPLACEMENT($,#3563);
#3565=IFCRELFILLSELEMENT('23ZMiyeHn2SxCdjs6CuwBL',$,$,$,#3460,#3485);
#3566=IFCOWNERHISTORY(#5,#6,.READWRITE.,.MODIFIED.,1788884254,#5,#6,1788884254);
#3567=IFCWALL('3Nw9KVvXf8HgFtORef7LfA',#3566,'Office_4_Wall_South',$,$,#3586,#3578,$,$);
#3568=IFCCARTESIANPOINTLIST2D(((0.,0.),(0.,0.2),(4.,0.2),(4.,0.),(0.,0.)));
#3569=IFCINDEXEDPOLYCURVE(#3568,$,.F.);
#3570=IFCDIRECTION((0.,0.,1.));
#3571=IFCARBITRARYCLOSEDPROFILEDEF(.AREA.,$,#3569);
#3572=IFCCARTESIANPOINT((0.,-0.1,0.));
#3573=IFCDIRECTION((0.,0.,1.));
#3574=IFCDIRECTION((1.,0.,0.));
#3575=IFCAXIS2PLACEMENT3D(#3572,#3573,#3574);
#3576=IFCEXTRUDEDAREASOLID(#3571,#3575,#3570,3.2);
#3577=IFCSHAPEREPRESENTATION(#16,'Body','SweptSolid',(#3576));
#3578=IFCPRODUCTDEFINITIONSHAPE($,$,(#3577,#3581));
#3579=IFCCARTESIANPOINTLIST2D(((0.,0.),(4.,0.)));
#3580=IFCINDEXEDPOLYCURVE(#3579,$,.F.);
#3581=IFCSHAPEREPRESENTATION(#17,'Axis','Curve2D',(#3580));
#3582=IFCCARTESIANPOINT((12.,10.,0.));
#3583=IFCDIRECTION((0.,0.,1.));
#3584=IFCDIRECTION((1.,0.,0.));
#3585=IFCAXIS2PLACEMENT3D(#3582,#3583,#3584);
#3586=IFCLOCALPLACEMENT($,#3585);
#3587=IFCOWNERHISTORY(#5,#6,.READWRITE.,.MODIFIED.,1788884254,#5,#6,1788884254);
#3588=IFCWALL('3LgTvckU18l9Smc$MnpulH',#3587,'Office_4_Wall_East',$,$,#3607,#3599,$,$);
#3589=IFCCARTESIANPOINTLIST2D(((0.,0.),(0.,0.2),(4.,0.2),(4.,0.),(0.,0.)));
#3590=IFCINDEXEDPOLYCURVE(#3589,$,.F.);
#3591=IFCDIRECTION((0.,0.,1.));
#3592=IFCARBITRARYCLOSEDPROFILEDEF(.AREA.,$,#3590);
#3593=IFCCARTESIANPOINT((0.,-0.1,0.));
#3594=IFCDIRECTION((0.,0.,1.));
#3595=IFCDIRECTION((1.,0.,0.));
#3596=IFCAXIS2PLACEMENT3D(#3593,#3594,#3595);
#3597=IFCEXTRUDEDAREASOLID(#3592,#3596,#3591,3.2);
#3598=IFCSHAPEREPRESENTATION(#16,'Body','SweptSolid',(#3597));
#3599=IFCPRODUCTDEFINITIONSHAPE($,$,(#3598,#3602));
#3600=IFCCARTESIANPOINTLIST2D(((0.,0.),(4.,0.)));
#3601=IFCINDEXEDPOLYCURVE(#3600,$,.F.);
#3602=IFCSHAPEREPRESENTATION(#17,'Axis','Curve2D',(#3601));
#3603=IFCCARTESIANPOINT((16.,10.,0.));
#3604=IFCDIRECTION((0.,0.,1.));
#3605=IFCDIRECTION((6.123233995736766E-17,1.,0.));
#3606=IFCAXIS2PLACEMENT3D(#3603,#3604,#3605);
#3607=IFCLOCALPLACEMENT($,#3606);
#3608=IFCOWNERHISTORY(#5,#6,.READWRITE.,.MODIFIED.,1788884254,#5,#6,1788884254);
#3609=IFCWALL('2PIWWlmkr73PK_0aVTafhz',#3608,'Office_4_Wall_North',$,$,#3628,#3620,$,$);
#3610=IFCCARTESIANPOINTLIST2D(((0.,0.),(0.,0.2),(4.,0.2),(4.,0.),(0.,0.)));
#3611=IFCINDEXEDPOLYCURVE(#3610,$,.F.);
#3612=IFCDIRECTION((0.,0.,1.));
#3613=IFCARBITRARYCLOSEDPROFILEDEF(.AREA.,$,#3611);
#3614=IFCCARTESIANPOINT((0.,-0.1,0.));
#3615=IFCDIRECTION((0.,0.,1.));
#3616=IFCDIRECTION((1.,0.,0.));
#3617=IFCAXIS2PLACEMENT3D(#3614,#3615,#3616);
#3618=IFCEXTRUDEDAREASOLID(#3613,#3617,#3612,3.2);
#3619=IFCSHAPEREPRESENTATION(#16,'Body','SweptSolid',(#3618));
#3620=IFCPRODUCTDEFINITIONSHAPE($,$,(#3619,#3623));
#3621=IFCCARTESIANPOINTLIST2D(((0.,0.),(4.,0.)));
#3622=IFCINDEXEDPOLYCURVE(#3621,$,.F.);
#3623=IFCSHAPEREPRESENTATION(#17,'Axis','Curve2D',(#3622));
#3624=IFCCARTESIANPOINT((16.,14.,0.));
#3625=IFCDIRECTION((0.,0.,1.));
#3626=IFCDIRECTION((-1.,1.2246467991473532E-16,0.));
#3627=IFCAXIS2PLACEMENT3D(#3624,#3625,#3626);
#3628=IFCLOCALPLACEMENT($,#3627);
#3629=IFCOWNERHISTORY(#5,#6,.READWRITE.,.MODIFIED.,1788884255,#5,#6,1788884254);
#3630=IFCWALL('3ir$tmJobCTQZXcQ1Z1cvN',#3629,'Office_4_Wall_West',$,$,#3649,#3641,$,$);
#3631=IFCCARTESIANPOINTLIST2D(((0.,0.),(0.,0.2),(4.,0.2),(4.,0.),(0.,0.)));
#3632=IFCINDEXEDPOLYCURVE(#3631,$,.F.);
#3633=IFCDIRECTION((0.,0.,1.));
#3634=IFCARBITRARYCLOSEDPROFILEDEF(.AREA.,$,#3632);
#3635=IFCCARTESIANPOINT((0.,-0.1,0.));
#3636=IFCDIRECTION((0.,0.,1.));
#3637=IFCDIRECTION((1.,0.,0.));
#3638=IFCAXIS2PLACEMENT3D(#3635,#3636,#3637);
#3639=IFCEXTRUDEDAREASOLID(#3634,#3638,#3633,3.2);
#3640=IFCSHAPEREPRESENTATION(#16,'Body','SweptSolid',(#3639));
#3641=IFCPRODUCTDEFINITIONSHAPE($,$,(#3640,#3644));
#3642=IFCCARTESIANPOINTLIST2D(((0.,0.),(4.,0.)));
#3643=IFCINDEXEDPOLYCURVE(#3642,$,.F.);
#3644=IFCSHAPEREPRESENTATION(#17,'Axis','Curve2D',(#3643));
#3645=IFCCARTESIANPOINT((12.,14.,0.));
#3646=IFCDIRECTION((0.,0.,1.));
#3647=IFCDIRECTION((-1.8369701987210297E-16,-1.,0.));
#3648=IFCAXIS2PLACEMENT3D(#3645,#3646,#3647);
#3649=IFCLOCALPLACEMENT($,#3648);
#3650=IFCOWNERHISTORY(#5,#6,.READWRITE.,.MODIFIED.,1788884255,#5,#6,1788884255);
#3651=IFCSLAB('33nW9K6VH8$g5StZ6gwsM6',#3650,'Office_4_Floor',$,$,#3663,#3658,$,$);
#3652=IFCCARTESIANPOINTLIST2D(((0.,0.),(4.,0.),(4.,4.),(0.,4.)));
#3653=IFCINDEXEDPOLYCURVE(#3652,$,$);
#3654=IFCDIRECTION((0.,0.,1.));
#3655=IFCARBITRARYCLOSEDPROFILEDEF(.AREA.,$,#3653);
#3656=IFCEXTRUDEDAREASOLID(#3655,$,#3654,0.2);
#3657=IFCSHAPEREPRESENTATION(#16,'Body','SweptSolid',(#3656));
#3658=IFCPRODUCTDEFINITIONSHAPE($,$,(#3657));
#3659=IFCCARTESIANPOINT((12.,10.,0.));
#3660=IFCDIRECTION((0.,0.,1.));
#3661=IFCDIRECTION((1.,0.,0.));
#3662=IFCAXIS2PLACEMENT3D(#3659,#3660,#3661);
#3663=IFCLOCALPLACEMENT($,#3662);
#3664=IFCOWNERHISTORY(#5,#6,.READWRITE.,.MODIFIED.,1788884255,#5,#6,1788884255);
#3665=IFCOPENINGELEMENT('2yRgoLsu5B5wtu53YSl0Li',#3664,'Opening for Office_4_Door_1',$,$,#3688,#3676,$,.OPENING.);
#3666=IFCCARTESIANPOINTLIST2D(((0.,0.),(0.,1.),(0.9,1.),(0.9,0.),(0.,0.)));
#3667=IFCINDEXEDPOLYCURVE(#3666,$,.F.);
#3668=IFCDIRECTION((0.,0.,1.));
#3669=IFCARBITRARYCLOSEDPROFILEDEF(.AREA.,$,#3667);
#3670=IFCCARTESIANPOINT((0.,0.,0.));
#3671=IFCDIRECTION((0.,0.,1.));
#3672=IFCDIRECTION((1.,0.,0.));
#3673=IFCAXIS2PLACEMENT3D(#3670,#3671,#3672);
#3674=IFCEXTRUDEDAREASOLID(#3669,#3673,#3668,2.1);
#3675=IFCSHAPEREPRESENTATION(#16,'Body','SweptSolid',(#3674));
#3676=IFCPRODUCTDEFINITIONSHAPE($,$,(#3675));
#3682=IFCOWNERHISTORY(#5,#6,.READWRITE.,.ADDED.,1788884255,#5,#6,1788884255);
#3683=IFCRELVOIDSELEMENT('2cXJrQVNzCdAYfVTfUtWdw',#3682,$,$,#3567,#3665);
#3684=IFCCARTESIANPOINT((2.,-0.5,0.));
#3685=IFCDIRECTION((0.,0.,1.));
#3686=IFCDIRECTION((1.,0.,0.));
#3687=IFCAXIS2PLACEMENT3D(#3684,#3685,#3686);
#3688=IFCLOCALPLACEMENT(#3586,#3687);
#3689=IFCOWNERHISTORY(#5,#6,.READWRITE.,.MODIFIED.,1788884255,#5,#6,1788884255);
#3690=IFCDOOR('0601XpCUP1YeXOj93F4Txv',#3689,'Office_4_Door_1',$,$,#3769,#3764,$,$,$,.DOOR.,$,$);
#3691=IFCCARTESIANPOINTLIST2D(((0.,0.),(0.,2.1),(0.9,2.1),(0.9,0.),(0.875,0.),(0.875,2.075),(0.025,2.075),(0.025,0.)));
#3692=IFCINDEXEDPOLYCURVE(#3691,(IFCLINEINDEX((1,2,3,4,5,6,7,8,1))),$);
#3693=IFCARBITRARYCLOSEDPROFILEDEF(.AREA.,$,#3692);
#3694=IFCCARTESIANPOINT((0.,0.025,0.));
#3695=IFCDIRECTION((0.,-1.,0.));
#3696=IFCDIRECTION((1.,0.,0.));
#3697=IFCAXIS2PLACEMENT3D(#3694,#3695,#3696);
#3698=IFCDIRECTION((0.,0.,-1.));
#3699=IFCEXTRUDEDAREASOLID(#3693,#3697,#3698,0.025);
#3700=IFCCARTESIANPOINTLIST2D(((0.,0.),(0.,2.1),(0.9,2.1),(0.9,0.),(0.85,0.),(0.85,2.0500000000000003),(0.05,2.0500000000000003),(0.05,0.)));
#3701=IFCINDEXEDPOLYCURVE(#3700,(IFCLINEINDEX((1,2,3,4,5,6,7,8,1))),$);
#3702=IFCARBITRARYCLOSEDPROFILEDEF(.AREA.,$,#3701);
#3703=IFCCARTESIANPOINT((0.,0.,0.));
#3704=IFCDIRECTION((0.,-1.,0.));
#3705=IFCDIRECTION((1.,0.,0.));
#3706=IFCAXIS2PLACEMENT3D(#3703,#3704,#3705);
#3707=IFCDIRECTION((0.,0.,-1.));
#3708=IFCEXTRUDEDAREASOLID(#3702,#3706,#3707,0.025);
#3709=IFCCARTESIANPOINTLIST2D(((0.,0.),(0.8,0.),(0.8,0.1),(0.,0.1)));
#3710=IFCINDEXEDPOLYCURVE(#3709,(IFCLINEINDEX((1,2,3,4,1))),$);
#3711=IFCARBITRARYCLOSEDPROFILEDEF(.AREA.,$,#3710);
#3712=IFCCARTESIANPOINT((0.05,0.,0.));
#3713=IFCDIRECTION((0.,0.,1.));
#3714=IFCDIRECTION((1.,0.,0.));
#3715=IFCAXIS2PLACEMENT3D(#3712,#3713,#3714);
#3716=IFCDIRECTION((0.,0.,1.));
#3717=IFCEXTRUDEDAREASOLID(#3711,#3715,#3716,0.025);
#3718=IFCCARTESIANPOINTLIST2D(((0.,0.),(0.,2.125),(0.95,2.125),(0.95,0.),(0.875,0.),(0.875,2.05),(0.075,2.05),(0.075,0.)));
#3719=IFCINDEXEDPOLYCURVE(#3718,(IFCLINEINDEX((1,2,3,4,5,6,7,8,1))),$);
#3720=IFCARBITRARYCLOSEDPROFILEDEF(.AREA.,$,#3719);
#3721=IFCCARTESIANPOINT((-0.024999999999999994,-0.005,0.));
#3722=IFCDIRECTION((0.,-1.,0.));
#3723=IFCDIRECTION((1.,0.,0.));
#3724=IFCAXIS2PLACEMENT3D(#3721,#3722,#3723);
#3725=IFCDIRECTION((0.,0.,-1.));
#3726=IFCEXTRUDEDAREASOLID(#3720,#3724,#3725,0.005);
#3727=IFCCARTESIANPOINTLIST2D(((0.,0.),(0.,2.125),(0.95,2.125),(0.95,0.),(0.8999999999999999,0.),(0.8999999999999999,2.075),(0.049999999999999996,2.075),(0.049999999999999996,0.)));
#3728=IFCINDEXEDPOLYCURVE(#3727,(IFCLINEINDEX((1,2,3,4,5,6,7,8,1))),$);
#3729=IFCARBITRARYCLOSEDPROFILEDEF(.AREA.,$,#3728);
#3730=IFCCARTESIANPOINT((-0.024999999999999994,0.05,0.));
#3731=IFCDIRECTION((0.,-1.,0.));
#3732=IFCDIRECTION((1.,0.,0.));
#3733=IFCAXIS2PLACEMENT3D(#3730,#3731,#3732);
#3734=IFCDIRECTION((0.,0.,-1.));
#3735=IFCEXTRUDEDAREASOLID(#3729,#3733,#3734,0.005);
#3736=IFCCARTESIANPOINTLIST2D(((0.,0.),(0.85,0.),(0.85,0.035),(0.,0.035)));
#3737=IFCINDEXEDPOLYCURVE(#3736,(IFCLINEINDEX((1,2,3,4,1))),$);
#3738=IFCARBITRARYCLOSEDPROFILEDEF(.AREA.,$,#3737);
#3739=IFCCARTESIANPOINT((0.025,0.025,0.025));
#3740=IFCDIRECTION((0.,0.,1.));
#3741=IFCDIRECTION((1.,0.,0.));
#3742=IFCAXIS2PLACEMENT3D(#3739,#3740,#3741);
#3743=IFCDIRECTION((0.,0.,1.));
#3744=IFCEXTRUDEDAREASOLID(#3738,#3742,#3743,2.0500000000000003);
#3745=IFCCARTESIANPOINTLIST2D(((0.,0.),(0.,-0.04),(-0.11999999999999988,-0.04),(-0.11999999999999988,-0.02),(-0.020000000000000018,-0.02),(-0.020000000000000018,0.)));
#3746=IFCINDEXEDPOLYCURVE(#3745,(IFCLINEINDEX((1,2,3,4,5,6,1))),$);
#3747=IFCARBITRARYCLOSEDPROFILEDEF(.AREA.,$,#3746);
#3748=IFCCARTESIANPOINT((0.825,0.025,1.015));
#3749=IFCDIRECTION((0.,0.,1.));
#3750=IFCDIRECTION((1.,0.,0.));
#3751=IFCAXIS2PLACEMENT3D(#3748,#3749,#3750);
#3752=IFCDIRECTION((0.,0.,1.));
#3753=IFCEXTRUDEDAREASOLID(#3747,#3751,#3752,0.02);
#3754=IFCEXTRUDEDAREASOLID(#3755,#3758,#3762,0.02);
#3755=IFCARBITRARYCLOSEDPROFILEDEF(.AREA.,$,#3756);
#3756=IFCINDEXEDPOLYCURVE(#3757,(IFCLINEINDEX((1,2,3,4,5,6,1))),$);
#3757=IFCCARTESIANPOINTLIST2D(((0.,0.),(0.,0.04),(-0.11999999999999988,0.04),(-0.11999999999999988,0.02000000000000001),(-0.020000000000000018,0.02000000000000001),(-0.020000000000000018,0.)));
#3758=IFCAXIS2PLACEMENT3D(#3759,#3760,#3761);
#3759=IFCCARTESIANPOINT((0.825,0.060000000000000005,1.015));
#3760=IFCDIRECTION((0.,0.,1.));
#3761=IFCDIRECTION((1.,0.,0.));
#3762=IFCDIRECTION((0.,0.,1.));
#3763=IFCSHAPEREPRESENTATION(#16,'Body','SweptSolid',(#3699,#3708,#3744,#3753,#3754,#3717,#3726,#3735));
#3764=IFCPRODUCTDEFINITIONSHAPE($,$,(#3763));
#3765=IFCCARTESIANPOINT((14.,10.,0.));
#3766=IFCDIRECTION((0.,0.,1.));
#3767=IFCDIRECTION((1.,0.,0.));
#3768=IFCAXIS2PLACEMENT3D(#3765,#3766,#3767);
#3769=IFCLOCALPLACEMENT($,#3768);
#3770=IFCRELFILLSELEMENT('13Myb$_Lz71hcbQIxlV6z_',$,$,$,#3665,#3690);
#3771=IFCOWNERHISTORY(#5,#6,.READWRITE.,.MODIFIED.,1788884255,#5,#6,1788884255);
#3772=IFCWALL('0pIcJziAH51xcI8gPCpumy',#3771,'Executive_Office_Wall_South',$,$,#3791,#3783,$,$);
#3773=IFCCARTESIANPOINTLIST2D(((0.,0.),(0.,0.2),(6.,0.2),(6.,0.),(0.,0.)));
#3774=IFCINDEXEDPOLYCURVE(#3773,$,.F.);
#3775=IFCDIRECTION((0.,0.,1.));
#3776=IFCARBITRARYCLOSEDPROFILEDEF(.AREA.,$,#3774);
#3777=IFCCARTESIANPOINT((0.,-0.1,0.));
#3778=IFCDIRECTION((0.,0.,1.));
#3779=IFCDIRECTION((1.,0.,0.));
#3780=IFCAXIS2PLACEMENT3D(#3777,#3778,#3779);
#3781=IFCEXTRUDEDAREASOLID(#3776,#3780,#3775,3.2);
#3782=IFCSHAPEREPRESENTATION(#16,'Body','SweptSolid',(#3781));
#3783=IFCPRODUCTDEFINITIONSHAPE($,$,(#3782,#3786));
#3784=IFCCARTESIANPOINTLIST2D(((0.,0.),(6.,0.)));
#3785=IFCINDEXEDPOLYCURVE(#3784,$,.F.);
#3786=IFCSHAPEREPRESENTATION(#17,'Axis','Curve2D',(#3785));
#3787=IFCCARTESIANPOINT((16.,10.,0.));
#3788=IFCDIRECTION((0.,0.,1.));
#3789=IFCDIRECTION((1.,0.,0.));
#3790=IFCAXIS2PLACEMENT3D(#3787,#3788,#3789);
#3791=IFCLOCALPLACEMENT($,#3790);
#3792=IFCOWNERHISTORY(#5,#6,.READWRITE.,.MODIFIED.,1788884255,#5,#6,1788884255);
#3793=IFCWALL('1MkrYTzzL0OAur5AJIm6p5',#3792,'Executive_Office_Wall_East',$,$,#3812,#3804,$,$);
#3794=IFCCARTESIANPOINTLIST2D(((0.,0.),(0.,0.2),(8.,0.2),(8.,0.),(0.,0.)));
#3795=IFCINDEXEDPOLYCURVE(#3794,$,.F.);
#3796=IFCDIRECTION((0.,0.,1.));
#3797=IFCARBITRARYCLOSEDPROFILEDEF(.AREA.,$,#3795);
#3798=IFCCARTESIANPOINT((0.,-0.1,0.));
#3799=IFCDIRECTION((0.,0.,1.));
#3800=IFCDIRECTION((1.,0.,0.));
#3801=IFCAXIS2PLACEMENT3D(#3798,#3799,#3800);
#3802=IFCEXTRUDEDAREASOLID(#3797,#3801,#3796,3.2);
#3803=IFCSHAPEREPRESENTATION(#16,'Body','SweptSolid',(#3802));
#3804=IFCPRODUCTDEFINITIONSHAPE($,$,(#3803,#3807));
#3805=IFCCARTESIANPOINTLIST2D(((0.,0.),(8.,0.)));
#3806=IFCINDEXEDPOLYCURVE(#3805,$,.F.);
#3807=IFCSHAPEREPRESENTATION(#17,'Axis','Curve2D',(#3806));
#3808=IFCCARTESIANPOINT((22.,10.,0.));
#3809=IFCDIRECTION((0.,0.,1.));
#3810=IFCDIRECTION((6.123233995736766E-17,1.,0.));
#3811=IFCAXIS2PLACEMENT3D(#3808,#3809,#3810);
#3812=IFCLOCALPLACEMENT($,#3811);
#3813=IFCOWNERHISTORY(#5,#6,.READWRITE.,.MODIFIED.,1788884255,#5,#6,1788884255);
#3814=IFCWALL('2QSnmYusvDqOTErx1w9vL3',#3813,'Executive_Office_Wall_North',$,$,#3833,#3825,$,$);
#3815=IFCCARTESIANPOINTLIST2D(((0.,0.),(0.,0.2),(6.,0.2),(6.,0.),(0.,0.)));
#3816=IFCINDEXEDPOLYCURVE(#3815,$,.F.);
#3817=IFCDIRECTION((0.,0.,1.));
#3818=IFCARBITRARYCLOSEDPROFILEDEF(.AREA.,$,#3816);
#3819=IFCCARTESIANPOINT((0.,-0.1,0.));
#3820=IFCDIRECTION((0.,0.,1.));
#3821=IFCDIRECTION((1.,0.,0.));
#3822=IFCAXIS2PLACEMENT3D(#3819,#3820,#3821);
#3823=IFCEXTRUDEDAREASOLID(#3818,#3822,#3817,3.2);
#3824=IFCSHAPEREPRESENTATION(#16,'Body','SweptSolid',(#3823));
#3825=IFCPRODUCTDEFINITIONSHAPE($,$,(#3824,#3828));
#3826=IFCCARTESIANPOINTLIST2D(((0.,0.),(6.,0.)));
#3827=IFCINDEXEDPOLYCURVE(#3826,$,.F.);
#3828=IFCSHAPEREPRESENTATION(#17,'Axis','Curve2D',(#3827));
#3829=IFCCARTESIANPOINT((22.,18.,0.));
#3830=IFCDIRECTION((0.,0.,1.));
#3831=IFCDIRECTION((-1.,1.2246467991473532E-16,0.));
#3832=IFCAXIS2PLACEMENT3D(#3829,#3830,#3831);
#3833=IFCLOCALPLACEMENT($,#3832);
#3834=IFCOWNERHISTORY(#5,#6,.READWRITE.,.MODIFIED.,1788884255,#5,#6,1788884255);
#3835=IFCWALL('3LtGfWZBL1rPFzch__FRRt',#3834,'Executive_Office_Wall_West',$,$,#3854,#3846,$,$);
#3836=IFCCARTESIANPOINTLIST2D(((0.,0.),(0.,0.2),(8.,0.2),(8.,0.),(0.,0.)));
#3837=IFCINDEXEDPOLYCURVE(#3836,$,.F.);
#3838=IFCDIRECTION((0.,0.,1.));
#3839=IFCARBITRARYCLOSEDPROFILEDEF(.AREA.,$,#3837);
#3840=IFCCARTESIANPOINT((0.,-0.1,0.));
#3841=IFCDIRECTION((0.,0.,1.));
#3842=IFCDIRECTION((1.,0.,0.));
#3843=IFCAXIS2PLACEMENT3D(#3840,#3841,#3842);
#3844=IFCEXTRUDEDAREASOLID(#3839,#3843,#3838,3.2);
#3845=IFCSHAPEREPRESENTATION(#16,'Body','SweptSolid',(#3844));
#3846=IFCPRODUCTDEFINITIONSHAPE($,$,(#3845,#3849));
#3847=IFCCARTESIANPOINTLIST2D(((0.,0.),(8.,0.)));
#3848=IFCINDEXEDPOLYCURVE(#3847,$,.F.);
#3849=IFCSHAPEREPRESENTATION(#17,'Axis','Curve2D',(#3848));
#3850=IFCCARTESIANPOINT((16.,18.,0.));
#3851=IFCDIRECTION((0.,0.,1.));
#3852=IFCDIRECTION((-1.8369701987210297E-16,-1.,0.));
#3853=IFCAXIS2PLACEMENT3D(#3850,#3851,#3852);
#3854=IFCLOCALPLACEMENT($,#3853);
#3855=IFCOWNERHISTORY(#5,#6,.READWRITE.,.MODIFIED.,1788884255,#5,#6,1788884255);
#3856=IFCSLAB('0Je$Mw00L5qP7HYqFlxGUY',#3855,'Executive_Office_Floor',$,$,#3868,#3863,$,$);
#3857=IFCCARTESIANPOINTLIST2D(((0.,0.),(6.,0.),(6.,8.),(0.,8.)));
#3858=IFCINDEXEDPOLYCURVE(#3857,$,$);
#3859=IFCDIRECTION((0.,0.,1.));
#3860=IFCARBITRARYCLOSEDPROFILEDEF(.AREA.,$,#3858);
#3861=IFCEXTRUDEDAREASOLID(#3860,$,#3859,0.2);
#3862=IFCSHAPEREPRESENTATION(#16,'Body','SweptSolid',(#3861));
#3863=IFCPRODUCTDEFINITIONSHAPE($,$,(#3862));
#3864=IFCCARTESIANPOINT((16.,10.,0.));
#3865=IFCDIRECTION((0.,0.,1.));
#3866=IFCDIRECTION((1.,0.,0.));
#3867=IFCAXIS2PLACEMENT3D(#3864,#3865,#3866);
#3868=IFCLOCALPLACEMENT($,#3867);
#3869=IFCOWNERHISTORY(#5,#6,.READWRITE.,.MODIFIED.,1788884255,#5,#6,1788884255);
#3870=IFCOPENINGELEMENT('3FNeHbOhr06AsBBCKqLhSY',#3869,'Opening for Executive_Office_Door_1',$,$,#3893,#3881,$,.OPENING.);
#3871=IFCCARTESIANPOINTLIST2D(((0.,0.),(0.,1.),(0.9,1.),(0.9,0.),(0.,0.)));
#3872=IFCINDEXEDPOLYCURVE(#3871,$,.F.);
#3873=IFCDIRECTION((0.,0.,1.));
#3874=IFCARBITRARYCLOSEDPROFILEDEF(.AREA.,$,#3872);
#3875=IFCCARTESIANPOINT((0.,0.,0.));
#3876=IFCDIRECTION((0.,0.,1.));
#3877=IFCDIRECTION((1.,0.,0.));
#3878=IFCAXIS2PLACEMENT3D(#3875,#3876,#3877);
#3879=IFCEXTRUDEDAREASOLID(#3874,#3878,#3873,2.1);
#3880=IFCSHAPEREPRESENTATION(#16,'Body','SweptSolid',(#3879));
#3881=IFCPRODUCTDEFINITIONSHAPE($,$,(#3880));
#3887=IFCOWNERHISTORY(#5,#6,.READWRITE.,.ADDED.,1788884255,#5,#6,1788884255);
#3888=IFCRELVOIDSELEMENT('33kdMbscP7jQr1iT8iNUpu',#3887,$,$,#3772,#3870);
#3889=IFCCARTESIANPOINT((3.,-0.5,0.));
#3890=IFCDIRECTION((0.,0.,1.));
#3891=IFCDIRECTION((1.,0.,0.));
#3892=IFCAXIS2PLACEMENT3D(#3889,#3890,#3891);
#3893=IFCLOCALPLACEMENT(#3791,#3892);
#3894=IFCOWNERHISTORY(#5,#6,.READWRITE.,.MODIFIED.,1788884255,#5,#6,1788884255);
#3895=IFCDOOR('28GLrT1r5BE8lDcHKFdy5W',#3894,'Executive_Office_Door_1',$,$,#3974,#3969,$,$,$,.DOOR.,$,$);
#3896=IFCCARTESIANPOINTLIST2D(((0.,0.),(0.,2.1),(0.9,2.1),(0.9,0.),(0.875,0.),(0.875,2.075),(0.025,2.075),(0.025,0.)));
#3897=IFCINDEXEDPOLYCURVE(#3896,(IFCLINEINDEX((1,2,3,4,5,6,7,8,1))),$);
#3898=IFCARBITRARYCLOSEDPROFILEDEF(.AREA.,$,#3897);
#3899=IFCCARTESIANPOINT((0.,0.025,0.));
#3900=IFCDIRECTION((0.,-1.,0.));
#3901=IFCDIRECTION((1.,0.,0.));
#3902=IFCAXIS2PLACEMENT3D(#3899,#3900,#3901);
#3903=IFCDIRECTION((0.,0.,-1.));
#3904=IFCEXTRUDEDAREASOLID(#3898,#3902,#3903,0.025);
#3905=IFCCARTESIANPOINTLIST2D(((0.,0.),(0.,2.1),(0.9,2.1),(0.9,0.),(0.85,0.),(0.85,2.0500000000000003),(0.05,2.0500000000000003),(0.05,0.)));
#3906=IFCINDEXEDPOLYCURVE(#3905,(IFCLINEINDEX((1,2,3,4,5,6,7,8,1))),$);
#3907=IFCARBITRARYCLOSEDPROFILEDEF(.AREA.,$,#3906);
#3908=IFCCARTESIANPOINT((0.,0.,0.));
#3909=IFCDIRECTION((0.,-1.,0.));
#3910=IFCDIRECTION((1.,0.,0.));
#3911=IFCAXIS2PLACEMENT3D(#3908,#3909,#3910);
#3912=IFCDIRECTION((0.,0.,-1.));
#3913=IFCEXTRUDEDAREASOLID(#3907,#3911,#3912,0.025);
#3914=IFCCARTESIANPOINTLIST2D(((0.,0.),(0.8,0.),(0.8,0.1),(0.,0.1)));
#3915=IFCINDEXEDPOLYCURVE(#3914,(IFCLINEINDEX((1,2,3,4,1))),$);
#3916=IFCARBITRARYCLOSEDPROFILEDEF(.AREA.,$,#3915);
#3917=IFCCARTESIANPOINT((0.05,0.,0.));
#3918=IFCDIRECTION((0.,0.,1.));
#3919=IFCDIRECTION((1.,0.,0.));
#3920=IFCAXIS2PLACEMENT3D(#3917,#3918,#3919);
#3921=IFCDIRECTION((0.,0.,1.));
#3922=IFCEXTRUDEDAREASOLID(#3916,#3920,#3921,0.025);
#3923=IFCCARTESIANPOINTLIST2D(((0.,0.),(0.,2.125),(0.95,2.125),(0.95,0.),(0.875,0.),(0.875,2.05),(0.075,2.05),(0.075,0.)));
#3924=IFCINDEXEDPOLYCURVE(#3923,(IFCLINEINDEX((1,2,3,4,5,6,7,8,1))),$);
#3925=IFCARBITRARYCLOSEDPROFILEDEF(.AREA.,$,#3924);
#3926=IFCCARTESIANPOINT((-0.024999999999999994,-0.005,0.));
#3927=IFCDIRECTION((0.,-1.,0.));
#3928=IFCDIRECTION((1.,0.,0.));
#3929=IFCAXIS2PLACEMENT3D(#3926,#3927,#3928);
#3930=IFCDIRECTION((0.,0.,-1.));
#3931=IFCEXTRUDEDAREASOLID(#3925,#3929,#3930,0.005);
#3932=IFCCARTESIANPOINTLIST2D(((0.,0.),(0.,2.125),(0.95,2.125),(0.95,0.),(0.8999999999999999,0.),(0.8999999999999999,2.075),(0.049999999999999996,2.075),(0.049999999999999996,0.)));
#3933=IFCINDEXEDPOLYCURVE(#3932,(IFCLINEINDEX((1,2,3,4,5,6,7,8,1))),$);
#3934=IFCARBITRARYCLOSEDPROFILEDEF(.AREA.,$,#3933);
#3935=IFCCARTESIANPOINT((-0.024999999999999994,0.05,0.));
#3936=IFCDIRECTION((0.,-1.,0.));
#3937=IFCDIRECTION((1.,0.,0.));
#3938=IFCAXIS2PLACEMENT3D(#3935,#3936,#3937);
#3939=IFCDIRECTION((0.,0.,-1.));
#3940=IFCEXTRUDEDAREASOLID(#3934,#3938,#3939,0.005);
#3941=IFCCARTESIANPOINTLIST2D(((0.,0.),(0.85,0.),(0.85,0.035),(0.,0.035)));
#3942=IFCINDEXEDPOLYCURVE(#3941,(IFCLINEINDEX((1,2,3,4,1))),$);
#3943=IFCARBITRARYCLOSEDPROFILEDEF(.AREA.,$,#3942);
#3944=IFCCARTESIANPOINT((0.025,0.025,0.025));
#3945=IFCDIRECTION((0.,0.,1.));
#3946=IFCDIRECTION((1.,0.,0.));
#3947=IFCAXIS2PLACEMENT3D(#3944,#3945,#3946);
#3948=IFCDIRECTION((0.,0.,1.));
#3949=IFCEXTRUDEDAREASOLID(#3943,#3947,#3948,2.0500000000000003);
#3950=IFCCARTESIANPOINTLIST2D(((0.,0.),(0.,-0.04),(-0.11999999999999988,-0.04),(-0.11999999999999988,-0.02),(-0.020000000000000018,-0.02),(-0.020000000000000018,0.)));
#3951=IFCINDEXEDPOLYCURVE(#3950,(IFCLINEINDEX((1,2,3,4,5,6,1))),$);
#3952=IFCARBITRARYCLOSEDPROFILEDEF(.AREA.,$,#3951);
#3953=IFCCARTESIANPOINT((0.825,0.025,1.015));
#3954=IFCDIRECTION((0.,0.,1.));
#3955=IFCDIRECTION((1.,0.,0.));
#3956=IFCAXIS2PLACEMENT3D(#3953,#3954,#3955);
#3957=IFCDIRECTION((0.,0.,1.));
#3958=IFCEXTRUDEDAREASOLID(#3952,#3956,#3957,0.02);
#3959=IFCEXTRUDEDAREASOLID(#3960,#3963,#3967,0.02);
#3960=IFCARBITRARYCLOSEDPROFILEDEF(.AREA.,$,#3961);
#3961=IFCINDEXEDPOLYCURVE(#3962,(IFCLINEINDEX((1,2,3,4,5,6,1))),$);
#3962=IFCCARTESIANPOINTLIST2D(((0.,0.),(0.,0.04),(-0.11999999999999988,0.04),(-0.11999999999999988,0.02000000000000001),(-0.020000000000000018,0.02000000000000001),(-0.020000000000000018,0.)));
#3963=IFCAXIS2PLACEMENT3D(#3964,#3965,#3966);
#3964=IFCCARTESIANPOINT((0.825,0.060000000000000005,1.015));
#3965=IFCDIRECTION((0.,0.,1.));
#3966=IFCDIRECTION((1.,0.,0.));
#3967=IFCDIRECTION((0.,0.,1.));
#3968=IFCSHAPEREPRESENTATION(#16,'Body','SweptSolid',(#3904,#3913,#3949,#3958,#3959,#3922,#3931,#3940));
#3969=IFCPRODUCTDEFINITIONSHAPE($,$,(#3968));
#3970=IFCCARTESIANPOINT((19.,10.,0.));
#3971=IFCDIRECTION((0.,0.,1.));
#3972=IFCDIRECTION((1.,0.,0.));
#3973=IFCAXIS2PLACEMENT3D(#3970,#3971,#3972);
#3974=IFCLOCALPLACEMENT($,#3973);
#3975=IFCRELFILLSELEMENT('0cbPORvVTFD8s67QTnbDZr',$,$,$,#3870,#3895);
#3976=IFCOWNERHISTORY(#5,#6,.READWRITE.,.MODIFIED.,1788884256,#5,#6,1788884256);
#3977=IFCOPENINGELEMENT('2aavCFaiL2eAMxzobApTt9',#3976,'Opening for Executive_Office_Window_1',$,$,#4000,#3988,$,.OPENING.);
#3978=IFCCARTESIANPOINTLIST2D(((0.,0.),(0.,1.),(2.,1.),(2.,0.),(0.,0.)));
#3979=IFCINDEXEDPOLYCURVE(#3978,$,.F.);
#3980=IFCDIRECTION((0.,0.,1.));
#3981=IFCARBITRARYCLOSEDPROFILEDEF(.AREA.,$,#3979);
#3982=IFCCARTESIANPOINT((0.,0.,0.));
#3983=IFCDIRECTION((0.,0.,1.));
#3984=IFCDIRECTION((1.,0.,0.));
#3985=IFCAXIS2PLACEMENT3D(#3982,#3983,#3984);
#3986=IFCEXTRUDEDAREASOLID(#3981,#3985,#3980,1.6);
#3987=IFCSHAPEREPRESENTATION(#16,'Body','SweptSolid',(#3986));
#3988=IFCPRODUCTDEFINITIONSHAPE($,$,(#3987));
#3994=IFCOWNERHISTORY(#5,#6,.READWRITE.,.ADDED.,1788884256,#5,#6,1788884256);
#3995=IFCRELVOIDSELEMENT('2pCMWUtcX6A9V5VElKnM27',#3994,$,$,#3814,#3977);
#3996=IFCCARTESIANPOINT((1.8000000000000007,-0.5,0.8));
#3997=IFCDIRECTION((0.,0.,1.));
#3998=IFCDIRECTION((1.,0.,0.));
#3999=IFCAXIS2PLACEMENT3D(#3996,#3997,#3998);
#4000=IFCLOCALPLACEMENT(#3833,#3999);
#4001=IFCOWNERHISTORY(#5,#6,.READWRITE.,.MODIFIED.,1788884256,#5,#6,1788884256);
#4002=IFCWINDOW('2wVcfCusH1AOesPn6uaOA0',#4001,'Executive_Office_Window_1',$,$,#4051,#4046,$,$,$,.WINDOW.,$,$);
#4003=IFCCARTESIANPOINTLIST2D(((0.,0.),(2.,0.),(2.,1.6),(0.,1.6)));
#4004=IFCINDEXEDPOLYCURVE(#4003,(IFCLINEINDEX((1,2,3,4,1))),$);
#4005=IFCCARTESIANPOINTLIST2D(((0.025,0.025),(1.9749999999999999,0.025),(1.9749999999999999,1.575),(0.025,1.575)));
#4006=IFCINDEXEDPOLYCURVE(#4005,(IFCLINEINDEX((1,2,3,4,1))),$);
#4007=IFCARBITRARYPROFILEDEFWITHVOIDS(.AREA.,$,#4004,(#4006));
#4008=IFCCARTESIANPOINT((0.,0.09,0.));
#4009=IFCDIRECTION((0.,-1.,0.));
#4010=IFCDIRECTION((1.,0.,0.));
#4011=IFCAXIS2PLACEMENT3D(#4008,#4009,#4010);
#4012=IFCDIRECTION((0.,0.,-1.));
#4013=IFCEXTRUDEDAREASOLID(#4007,#4011,#4012,0.010000000000000002);
#4014=IFCCARTESIANPOINTLIST2D(((0.,0.),(2.,0.),(2.,1.6),(0.,1.6)));
#4015=IFCINDEXEDPOLYCURVE(#4014,(IFCLINEINDEX((1,2,3,4,1))),$);
#4016=IFCCARTESIANPOINTLIST2D(((0.05,0.05),(1.95,0.05),(1.95,1.55),(0.05,1.55)));
#4017=IFCINDEXEDPOLYCURVE(#4016,(IFCLINEINDEX((1,2,3,4,1))),$);
#4018=IFCARBITRARYPROFILEDEFWITHVOIDS(.AREA.,$,#4015,(#4017));
#4019=IFCCARTESIANPOINT((0.,0.05,0.));
#4020=IFCDIRECTION((0.,-1.,0.));
#4021=IFCDIRECTION((1.,0.,0.));
#4022=IFCAXIS2PLACEMENT3D(#4019,#4020,#4021);
#4023=IFCDIRECTION((0.,0.,-1.));
#4024=IFCEXTRUDEDAREASOLID(#4018,#4022,#4023,0.04);
#4025=IFCCARTESIANPOINTLIST2D(((0.,0.),(1.95,0.),(1.95,1.55),(0.,1.55)));
#4026=IFCINDEXEDPOLYCURVE(#4025,(IFCLINEINDEX((1,2,3,4,1))),$);
#4027=IFCCARTESIANPOINTLIST2D(((0.035,0.035),(1.9149999999999998,0.035),(1.9149999999999998,1.515),(0.035,1.515)));
#4028=IFCINDEXEDPOLYCURVE(#4027,(IFCLINEINDEX((1,2,3,4,1))),$);
#4029=IFCARBITRARYPROFILEDEFWITHVOIDS(.AREA.,$,#4026,(#4028));
#4030=IFCCARTESIANPOINT((0.025,0.09,0.025));
#4031=IFCDIRECTION((0.,-1.,0.));
#4032=IFCDIRECTION((1.,0.,0.));
#4033=IFCAXIS2PLACEMENT3D(#4030,#4031,#4032);
#4034=IFCDIRECTION((0.,0.,-1.));
#4035=IFCEXTRUDEDAREASOLID(#4029,#4033,#4034,0.035);
#4036=IFCINDEXEDPOLYCURVE(#4037,(IFCLINEINDEX((1,2,3,4,1))),$);
#4037=IFCCARTESIANPOINTLIST2D(((0.035,0.035),(1.9149999999999998,0.035),(1.9149999999999998,1.515),(0.035,1.515)));
#4038=IFCARBITRARYCLOSEDPROFILEDEF(.AREA.,$,#4036);
#4039=IFCCARTESIANPOINT((0.025,0.10250000000000001,0.025));
#4040=IFCDIRECTION((0.,-1.,0.));
#4041=IFCDIRECTION((1.,0.,0.));
#4042=IFCAXIS2PLACEMENT3D(#4039,#4040,#4041);
#4043=IFCDIRECTION((0.,0.,-1.));
#4044=IFCEXTRUDEDAREASOLID(#4038,#4042,#4043,0.01);
#4045=IFCSHAPEREPRESENTATION(#16,'Body','SweptSolid',(#4013,#4024,#4035,#4044));
#4046=IFCPRODUCTDEFINITIONSHAPE($,$,(#4045));
#4047=IFCCARTESIANPOINT((20.2,18.,0.8));
#4048=IFCDIRECTION((0.,0.,1.));
#4049=IFCDIRECTION((-1.,1.2246467991473532E-16,0.));
#4050=IFCAXIS2PLACEMENT3D(#4047,#4048,#4049);
#4051=IFCLOCALPLACEMENT($,#4050);
#4052=IFCRELFILLSELEMENT('3kAjjkUTf3FAOPPXtIAxxZ',$,$,$,#3977,#4002);
#4053=IFCOWNERHISTORY(#5,#6,.READWRITE.,.MODIFIED.,1788884256,#5,#6,1788884256);
#4054=IFCOPENINGELEMENT('0hynYvOcHFDxnX$fh0uush',#4053,'Opening for Executive_Office_Window_2',$,$,#4077,#4065,$,.OPENING.);
#4055=IFCCARTESIANPOINTLIST2D(((0.,0.),(0.,1.),(2.,1.),(2.,0.),(0.,0.)));
#4056=IFCINDEXEDPOLYCURVE(#4055,$,.F.);
#4057=IFCDIRECTION((0.,0.,1.));
#4058=IFCARBITRARYCLOSEDPROFILEDEF(.AREA.,$,#4056);
#4059=IFCCARTESIANPOINT((0.,0.,0.));
#4060=IFCDIRECTION((0.,0.,1.));
#4061=IFCDIRECTION((1.,0.,0.));
#4062=IFCAXIS2PLACEMENT3D(#4059,#4060,#4061);
#4063=IFCEXTRUDEDAREASOLID(#4058,#4062,#4057,1.6);
#4064=IFCSHAPEREPRESENTATION(#16,'Body','SweptSolid',(#4063));
#4065=IFCPRODUCTDEFINITIONSHAPE($,$,(#4064));
#4071=IFCOWNERHISTORY(#5,#6,.READWRITE.,.ADDED.,1788884256,#5,#6,1788884256);
#4072=IFCRELVOIDSELEMENT('14zzQvxmHD99T$AmRC90Hi',#4071,$,$,#3814,#4054);
#4073=IFCCARTESIANPOINT((4.199999999999999,-0.5,0.8));
#4074=IFCDIRECTION((0.,0.,1.));
#4075=IFCDIRECTION((1.,0.,0.));
#4076=IFCAXIS2PLACEMENT3D(#4073,#4074,#4075);
#4077=IFCLOCALPLACEMENT(#3833,#4076);
#4078=IFCOWNERHISTORY(#5,#6,.READWRITE.,.MODIFIED.,1788884256,#5,#6,1788884256);
#4079=IFCWINDOW('38btcbi3HCg94erM2MxTe0',#4078,'Executive_Office_Window_2',$,$,#4128,#4123,$,$,$,.WINDOW.,$,$);
#4080=IFCCARTESIANPOINTLIST2D(((0.,0.),(2.,0.),(2.,1.6),(0.,1.6)));
#4081=IFCINDEXEDPOLYCURVE(#4080,(IFCLINEINDEX((1,2,3,4,1))),$);
#4082=IFCCARTESIANPOINTLIST2D(((0.025,0.025),(1.9749999999999999,0.025),(1.9749999999999999,1.575),(0.025,1.575)));
#4083=IFCINDEXEDPOLYCURVE(#4082,(IFCLINEINDEX((1,2,3,4,1))),$);
#4084=IFCARBITRARYPROFILEDEFWITHVOIDS(.AREA.,$,#4081,(#4083));
#4085=IFCCARTESIANPOINT((0.,0.09,0.));
#4086=IFCDIRECTION((0.,-1.,0.));
#4087=IFCDIRECTION((1.,0.,0.));
#4088=IFCAXIS2PLACEMENT3D(#4085,#4086,#4087);
#4089=IFCDIRECTION((0.,0.,-1.));
#4090=IFCEXTRUDEDAREASOLID(#4084,#4088,#4089,0.010000000000000002);
#4091=IFCCARTESIANPOINTLIST2D(((0.,0.),(2.,0.),(2.,1.6),(0.,1.6)));
#4092=IFCINDEXEDPOLYCURVE(#4091,(IFCLINEINDEX((1,2,3,4,1))),$);
#4093=IFCCARTESIANPOINTLIST2D(((0.05,0.05),(1.95,0.05),(1.95,1.55),(0.05,1.55)));
#4094=IFCINDEXEDPOLYCURVE(#4093,(IFCLINEINDEX((1,2,3,4,1))),$);
#4095=IFCARBITRARYPROFILEDEFWITHVOIDS(.AREA.,$,#4092,(#4094));
#4096=IFCCARTESIANPOINT((0.,0.05,0.));
#4097=IFCDIRECTION((0.,-1.,0.));
#4098=IFCDIRECTION((1.,0.,0.));
#4099=IFCAXIS2PLACEMENT3D(#4096,#4097,#4098);
#4100=IFCDIRECTION((0.,0.,-1.));
#4101=IFCEXTRUDEDAREASOLID(#4095,#4099,#4100,0.04);
#4102=IFCCARTESIANPOINTLIST2D(((0.,0.),(1.95,0.),(1.95,1.55),(0.,1.55)));
#4103=IFCINDEXEDPOLYCURVE(#4102,(IFCLINEINDEX((1,2,3,4,1))),$);
#4104=IFCCARTESIANPOINTLIST2D(((0.035,0.035),(1.9149999999999998,0.035),(1.9149999999999998,1.515),(0.035,1.515)));
#4105=IFCINDEXEDPOLYCURVE(#4104,(IFCLINEINDEX((1,2,3,4,1))),$);
#4106=IFCARBITRARYPROFILEDEFWITHVOIDS(.AREA.,$,#4103,(#4105));
#4107=IFCCARTESIANPOINT((0.025,0.09,0.025));
#4108=IFCDIRECTION((0.,-1.,0.));
#4109=IFCDIRECTION((1.,0.,0.));
#4110=IFCAXIS2PLACEMENT3D(#4107,#4108,#4109);
#4111=IFCDIRECTION((0.,0.,-1.));
#4112=IFCEXTRUDEDAREASOLID(#4106,#4110,#4111,0.035);
#4113=IFCINDEXEDPOLYCURVE(#4114,(IFCLINEINDEX((1,2,3,4,1))),$);
#4114=IFCCARTESIANPOINTLIST2D(((0.035,0.035),(1.9149999999999998,0.035),(1.9149999999999998,1.515),(0.035,1.515)));
#4115=IFCARBITRARYCLOSEDPROFILEDEF(.AREA.,$,#4113);
#4116=IFCCARTESIANPOINT((0.025,0.10250000000000001,0.025));
#4117=IFCDIRECTION((0.,-1.,0.));
#4118=IFCDIRECTION((1.,0.,0.));
#4119=IFCAXIS2PLACEMENT3D(#4116,#4117,#4118);
#4120=IFCDIRECTION((0.,0.,-1.));
#4121=IFCEXTRUDEDAREASOLID(#4115,#4119,#4120,0.01);
#4122=IFCSHAPEREPRESENTATION(#16,'Body','SweptSolid',(#4090,#4101,#4112,#4121));
#4123=IFCPRODUCTDEFINITIONSHAPE($,$,(#4122));
#4124=IFCCARTESIANPOINT((17.8,18.,0.8));
#4125=IFCDIRECTION((0.,0.,1.));
#4126=IFCDIRECTION((-1.,1.2246467991473532E-16,0.));
#4127=IFCAXIS2PLACEMENT3D(#4124,#4125,#4126);
#4128=IFCLOCALPLACEMENT($,#4127);
#4129=IFCRELFILLSELEMENT('0IeV8yKnXD8h7x0u5ZweYx',$,$,$,#4054,#4079);
#4130=IFCOWNERHISTORY(#5,#6,.READWRITE.,.MODIFIED.,1788884256,#5,#6,1788884256);
#4131=IFCWALL('2qAK$mIGT9i8NnvM1G6nHP',#4130,'Restroom_Men_Wall_South',$,$,#4150,#4142,$,$);
#4132=IFCCARTESIANPOINTLIST2D(((0.,0.),(0.,0.2),(3.,0.2),(3.,0.),(0.,0.)));
#4133=IFCINDEXEDPOLYCURVE(#4132,$,.F.);
#4134=IFCDIRECTION((0.,0.,1.));
#4135=IFCARBITRARYCLOSEDPROFILEDEF(.AREA.,$,#4133);
#4136=IFCCARTESIANPOINT((0.,-0.1,0.));
#4137=IFCDIRECTION((0.,0.,1.));
#4138=IFCDIRECTION((1.,0.,0.));
#4139=IFCAXIS2PLACEMENT3D(#4136,#4137,#4138);
#4140=IFCEXTRUDEDAREASOLID(#4135,#4139,#4134,3.2);
#4141=IFCSHAPEREPRESENTATION(#16,'Body','SweptSolid',(#4140));
#4142=IFCPRODUCTDEFINITIONSHAPE($,$,(#4141,#4145));
#4143=IFCCARTESIANPOINTLIST2D(((0.,0.),(3.,0.)));
#4144=IFCINDEXEDPOLYCURVE(#4143,$,.F.);
#4145=IFCSHAPEREPRESENTATION(#17,'Axis','Curve2D',(#4144));
#4146=IFCCARTESIANPOINT((22.,10.,0.));
#4147=IFCDIRECTION((0.,0.,1.));
#4148=IFCDIRECTION((1.,0.,0.));
#4149=IFCAXIS2PLACEMENT3D(#4146,#4147,#4148);
#4150=IFCLOCALPLACEMENT($,#4149);
#4151=IFCOWNERHISTORY(#5,#6,.READWRITE.,.MODIFIED.,1788884256,#5,#6,1788884256);
#4152=IFCWALL('2jAyAO_SfFXg3sIqRcVIwT',#4151,'Restroom_Men_Wall_East',$,$,#4171,#4163,$,$);
#4153=IFCCARTESIANPOINTLIST2D(((0.,0.),(0.,0.2),(4.,0.2),(4.,0.),(0.,0.)));
#4154=IFCINDEXEDPOLYCURVE(#4153,$,.F.);
#4155=IFCDIRECTION((0.,0.,1.));
#4156=IFCARBITRARYCLOSEDPROFILEDEF(.AREA.,$,#4154);
#4157=IFCCARTESIANPOINT((0.,-0.1,0.));
#4158=IFCDIRECTION((0.,0.,1.));
#4159=IFCDIRECTION((1.,0.,0.));
#4160=IFCAXIS2PLACEMENT3D(#4157,#4158,#4159);
#4161=IFCEXTRUDEDAREASOLID(#4156,#4160,#4155,3.2);
#4162=IFCSHAPEREPRESENTATION(#16,'Body','SweptSolid',(#4161));
#4163=IFCPRODUCTDEFINITIONSHAPE($,$,(#4162,#4166));
#4164=IFCCARTESIANPOINTLIST2D(((0.,0.),(4.,0.)));
#4165=IFCINDEXEDPOLYCURVE(#4164,$,.F.);
#4166=IFCSHAPEREPRESENTATION(#17,'Axis','Curve2D',(#4165));
#4167=IFCCARTESIANPOINT((25.,10.,0.));
#4168=IFCDIRECTION((0.,0.,1.));
#4169=IFCDIRECTION((6.123233995736766E-17,1.,0.));
#4170=IFCAXIS2PLACEMENT3D(#4167,#4168,#4169);
#4171=IFCLOCALPLACEMENT($,#4170);
#4172=IFCOWNERHISTORY(#5,#6,.READWRITE.,.MODIFIED.,1788884256,#5,#6,1788884256);
#4173=IFCWALL('0aaWLqrYb8$8WhlRArGkyb',#4172,'Restroom_Men_Wall_North',$,$,#4192,#4184,$,$);
#4174=IFCCARTESIANPOINTLIST2D(((0.,0.),(0.,0.2),(3.,0.2),(3.,0.),(0.,0.)));
#4175=IFCINDEXEDPOLYCURVE(#4174,$,.F.);
#4176=IFCDIRECTION((0.,0.,1.));
#4177=IFCARBITRARYCLOSEDPROFILEDEF(.AREA.,$,#4175);
#4178=IFCCARTESIANPOINT((0.,-0.1,0.));
#4179=IFCDIRECTION((0.,0.,1.));
#4180=IFCDIRECTION((1.,0.,0.));
#4181=IFCAXIS2PLACEMENT3D(#4178,#4179,#4180);
#4182=IFCEXTRUDEDAREASOLID(#4177,#4181,#4176,3.2);
#4183=IFCSHAPEREPRESENTATION(#16,'Body','SweptSolid',(#4182));
#4184=IFCPRODUCTDEFINITIONSHAPE($,$,(#4183,#4187));
#4185=IFCCARTESIANPOINTLIST2D(((0.,0.),(3.,0.)));
#4186=IFCINDEXEDPOLYCURVE(#4185,$,.F.);
#4187=IFCSHAPEREPRESENTATION(#17,'Axis','Curve2D',(#4186));
#4188=IFCCARTESIANPOINT((25.,14.,0.));
#4189=IFCDIRECTION((0.,0.,1.));
#4190=IFCDIRECTION((-1.,1.2246467991473532E-16,0.));
#4191=IFCAXIS2PLACEMENT3D(#4188,#4189,#4190);
#4192=IFCLOCALPLACEMENT($,#4191);
#4193=IFCOWNERHISTORY(#5,#6,.READWRITE.,.MODIFIED.,1788884256,#5,#6,1788884256);
#4194=IFCWALL('1qrzgwx1b1q9KEnPWOjcAh',#4193,'Restroom_Men_Wall_West',$,$,#4213,#4205,$,$);
#4195=IFCCARTESIANPOINTLIST2D(((0.,0.),(0.,0.2),(4.,0.2),(4.,0.),(0.,0.)));
#4196=IFCINDEXEDPOLYCURVE(#4195,$,.F.);
#4197=IFCDIRECTION((0.,0.,1.));
#4198=IFCARBITRARYCLOSEDPROFILEDEF(.AREA.,$,#4196);
#4199=IFCCARTESIANPOINT((0.,-0.1,0.));
#4200=IFCDIRECTION((0.,0.,1.));
#4201=IFCDIRECTION((1.,0.,0.));
#4202=IFCAXIS2PLACEMENT3D(#4199,#4200,#4201);
#4203=IFCEXTRUDEDAREASOLID(#4198,#4202,#4197,3.2);
#4204=IFCSHAPEREPRESENTATION(#16,'Body','SweptSolid',(#4203));
#4205=IFCPRODUCTDEFINITIONSHAPE($,$,(#4204,#4208));
#4206=IFCCARTESIANPOINTLIST2D(((0.,0.),(4.,0.)));
#4207=IFCINDEXEDPOLYCURVE(#4206,$,.F.);
#4208=IFCSHAPEREPRESENTATION(#17,'Axis','Curve2D',(#4207));
#4209=IFCCARTESIANPOINT((22.,14.,0.));
#4210=IFCDIRECTION((0.,0.,1.));
#4211=IFCDIRECTION((-1.8369701987210297E-16,-1.,0.));
#4212=IFCAXIS2PLACEMENT3D(#4209,#4210,#4211);
#4213=IFCLOCALPLACEMENT($,#4212);
#4214=IFCOWNERHISTORY(#5,#6,.READWRITE.,.MODIFIED.,1788884256,#5,#6,1788884256);
#4215=IFCSLAB('2KGLkFdzbCVe0ALZBKm8vq',#4214,'Restroom_Men_Floor',$,$,#4227,#4222,$,$);
#4216=IFCCARTESIANPOINTLIST2D(((0.,0.),(3.,0.),(3.,4.),(0.,4.)));
#4217=IFCINDEXEDPOLYCURVE(#4216,$,$);
#4218=IFCDIRECTION((0.,0.,1.));
#4219=IFCARBITRARYCLOSEDPROFILEDEF(.AREA.,$,#4217);
#4220=IFCEXTRUDEDAREASOLID(#4219,$,#4218,0.2);
#4221=IFCSHAPEREPRESENTATION(#16,'Body','SweptSolid',(#4220));
#4222=IFCPRODUCTDEFINITIONSHAPE($,$,(#4221));
#4223=IFCCARTESIANPOINT((22.,10.,0.));
#4224=IFCDIRECTION((0.,0.,1.));
#4225=IFCDIRECTION((1.,0.,0.));
#4226=IFCAXIS2PLACEMENT3D(#4223,#4224,#4225);
#4227=IFCLOCALPLACEMENT($,#4226);
#4228=IFCOWNERHISTORY(#5,#6,.READWRITE.,.MODIFIED.,1788884257,#5,#6,1788884257);
#4229=IFCOPENINGELEMENT('1XsVYjcpf8dh1sOq0REDoj',#4228,'Opening for Restroom_Men_Door_1',$,$,#4252,#4240,$,.OPENING.);
#4230=IFCCARTESIANPOINTLIST2D(((0.,0.),(0.,1.),(0.9,1.),(0.9,0.),(0.,0.)));
#4231=IFCINDEXEDPOLYCURVE(#4230,$,.F.);
#4232=IFCDIRECTION((0.,0.,1.));
#4233=IFCARBITRARYCLOSEDPROFILEDEF(.AREA.,$,#4231);
#4234=IFCCARTESIANPOINT((0.,0.,0.));
#4235=IFCDIRECTION((0.,0.,1.));
#4236=IFCDIRECTION((1.,0.,0.));
#4237=IFCAXIS2PLACEMENT3D(#4234,#4235,#4236);
#4238=IFCEXTRUDEDAREASOLID(#4233,#4237,#4232,2.1);
#4239=IFCSHAPEREPRESENTATION(#16,'Body','SweptSolid',(#4238));
#4240=IFCPRODUCTDEFINITIONSHAPE($,$,(#4239));
#4246=IFCOWNERHISTORY(#5,#6,.READWRITE.,.ADDED.,1788884257,#5,#6,1788884257);
#4247=IFCRELVOIDSELEMENT('2521HmoCH6AwWS_Jpyd$w8',#4246,$,$,#4131,#4229);
#4248=IFCCARTESIANPOINT((1.5,-0.5,0.));
#4249=IFCDIRECTION((0.,0.,1.));
#4250=IFCDIRECTION((1.,0.,0.));
#4251=IFCAXIS2PLACEMENT3D(#4248,#4249,#4250);
#4252=IFCLOCALPLACEMENT(#4150,#4251);
#4253=IFCOWNERHISTORY(#5,#6,.READWRITE.,.MODIFIED.,1788884257,#5,#6,1788884257);
#4254=IFCDOOR('1U6R2qGIj5X8vzkLKD_5yn',#4253,'Restroom_Men_Door_1',$,$,#4333,#4328,$,$,$,.DOOR.,$,$);
#4255=IFCCARTESIANPOINTLIST2D(((0.,0.),(0.,2.1),(0.9,2.1),(0.9,0.),(0.875,0.),(0.875,2.075),(0.025,2.075),(0.025,0.)));
#4256=IFCINDEXEDPOLYCURVE(#4255,(IFCLINEINDEX((1,2,3,4,5,6,7,8,1))),$);
#4257=IFCARBITRARYCLOSEDPROFILEDEF(.AREA.,$,#4256);
#4258=IFCCARTESIANPOINT((0.,0.025,0.));
#4259=IFCDIRECTION((0.,-1.,0.));
#4260=IFCDIRECTION((1.,0.,0.));
#4261=IFCAXIS2PLACEMENT3D(#4258,#4259,#4260);
#4262=IFCDIRECTION((0.,0.,-1.));
#4263=IFCEXTRUDEDAREASOLID(#4257,#4261,#4262,0.025);
#4264=IFCCARTESIANPOINTLIST2D(((0.,0.),(0.,2.1),(0.9,2.1),(0.9,0.),(0.85,0.),(0.85,2.0500000000000003),(0.05,2.0500000000000003),(0.05,0.)));
#4265=IFCINDEXEDPOLYCURVE(#4264,(IFCLINEINDEX((1,2,3,4,5,6,7,8,1))),$);
#4266=IFCARBITRARYCLOSEDPROFILEDEF(.AREA.,$,#4265);
#4267=IFCCARTESIANPOINT((0.,0.,0.));
#4268=IFCDIRECTION((0.,-1.,0.));
#4269=IFCDIRECTION((1.,0.,0.));
#4270=IFCAXIS2PLACEMENT3D(#4267,#4268,#4269);
#4271=IFCDIRECTION((0.,0.,-1.));
#4272=IFCEXTRUDEDAREASOLID(#4266,#4270,#4271,0.025);
#4273=IFCCARTESIANPOINTLIST2D(((0.,0.),(0.8,0.),(0.8,0.1),(0.,0.1)));
#4274=IFCINDEXEDPOLYCURVE(#4273,(IFCLINEINDEX((1,2,3,4,1))),$);
#4275=IFCARBITRARYCLOSEDPROFILEDEF(.AREA.,$,#4274);
#4276=IFCCARTESIANPOINT((0.05,0.,0.));
#4277=IFCDIRECTION((0.,0.,1.));
#4278=IFCDIRECTION((1.,0.,0.));
#4279=IFCAXIS2PLACEMENT3D(#4276,#4277,#4278);
#4280=IFCDIRECTION((0.,0.,1.));
#4281=IFCEXTRUDEDAREASOLID(#4275,#4279,#4280,0.025);
#4282=IFCCARTESIANPOINTLIST2D(((0.,0.),(0.,2.125),(0.95,2.125),(0.95,0.),(0.875,0.),(0.875,2.05),(0.075,2.05),(0.075,0.)));
#4283=IFCINDEXEDPOLYCURVE(#4282,(IFCLINEINDEX((1,2,3,4,5,6,7,8,1))),$);
#4284=IFCARBITRARYCLOSEDPROFILEDEF(.AREA.,$,#4283);
#4285=IFCCARTESIANPOINT((-0.024999999999999994,-0.005,0.));
#4286=IFCDIRECTION((0.,-1.,0.));
#4287=IFCDIRECTION((1.,0.,0.));
#4288=IFCAXIS2PLACEMENT3D(#4285,#4286,#4287);
#4289=IFCDIRECTION((0.,0.,-1.));
#4290=IFCEXTRUDEDAREASOLID(#4284,#4288,#4289,0.005);
#4291=IFCCARTESIANPOINTLIST2D(((0.,0.),(0.,2.125),(0.95,2.125),(0.95,0.),(0.8999999999999999,0.),(0.8999999999999999,2.075),(0.049999999999999996,2.075),(0.049999999999999996,0.)));
#4292=IFCINDEXEDPOLYCURVE(#4291,(IFCLINEINDEX((1,2,3,4,5,6,7,8,1))),$);
#4293=IFCARBITRARYCLOSEDPROFILEDEF(.AREA.,$,#4292);
#4294=IFCCARTESIANPOINT((-0.024999999999999994,0.05,0.));
#4295=IFCDIRECTION((0.,-1.,0.));
#4296=IFCDIRECTION((1.,0.,0.));
#4297=IFCAXIS2PLACEMENT3D(#4294,#4295,#4296);
#4298=IFCDIRECTION((0.,0.,-1.));
#4299=IFCEXTRUDEDAREASOLID(#4293,#4297,#4298,0.005);
#4300=IFCCARTESIANPOINTLIST2D(((0.,0.),(0.85,0.),(0.85,0.035),(0.,0.035)));
#4301=IFCINDEXEDPOLYCURVE(#4300,(IFCLINEINDEX((1,2,3,4,1))),$);
#4302=IFCARBITRARYCLOSEDPROFILEDEF(.AREA.,$,#4301);
#4303=IFCCARTESIANPOINT((0.025,0.025,0.025));
#4304=IFCDIRECTION((0.,0.,1.));
#4305=IFCDIRECTION((1.,0.,0.));
#4306=IFCAXIS2PLACEMENT3D(#4303,#4304,#4305);
#4307=IFCDIRECTION((0.,0.,1.));
#4308=IFCEXTRUDEDAREASOLID(#4302,#4306,#4307,2.0500000000000003);
#4309=IFCCARTESIANPOINTLIST2D(((0.,0.),(0.,-0.04),(-0.11999999999999988,-0.04),(-0.11999999999999988,-0.02),(-0.020000000000000018,-0.02),(-0.020000000000000018,0.)));
#4310=IFCINDEXEDPOLYCURVE(#4309,(IFCLINEINDEX((1,2,3,4,5,6,1))),$);
#4311=IFCARBITRARYCLOSEDPROFILEDEF(.AREA.,$,#4310);
#4312=IFCCARTESIANPOINT((0.825,0.025,1.015));
#4313=IFCDIRECTION((0.,0.,1.));
#4314=IFCDIRECTION((1.,0.,0.));
#4315=IFCAXIS2PLACEMENT3D(#4312,#4313,#4314);
#4316=IFCDIRECTION((0.,0.,1.));
#4317=IFCEXTRUDEDAREASOLID(#4311,#4315,#4316,0.02);
#4318=IFCEXTRUDEDAREASOLID(#4319,#4322,#4326,0.02);
#4319=IFCARBITRARYCLOSEDPROFILEDEF(.AREA.,$,#4320);
#4320=IFCINDEXEDPOLYCURVE(#4321,(IFCLINEINDEX((1,2,3,4,5,6,1))),$);
#4321=IFCCARTESIANPOINTLIST2D(((0.,0.),(0.,0.04),(-0.11999999999999988,0.04),(-0.11999999999999988,0.02000000000000001),(-0.020000000000000018,0.02000000000000001),(-0.020000000000000018,0.)));
#4322=IFCAXIS2PLACEMENT3D(#4323,#4324,#4325);
#4323=IFCCARTESIANPOINT((0.825,0.060000000000000005,1.015));
#4324=IFCDIRECTION((0.,0.,1.));
#4325=IFCDIRECTION((1.,0.,0.));
#4326=IFCDIRECTION((0.,0.,1.));
#4327=IFCSHAPEREPRESENTATION(#16,'Body','SweptSolid',(#4263,#4272,#4308,#4317,#4318,#4281,#4290,#4299));
#4328=IFCPRODUCTDEFINITIONSHAPE($,$,(#4327));
#4329=IFCCARTESIANPOINT((23.5,10.,0.));
#4330=IFCDIRECTION((0.,0.,1.));
#4331=IFCDIRECTION((1.,0.,0.));
#4332=IFCAXIS2PLACEMENT3D(#4329,#4330,#4331);
#4333=IFCLOCALPLACEMENT($,#4332);
#4334=IFCRELFILLSELEMENT('0FDFZLZ058AuUbSLOk$7Ux',$,$,$,#4229,#4254);
#4335=IFCOWNERHISTORY(#5,#6,.READWRITE.,.MODIFIED.,1788884257,#5,#6,1788884257);
#4336=IFCWALL('2EWPjcSkXDR9OlFhq0dNRT',#4335,'Restroom_Women_Wall_South',$,$,#4355,#4347,$,$);
#4337=IFCCARTESIANPOINTLIST2D(((0.,0.),(0.,0.2),(3.,0.2),(3.,0.),(0.,0.)));
#4338=IFCINDEXEDPOLYCURVE(#4337,$,.F.);
#4339=IFCDIRECTION((0.,0.,1.));
#4340=IFCARBITRARYCLOSEDPROFILEDEF(.AREA.,$,#4338);
#4341=IFCCARTESIANPOINT((0.,-0.1,0.));
#4342=IFCDIRECTION((0.,0.,1.));
#4343=IFCDIRECTION((1.,0.,0.));
#4344=IFCAXIS2PLACEMENT3D(#4341,#4342,#4343);
#4345=IFCEXTRUDEDAREASOLID(#4340,#4344,#4339,3.2);
#4346=IFCSHAPEREPRESENTATION(#16,'Body','SweptSolid',(#4345));
#4347=IFCPRODUCTDEFINITIONSHAPE($,$,(#4346,#4350));
#4348=IFCCARTESIANPOINTLIST2D(((0.,0.),(3.,0.)));
#4349=IFCINDEXEDPOLYCURVE(#4348,$,.F.);
#4350=IFCSHAPEREPRESENTATION(#17,'Axis','Curve2D',(#4349));
#4351=IFCCARTESIANPOINT((25.,10.,0.));
#4352=IFCDIRECTION((0.,0.,1.));
#4353=IFCDIRECTION((1.,0.,0.));
#4354=IFCAXIS2PLACEMENT3D(#4351,#4352,#4353);
#4355=IFCLOCALPLACEMENT($,#4354);
#4356=IFCOWNERHISTORY(#5,#6,.READWRITE.,.MODIFIED.,1788884257,#5,#6,1788884257);
#4357=IFCWALL('2H0E8ysjzCNgr$oUVXie3I',#4356,'Restroom_Women_Wall_East',$,$,#4376,#4368,$,$);
#4358=IFCCARTESIANPOINTLIST2D(((0.,0.),(0.,0.2),(4.,0.2),(4.,0.),(0.,0.)));
#4359=IFCINDEXEDPOLYCURVE(#4358,$,.F.);
#4360=IFCDIRECTION((0.,0.,1.));
#4361=IFCARBITRARYCLOSEDPROFILEDEF(.AREA.,$,#4359);
#4362=IFCCARTESIANPOINT((0.,-0.1,0.));
#4363=IFCDIRECTION((0.,0.,1.));
#4364=IFCDIRECTION((1.,0.,0.));
#4365=IFCAXIS2PLACEMENT3D(#4362,#4363,#4364);
#4366=IFCEXTRUDEDAREASOLID(#4361,#4365,#4360,3.2);
#4367=IFCSHAPEREPRESENTATION(#16,'Body','SweptSolid',(#4366));
#4368=IFCPRODUCTDEFINITIONSHAPE($,$,(#4367,#4371));
#4369=IFCCARTESIANPOINTLIST2D(((0.,0.),(4.,0.)));
#4370=IFCINDEXEDPOLYCURVE(#4369,$,.F.);
#4371=IFCSHAPEREPRESENTATION(#17,'Axis','Curve2D',(#4370));
#4372=IFCCARTESIANPOINT((28.,10.,0.));
#4373=IFCDIRECTION((0.,0.,1.));
#4374=IFCDIRECTION((6.123233995736766E-17,1.,0.));
#4375=IFCAXIS2PLACEMENT3D(#4372,#4373,#4374);
#4376=IFCLOCALPLACEMENT($,#4375);
#4377=IFCOWNERHISTORY(#5,#6,.READWRITE.,.MODIFIED.,1788884257,#5,#6,1788884257);
#4378=IFCWALL('2afbrbbZP0v9fHejWNK3$I',#4377,'Restroom_Women_Wall_North',$,$,#4397,#4389,$,$);
#4379=IFCCARTESIANPOINTLIST2D(((0.,0.),(0.,0.2),(3.,0.2),(3.,0.),(0.,0.)));
#4380=IFCINDEXEDPOLYCURVE(#4379,$,.F.);
#4381=IFCDIRECTION((0.,0.,1.));
#4382=IFCARBITRARYCLOSEDPROFILEDEF(.AREA.,$,#4380);
#4383=IFCCARTESIANPOINT((0.,-0.1,0.));
#4384=IFCDIRECTION((0.,0.,1.));
#4385=IFCDIRECTION((1.,0.,0.));
#4386=IFCAXIS2PLACEMENT3D(#4383,#4384,#4385);
#4387=IFCEXTRUDEDAREASOLID(#4382,#4386,#4381,3.2);
#4388=IFCSHAPEREPRESENTATION(#16,'Body','SweptSolid',(#4387));
#4389=IFCPRODUCTDEFINITIONSHAPE($,$,(#4388,#4392));
#4390=IFCCARTESIANPOINTLIST2D(((0.,0.),(3.,0.)));
#4391=IFCINDEXEDPOLYCURVE(#4390,$,.F.);
#4392=IFCSHAPEREPRESENTATION(#17,'Axis','Curve2D',(#4391));
#4393=IFCCARTESIANPOINT((28.,14.,0.));
#4394=IFCDIRECTION((0.,0.,1.));
#4395=IFCDIRECTION((-1.,1.2246467991473532E-16,0.));
#4396=IFCAXIS2PLACEMENT3D(#4393,#4394,#4395);
#4397=IFCLOCALPLACEMENT($,#4396);
#4398=IFCOWNERHISTORY(#5,#6,.READWRITE.,.MODIFIED.,1788884257,#5,#6,1788884257);
#4399=IFCWALL('1TDMcTNDX738H8zpVNIxFN',#4398,'Restroom_Women_Wall_West',$,$,#4418,#4410,$,$);
#4400=IFCCARTESIANPOINTLIST2D(((0.,0.),(0.,0.2),(4.,0.2),(4.,0.),(0.,0.)));
#4401=IFCINDEXEDPOLYCURVE(#4400,$,.F.);
#4402=IFCDIRECTION((0.,0.,1.));
#4403=IFCARBITRARYCLOSEDPROFILEDEF(.AREA.,$,#4401);
#4404=IFCCARTESIANPOINT((0.,-0.1,0.));
#4405=IFCDIRECTION((0.,0.,1.));
#4406=IFCDIRECTION((1.,0.,0.));
#4407=IFCAXIS2PLACEMENT3D(#4404,#4405,#4406);
#4408=IFCEXTRUDEDAREASOLID(#4403,#4407,#4402,3.2);
#4409=IFCSHAPEREPRESENTATION(#16,'Body','SweptSolid',(#4408));
#4410=IFCPRODUCTDEFINITIONSHAPE($,$,(#4409,#4413));
#4411=IFCCARTESIANPOINTLIST2D(((0.,0.),(4.,0.)));
#4412=IFCINDEXEDPOLYCURVE(#4411,$,.F.);
#4413=IFCSHAPEREPRESENTATION(#17,'Axis','Curve2D',(#4412));
#4414=IFCCARTESIANPOINT((25.,14.,0.));
#4415=IFCDIRECTION((0.,0.,1.));
#4416=IFCDIRECTION((-1.8369701987210297E-16,-1.,0.));
#4417=IFCAXIS2PLACEMENT3D(#4414,#4415,#4416);
#4418=IFCLOCALPLACEMENT($,#4417);
#4419=IFCOWNERHISTORY(#5,#6,.READWRITE.,.MODIFIED.,1788884257,#5,#6,1788884257);
#4420=IFCSLAB('0IJbgTeN9FIvyfJ8UhFm8u',#4419,'Restroom_Women_Floor',$,$,#4432,#4427,$,$);
#4421=IFCCARTESIANPOINTLIST2D(((0.,0.),(3.,0.),(3.,4.),(0.,4.)));
#4422=IFCINDEXEDPOLYCURVE(#4421,$,$);
#4423=IFCDIRECTION((0.,0.,1.));
#4424=IFCARBITRARYCLOSEDPROFILEDEF(.AREA.,$,#4422);
#4425=IFCEXTRUDEDAREASOLID(#4424,$,#4423,0.2);
#4426=IFCSHAPEREPRESENTATION(#16,'Body','SweptSolid',(#4425));
#4427=IFCPRODUCTDEFINITIONSHAPE($,$,(#4426));
#4428=IFCCARTESIANPOINT((25.,10.,0.));
#4429=IFCDIRECTION((0.,0.,1.));
#4430=IFCDIRECTION((1.,0.,0.));
#4431=IFCAXIS2PLACEMENT3D(#4428,#4429,#4430);
#4432=IFCLOCALPLACEMENT($,#4431);
#4433=IFCOWNERHISTORY(#5,#6,.READWRITE.,.MODIFIED.,1788884257,#5,#6,1788884257);
#4434=IFCOPENINGELEMENT('07Vibqwkr3Cv_kZDYUF2Af',#4433,'Opening for Restroom_Women_Door_1',$,$,#4457,#4445,$,.OPENING.);
#4435=IFCCARTESIANPOINTLIST2D(((0.,0.),(0.,1.),(0.9,1.),(0.9,0.),(0.,0.)));
#4436=IFCINDEXEDPOLYCURVE(#4435,$,.F.);
#4437=IFCDIRECTION((0.,0.,1.));
#4438=IFCARBITRARYCLOSEDPROFILEDEF(.AREA.,$,#4436);
#4439=IFCCARTESIANPOINT((0.,0.,0.));
#4440=IFCDIRECTION((0.,0.,1.));
#4441=IFCDIRECTION((1.,0.,0.));
#4442=IFCAXIS2PLACEMENT3D(#4439,#4440,#4441);
#4443=IFCEXTRUDEDAREASOLID(#4438,#4442,#4437,2.1);
#4444=IFCSHAPEREPRESENTATION(#16,'Body','SweptSolid',(#4443));
#4445=IFCPRODUCTDEFINITIONSHAPE($,$,(#4444));
#4451=IFCOWNERHISTORY(#5,#6,.READWRITE.,.ADDED.,1788884257,#5,#6,1788884257);
#4452=IFCRELVOIDSELEMENT('1ETUOZWzn2I9Wa0eLU0kpf',#4451,$,$,#4336,#4434);
#4453=IFCCARTESIANPOINT((1.5,-0.5,0.));
#4454=IFCDIRECTION((0.,0.,1.));
#4455=IFCDIRECTION((1.,0.,0.));
#4456=IFCAXIS2PLACEMENT3D(#4453,#4454,#4455);
#4457=IFCLOCALPLACEMENT(#4355,#4456);
#4458=IFCOWNERHISTORY(#5,#6,.READWRITE.,.MODIFIED.,1788884257,#5,#6,1788884257);
#4459=IFCDOOR('2I55m3YRz2xBy3$hM5INeF',#4458,'Restroom_Women_Door_1',$,$,#4538,#4533,$,$,$,.DOOR.,$,$);
#4460=IFCCARTESIANPOINTLIST2D(((0.,0.),(0.,2.1),(0.9,2.1),(0.9,0.),(0.875,0.),(0.875,2.075),(0.025,2.075),(0.025,0.)));
#4461=IFCINDEXEDPOLYCURVE(#4460,(IFCLINEINDEX((1,2,3,4,5,6,7,8,1))),$);
#4462=IFCARBITRARYCLOSEDPROFILEDEF(.AREA.,$,#4461);
#4463=IFCCARTESIANPOINT((0.,0.025,0.));
#4464=IFCDIRECTION((0.,-1.,0.));
#4465=IFCDIRECTION((1.,0.,0.));
#4466=IFCAXIS2PLACEMENT3D(#4463,#4464,#4465);
#4467=IFCDIRECTION((0.,0.,-1.));
#4468=IFCEXTRUDEDAREASOLID(#4462,#4466,#4467,0.025);
#4469=IFCCARTESIANPOINTLIST2D(((0.,0.),(0.,2.1),(0.9,2.1),(0.9,0.),(0.85,0.),(0.85,2.0500000000000003),(0.05,2.0500000000000003),(0.05,0.)));
#4470=IFCINDEXEDPOLYCURVE(#4469,(IFCLINEINDEX((1,2,3,4,5,6,7,8,1))),$);
#4471=IFCARBITRARYCLOSEDPROFILEDEF(.AREA.,$,#4470);
#4472=IFCCARTESIANPOINT((0.,0.,0.));
#4473=IFCDIRECTION((0.,-1.,0.));
#4474=IFCDIRECTION((1.,0.,0.));
#4475=IFCAXIS2PLACEMENT3D(#4472,#4473,#4474);
#4476=IFCDIRECTION((0.,0.,-1.));
#4477=IFCEXTRUDEDAREASOLID(#4471,#4475,#4476,0.025);
#4478=IFCCARTESIANPOINTLIST2D(((0.,0.),(0.8,0.),(0.8,0.1),(0.,0.1)));
#4479=IFCINDEXEDPOLYCURVE(#4478,(IFCLINEINDEX((1,2,3,4,1))),$);
#4480=IFCARBITRARYCLOSEDPROFILEDEF(.AREA.,$,#4479);
#4481=IFCCARTESIANPOINT((0.05,0.,0.));
#4482=IFCDIRECTION((0.,0.,1.));
#4483=IFCDIRECTION((1.,0.,0.));
#4484=IFCAXIS2PLACEMENT3D(#4481,#4482,#4483);
#4485=IFCDIRECTION((0.,0.,1.));
#4486=IFCEXTRUDEDAREASOLID(#4480,#4484,#4485,0.025);
#4487=IFCCARTESIANPOINTLIST2D(((0.,0.),(0.,2.125),(0.95,2.125),(0.95,0.),(0.875,0.),(0.875,2.05),(0.075,2.05),(0.075,0.)));
#4488=IFCINDEXEDPOLYCURVE(#4487,(IFCLINEINDEX((1,2,3,4,5,6,7,8,1))),$);
#4489=IFCARBITRARYCLOSEDPROFILEDEF(.AREA.,$,#4488);
#4490=IFCCARTESIANPOINT((-0.024999999999999994,-0.005,0.));
#4491=IFCDIRECTION((0.,-1.,0.));
#4492=IFCDIRECTION((1.,0.,0.));
#4493=IFCAXIS2PLACEMENT3D(#4490,#4491,#4492);
#4494=IFCDIRECTION((0.,0.,-1.));
#4495=IFCEXTRUDEDAREASOLID(#4489,#4493,#4494,0.005);
#4496=IFCCARTESIANPOINTLIST2D(((0.,0.),(0.,2.125),(0.95,2.125),(0.95,0.),(0.8999999999999999,0.),(0.8999999999999999,2.075),(0.049999999999999996,2.075),(0.049999999999999996,0.)));
#4497=IFCINDEXEDPOLYCURVE(#4496,(IFCLINEINDEX((1,2,3,4,5,6,7,8,1))),$);
#4498=IFCARBITRARYCLOSEDPROFILEDEF(.AREA.,$,#4497);
#4499=IFCCARTESIANPOINT((-0.024999999999999994,0.05,0.));
#4500=IFCDIRECTION((0.,-1.,0.));
#4501=IFCDIRECTION((1.,0.,0.));
#4502=IFCAXIS2PLACEMENT3D(#4499,#4500,#4501);
#4503=IFCDIRECTION((0.,0.,-1.));
#4504=IFCEXTRUDEDAREASOLID(#4498,#4502,#4503,0.005);
#4505=IFCCARTESIANPOINTLIST2D(((0.,0.),(0.85,0.),(0.85,0.035),(0.,0.035)));
#4506=IFCINDEXEDPOLYCURVE(#4505,(IFCLINEINDEX((1,2,3,4,1))),$);
#4507=IFCARBITRARYCLOSEDPROFILEDEF(.AREA.,$,#4506);
#4508=IFCCARTESIANPOINT((0.025,0.025,0.025));
#4509=IFCDIRECTION((0.,0.,1.));
#4510=IFCDIRECTION((1.,0.,0.));
#4511=IFCAXIS2PLACEMENT3D(#4508,#4509,#4510);
#4512=IFCDIRECTION((0.,0.,1.));
#4513=IFCEXTRUDEDAREASOLID(#4507,#4511,#4512,2.0500000000000003);
#4514=IFCCARTESIANPOINTLIST2D(((0.,0.),(0.,-0.04),(-0.11999999999999988,-0.04),(-0.11999999999999988,-0.02),(-0.020000000000000018,-0.02),(-0.020000000000000018,0.)));
#4515=IFCINDEXEDPOLYCURVE(#4514,(IFCLINEINDEX((1,2,3,4,5,6,1))),$);
#4516=IFCARBITRARYCLOSEDPROFILEDEF(.AREA.,$,#4515);
#4517=IFCCARTESIANPOINT((0.825,0.025,1.015));
#4518=IFCDIRECTION((0.,0.,1.));
#4519=IFCDIRECTION((1.,0.,0.));
#4520=IFCAXIS2PLACEMENT3D(#4517,#4518,#4519);
#4521=IFCDIRECTION((0.,0.,1.));
#4522=IFCEXTRUDEDAREASOLID(#4516,#4520,#4521,0.02);
#4523=IFCEXTRUDEDAREASOLID(#4524,#4527,#4531,0.02);
#4524=IFCARBITRARYCLOSEDPROFILEDEF(.AREA.,$,#4525);
#4525=IFCINDEXEDPOLYCURVE(#4526,(IFCLINEINDEX((1,2,3,4,5,6,1))),$);
#4526=IFCCARTESIANPOINTLIST2D(((0.,0.),(0.,0.04),(-0.11999999999999988,0.04),(-0.11999999999999988,0.02000000000000001),(-0.020000000000000018,0.02000000000000001),(-0.020000000000000018,0.)));
#4527=IFCAXIS2PLACEMENT3D(#4528,#4529,#4530);
#4528=IFCCARTESIANPOINT((0.825,0.060000000000000005,1.015));
#4529=IFCDIRECTION((0.,0.,1.));
#4530=IFCDIRECTION((1.,0.,0.));
#4531=IFCDIRECTION((0.,0.,1.));
#4532=IFCSHAPEREPRESENTATION(#16,'Body','SweptSolid',(#4468,#4477,#4513,#4522,#4523,#4486,#4495,#4504));
#4533=IFCPRODUCTDEFINITIONSHAPE($,$,(#4532));
#4534=IFCCARTESIANPOINT((26.5,10.,0.));
#4535=IFCDIRECTION((0.,0.,1.));
#4536=IFCDIRECTION((1.,0.,0.));
#4537=IFCAXIS2PLACEMENT3D(#4534,#4535,#4536);
#4538=IFCLOCALPLACEMENT($,#4537);
#4539=IFCRELFILLSELEMENT('3jqdaxwcH8pQswQNs99uLE',$,$,$,#4434,#4459);
#4540=IFCOWNERHISTORY(#5,#6,.READWRITE.,.MODIFIED.,1788884258,#5,#6,1788884258);
#4541=IFCOPENINGELEMENT('0eIPCJvATFMQ2FV$dptDvz',#4540,'Opening for Restroom_Women_Window_1',$,$,#4564,#4552,$,.OPENING.);
#4542=IFCCARTESIANPOINTLIST2D(((0.,0.),(0.,1.),(0.6,1.),(0.6,0.),(0.,0.)));
#4543=IFCINDEXEDPOLYCURVE(#4542,$,.F.);
#4544=IFCDIRECTION((0.,0.,1.));
#4545=IFCARBITRARYCLOSEDPROFILEDEF(.AREA.,$,#4543);
#4546=IFCCARTESIANPOINT((0.,0.,0.));
#4547=IFCDIRECTION((0.,0.,1.));
#4548=IFCDIRECTION((1.,0.,0.));
#4549=IFCAXIS2PLACEMENT3D(#4546,#4547,#4548);
#4550=IFCEXTRUDEDAREASOLID(#4545,#4549,#4544,0.6);
#4551=IFCSHAPEREPRESENTATION(#16,'Body','SweptSolid',(#4550));
#4552=IFCPRODUCTDEFINITIONSHAPE($,$,(#4551));
#4558=IFCOWNERHISTORY(#5,#6,.READWRITE.,.ADDED.,1788884258,#5,#6,1788884258);
#4559=IFCRELVOIDSELEMENT('0skKyQSN5FsOaeNO8YpQoT',#4558,$,$,#4357,#4541);
#4560=IFCCARTESIANPOINT((1.5,-0.5,1.6));
#4561=IFCDIRECTION((0.,0.,1.));
#4562=IFCDIRECTION((1.,0.,0.));
#4563=IFCAXIS2PLACEMENT3D(#4560,#4561,#4562);
#4564=IFCLOCALPLACEMENT(#4376,#4563);
#4565=IFCOWNERHISTORY(#5,#6,.READWRITE.,.MODIFIED.,1788884258,#5,#6,1788884258);
#4566=IFCWINDOW('1FaSwTyX5DEQqtTiR5SGB0',#4565,'Restroom_Women_Window_1',$,$,#4615,#4610,$,$,$,.WINDOW.,$,$);
#4567=IFCCARTESIANPOINTLIST2D(((0.,0.),(0.6,0.),(0.6,0.6),(0.,0.6)));
#4568=IFCINDEXEDPOLYCURVE(#4567,(IFCLINEINDEX((1,2,3,4,1))),$);
#4569=IFCCARTESIANPOINTLIST2D(((0.025,0.025),(0.575,0.025),(0.575,0.575),(0.025,0.575)));
#4570=IFCINDEXEDPOLYCURVE(#4569,(IFCLINEINDEX((1,2,3,4,1))),$);
#4571=IFCARBITRARYPROFILEDEFWITHVOIDS(.AREA.,$,#4568,(#4570));
#4572=IFCCARTESIANPOINT((0.,0.09,0.));
#4573=IFCDIRECTION((0.,-1.,0.));
#4574=IFCDIRECTION((1.,0.,0.));
#4575=IFCAXIS2PLACEMENT3D(#4572,#4573,#4574);
#4576=IFCDIRECTION((0.,0.,-1.));
#4577=IFCEXTRUDEDAREASOLID(#4571,#4575,#4576,0.010000000000000002);
#4578=IFCCARTESIANPOINTLIST2D(((0.,0.),(0.6,0.),(0.6,0.6),(0.,0.6)));
#4579=IFCINDEXEDPOLYCURVE(#4578,(IFCLINEINDEX((1,2,3,4,1))),$);
#4580=IFCCARTESIANPOINTLIST2D(((0.05,0.05),(0.55,0.05),(0.55,0.55),(0.05,0.55)));
#4581=IFCINDEXEDPOLYCURVE(#4580,(IFCLINEINDEX((1,2,3,4,1))),$);
#4582=IFCARBITRARYPROFILEDEFWITHVOIDS(.AREA.,$,#4579,(#4581));
#4583=IFCCARTESIANPOINT((0.,0.05,0.));
#4584=IFCDIRECTION((0.,-1.,0.));
#4585=IFCDIRECTION((1.,0.,0.));
#4586=IFCAXIS2PLACEMENT3D(#4583,#4584,#4585);
#4587=IFCDIRECTION((0.,0.,-1.));
#4588=IFCEXTRUDEDAREASOLID(#4582,#4586,#4587,0.04);
#4589=IFCCARTESIANPOINTLIST2D(((0.,0.),(0.5499999999999999,0.),(0.5499999999999999,0.5499999999999999),(0.,0.5499999999999999)));
#4590=IFCINDEXEDPOLYCURVE(#4589,(IFCLINEINDEX((1,2,3,4,1))),$);
#4591=IFCCARTESIANPOINTLIST2D(((0.035,0.035),(0.5149999999999999,0.035),(0.5149999999999999,0.5149999999999999),(0.035,0.5149999999999999)));
#4592=IFCINDEXEDPOLYCURVE(#4591,(IFCLINEINDEX((1,2,3,4,1))),$);
#4593=IFCARBITRARYPROFILEDEFWITHVOIDS(.AREA.,$,#4590,(#4592));
#4594=IFCCARTESIANPOINT((0.025,0.09,0.025));
#4595=IFCDIRECTION((0.,-1.,0.));
#4596=IFCDIRECTION((1.,0.,0.));
#4597=IFCAXIS2PLACEMENT3D(#4594,#4595,#4596);
#4598=IFCDIRECTION((0.,0.,-1.));
#4599=IFCEXTRUDEDAREASOLID(#4593,#4597,#4598,0.035);
#4600=IFCINDEXEDPOLYCURVE(#4601,(IFCLINEINDEX((1,2,3,4,1))),$);
#4601=IFCCARTESIANPOINTLIST2D(((0.035,0.035),(0.5149999999999999,0.035),(0.5149999999999999,0.5149999999999999),(0.035,0.5149999999999999)));
#4602=IFCARBITRARYCLOSEDPROFILEDEF(.AREA.,$,#4600);
#4603=IFCCARTESIANPOINT((0.025,0.10250000000000001,0.025));
#4604=IFCDIRECTION((0.,-1.,0.));
#4605=IFCDIRECTION((1.,0.,0.));
#4606=IFCAXIS2PLACEMENT3D(#4603,#4604,#4605);
#4607=IFCDIRECTION((0.,0.,-1.));
#4608=IFCEXTRUDEDAREASOLID(#4602,#4606,#4607,0.01);
#4609=IFCSHAPEREPRESENTATION(#16,'Body','SweptSolid',(#4577,#4588,#4599,#4608));
#4610=IFCPRODUCTDEFINITIONSHAPE($,$,(#4609));
#4611=IFCCARTESIANPOINT((28.,11.5,1.6));
#4612=IFCDIRECTION((0.,0.,1.));
#4613=IFCDIRECTION((6.123233995736766E-17,1.,0.));
#4614=IFCAXIS2PLACEMENT3D(#4611,#4612,#4613);
#4615=IFCLOCALPLACEMENT($,#4614);
#4616=IFCRELFILLSELEMENT('3LC3E3gQbCxBDMJM5skn9h',$,$,$,#4541,#4566);
#4617=IFCOWNERHISTORY(#5,#6,.READWRITE.,.MODIFIED.,1788884267,#5,#6,1788884267);
#4618=IFCWALL('1gd4Wj50D8RByVGjHmW5VY',#4617,'Kitchen_Break_Room_Wall_South',$,$,#4637,#4629,$,$);
#4619=IFCCARTESIANPOINTLIST2D(((0.,0.),(0.,0.2),(8.,0.2),(8.,0.),(0.,0.)));
#4620=IFCINDEXEDPOLYCURVE(#4619,$,.F.);
#4621=IFCDIRECTION((0.,0.,1.));
#4622=IFCARBITRARYCLOSEDPROFILEDEF(.AREA.,$,#4620);
#4623=IFCCARTESIANPOINT((0.,-0.1,0.));
#4624=IFCDIRECTION((0.,0.,1.));
#4625=IFCDIRECTION((1.,0.,0.));
#4626=IFCAXIS2PLACEMENT3D(#4623,#4624,#4625);
#4627=IFCEXTRUDEDAREASOLID(#4622,#4626,#4621,3.2);
#4628=IFCSHAPEREPRESENTATION(#16,'Body','SweptSolid',(#4627));
#4629=IFCPRODUCTDEFINITIONSHAPE($,$,(#4628,#4632));
#4630=IFCCARTESIANPOINTLIST2D(((0.,0.),(8.,0.)));
#4631=IFCINDEXEDPOLYCURVE(#4630,$,.F.);
#4632=IFCSHAPEREPRESENTATION(#17,'Axis','Curve2D',(#4631));
#4633=IFCCARTESIANPOINT((0.,14.,0.));
#4634=IFCDIRECTION((0.,0.,1.));
#4635=IFCDIRECTION((1.,0.,0.));
#4636=IFCAXIS2PLACEMENT3D(#4633,#4634,#4635);
#4637=IFCLOCALPLACEMENT($,#4636);
#4638=IFCOWNERHISTORY(#5,#6,.READWRITE.,.MODIFIED.,1788884267,#5,#6,1788884267);
#4639=IFCWALL('0wskS8kfj3qxUTK0v8aeXG',#4638,'Kitchen_Break_Room_Wall_East',$,$,#4658,#4650,$,$);
#4640=IFCCARTESIANPOINTLIST2D(((0.,0.),(0.,0.2),(4.,0.2),(4.,0.),(0.,0.)));
#4641=IFCINDEXEDPOLYCURVE(#4640,$,.F.);
#4642=IFCDIRECTION((0.,0.,1.));
#4643=IFCARBITRARYCLOSEDPROFILEDEF(.AREA.,$,#4641);
#4644=IFCCARTESIANPOINT((0.,-0.1,0.));
#4645=IFCDIRECTION((0.,0.,1.));
#4646=IFCDIRECTION((1.,0.,0.));
#4647=IFCAXIS2PLACEMENT3D(#4644,#4645,#4646);
#4648=IFCEXTRUDEDAREASOLID(#4643,#4647,#4642,3.2);
#4649=IFCSHAPEREPRESENTATION(#16,'Body','SweptSolid',(#4648));
#4650=IFCPRODUCTDEFINITIONSHAPE($,$,(#4649,#4653));
#4651=IFCCARTESIANPOINTLIST2D(((0.,0.),(4.,0.)));
#4652=IFCINDEXEDPOLYCURVE(#4651,$,.F.);
#4653=IFCSHAPEREPRESENTATION(#17,'Axis','Curve2D',(#4652));
#4654=IFCCARTESIANPOINT((8.,14.,0.));
#4655=IFCDIRECTION((0.,0.,1.));
#4656=IFCDIRECTION((6.123233995736766E-17,1.,0.));
#4657=IFCAXIS2PLACEMENT3D(#4654,#4655,#4656);
#4658=IFCLOCALPLACEMENT($,#4657);
#4659=IFCOWNERHISTORY(#5,#6,.READWRITE.,.MODIFIED.,1788884267,#5,#6,1788884267);
#4660=IFCWALL('3OPSSszYzDWOl$vKbGJ594',#4659,'Kitchen_Break_Room_Wall_North',$,$,#4679,#4671,$,$);
#4661=IFCCARTESIANPOINTLIST2D(((0.,0.),(0.,0.2),(8.,0.2),(8.,0.),(0.,0.)));
#4662=IFCINDEXEDPOLYCURVE(#4661,$,.F.);
#4663=IFCDIRECTION((0.,0.,1.));
#4664=IFCARBITRARYCLOSEDPROFILEDEF(.AREA.,$,#4662);
#4665=IFCCARTESIANPOINT((0.,-0.1,0.));
#4666=IFCDIRECTION((0.,0.,1.));
#4667=IFCDIRECTION((1.,0.,0.));
#4668=IFCAXIS2PLACEMENT3D(#4665,#4666,#4667);
#4669=IFCEXTRUDEDAREASOLID(#4664,#4668,#4663,3.2);
#4670=IFCSHAPEREPRESENTATION(#16,'Body','SweptSolid',(#4669));
#4671=IFCPRODUCTDEFINITIONSHAPE($,$,(#4670,#4674));
#4672=IFCCARTESIANPOINTLIST2D(((0.,0.),(8.,0.)));
#4673=IFCINDEXEDPOLYCURVE(#4672,$,.F.);
#4674=IFCSHAPEREPRESENTATION(#17,'Axis','Curve2D',(#4673));
#4675=IFCCARTESIANPOINT((8.,18.,0.));
#4676=IFCDIRECTION((0.,0.,1.));
#4677=IFCDIRECTION((-1.,1.2246467991473532E-16,0.));
#4678=IFCAXIS2PLACEMENT3D(#4675,#4676,#4677);
#4679=IFCLOCALPLACEMENT($,#4678);
#4680=IFCOWNERHISTORY(#5,#6,.READWRITE.,.MODIFIED.,1788884267,#5,#6,1788884267);
#4681=IFCWALL('2axstyr157MPYGS5_slTsA',#4680,'Kitchen_Break_Room_Wall_West',$,$,#4700,#4692,$,$);
#4682=IFCCARTESIANPOINTLIST2D(((0.,0.),(0.,0.2),(4.,0.2),(4.,0.),(0.,0.)));
#4683=IFCINDEXEDPOLYCURVE(#4682,$,.F.);
#4684=IFCDIRECTION((0.,0.,1.));
#4685=IFCARBITRARYCLOSEDPROFILEDEF(.AREA.,$,#4683);
#4686=IFCCARTESIANPOINT((0.,-0.1,0.));
#4687=IFCDIRECTION((0.,0.,1.));
#4688=IFCDIRECTION((1.,0.,0.));
#4689=IFCAXIS2PLACEMENT3D(#4686,#4687,#4688);
#4690=IFCEXTRUDEDAREASOLID(#4685,#4689,#4684,3.2);
#4691=IFCSHAPEREPRESENTATION(#16,'Body','SweptSolid',(#4690));
#4692=IFCPRODUCTDEFINITIONSHAPE($,$,(#4691,#4695));
#4693=IFCCARTESIANPOINTLIST2D(((0.,0.),(4.,0.)));
#4694=IFCINDEXEDPOLYCURVE(#4693,$,.F.);
#4695=IFCSHAPEREPRESENTATION(#17,'Axis','Curve2D',(#4694));
#4696=IFCCARTESIANPOINT((0.,18.,0.));
#4697=IFCDIRECTION((0.,0.,1.));
#4698=IFCDIRECTION((-1.8369701987210297E-16,-1.,0.));
#4699=IFCAXIS2PLACEMENT3D(#4696,#4697,#4698);
#4700=IFCLOCALPLACEMENT($,#4699);
#4701=IFCOWNERHISTORY(#5,#6,.READWRITE.,.MODIFIED.,1788884267,#5,#6,1788884267);
#4702=IFCSLAB('13$VHFwkHFuAzMm$IQA4aJ',#4701,'Kitchen_Break_Room_Floor',$,$,#4714,#4709,$,$);
#4703=IFCCARTESIANPOINTLIST2D(((0.,0.),(8.,0.),(8.,4.),(0.,4.)));
#4704=IFCINDEXEDPOLYCURVE(#4703,$,$);
#4705=IFCDIRECTION((0.,0.,1.));
#4706=IFCARBITRARYCLOSEDPROFILEDEF(.AREA.,$,#4704);
#4707=IFCEXTRUDEDAREASOLID(#4706,$,#4705,0.2);
#4708=IFCSHAPEREPRESENTATION(#16,'Body','SweptSolid',(#4707));
#4709=IFCPRODUCTDEFINITIONSHAPE($,$,(#4708));
#4710=IFCCARTESIANPOINT((0.,14.,0.));
#4711=IFCDIRECTION((0.,0.,1.));
#4712=IFCDIRECTION((1.,0.,0.));
#4713=IFCAXIS2PLACEMENT3D(#4710,#4711,#4712);
#4714=IFCLOCALPLACEMENT($,#4713);
#4715=IFCOWNERHISTORY(#5,#6,.READWRITE.,.MODIFIED.,1788884267,#5,#6,1788884267);
#4716=IFCOPENINGELEMENT('1OQoK9T5HFdPvscjvx6Afv',#4715,'Opening for Kitchen_Break_Room_Door_1',$,$,#4739,#4727,$,.OPENING.);
#4717=IFCCARTESIANPOINTLIST2D(((0.,0.),(0.,1.),(0.9,1.),(0.9,0.),(0.,0.)));
#4718=IFCINDEXEDPOLYCURVE(#4717,$,.F.);
#4719=IFCDIRECTION((0.,0.,1.));
#4720=IFCARBITRARYCLOSEDPROFILEDEF(.AREA.,$,#4718);
#4721=IFCCARTESIANPOINT((0.,0.,0.));
#4722=IFCDIRECTION((0.,0.,1.));
#4723=IFCDIRECTION((1.,0.,0.));
#4724=IFCAXIS2PLACEMENT3D(#4721,#4722,#4723);
#4725=IFCEXTRUDEDAREASOLID(#4720,#4724,#4719,2.1);
#4726=IFCSHAPEREPRESENTATION(#16,'Body','SweptSolid',(#4725));
#4727=IFCPRODUCTDEFINITIONSHAPE($,$,(#4726));
#4733=IFCOWNERHISTORY(#5,#6,.READWRITE.,.ADDED.,1788884267,#5,#6,1788884267);
#4734=IFCRELVOIDSELEMENT('0kExZcgq12yRejaZ6mZsRl',#4733,$,$,#4618,#4716);
#4735=IFCCARTESIANPOINT((3.95,-0.5,0.));
#4736=IFCDIRECTION((0.,0.,1.));
#4737=IFCDIRECTION((1.,0.,0.));
#4738=IFCAXIS2PLACEMENT3D(#4735,#4736,#4737);
#4739=IFCLOCALPLACEMENT(#4637,#4738);
#4740=IFCOWNERHISTORY(#5,#6,.READWRITE.,.MODIFIED.,1788884267,#5,#6,1788884267);
#4741=IFCDOOR('0uS_B_eab4kANBJywwOuf2',#4740,'Kitchen_Break_Room_Door_1',$,$,#4820,#4815,$,$,$,.DOOR.,$,$);
#4742=IFCCARTESIANPOINTLIST2D(((0.,0.),(0.,2.1),(0.9,2.1),(0.9,0.),(0.875,0.),(0.875,2.075),(0.025,2.075),(0.025,0.)));
#4743=IFCINDEXEDPOLYCURVE(#4742,(IFCLINEINDEX((1,2,3,4,5,6,7,8,1))),$);
#4744=IFCARBITRARYCLOSEDPROFILEDEF(.AREA.,$,#4743);
#4745=IFCCARTESIANPOINT((0.,0.025,0.));
#4746=IFCDIRECTION((0.,-1.,0.));
#4747=IFCDIRECTION((1.,0.,0.));
#4748=IFCAXIS2PLACEMENT3D(#4745,#4746,#4747);
#4749=IFCDIRECTION((0.,0.,-1.));
#4750=IFCEXTRUDEDAREASOLID(#4744,#4748,#4749,0.025);
#4751=IFCCARTESIANPOINTLIST2D(((0.,0.),(0.,2.1),(0.9,2.1),(0.9,0.),(0.85,0.),(0.85,2.0500000000000003),(0.05,2.0500000000000003),(0.05,0.)));
#4752=IFCINDEXEDPOLYCURVE(#4751,(IFCLINEINDEX((1,2,3,4,5,6,7,8,1))),$);
#4753=IFCARBITRARYCLOSEDPROFILEDEF(.AREA.,$,#4752);
#4754=IFCCARTESIANPOINT((0.,0.,0.));
#4755=IFCDIRECTION((0.,-1.,0.));
#4756=IFCDIRECTION((1.,0.,0.));
#4757=IFCAXIS2PLACEMENT3D(#4754,#4755,#4756);
#4758=IFCDIRECTION((0.,0.,-1.));
#4759=IFCEXTRUDEDAREASOLID(#4753,#4757,#4758,0.025);
#4760=IFCCARTESIANPOINTLIST2D(((0.,0.),(0.8,0.),(0.8,0.1),(0.,0.1)));
#4761=IFCINDEXEDPOLYCURVE(#4760,(IFCLINEINDEX((1,2,3,4,1))),$);
#4762=IFCARBITRARYCLOSEDPROFILEDEF(.AREA.,$,#4761);
#4763=IFCCARTESIANPOINT((0.05,0.,0.));
#4764=IFCDIRECTION((0.,0.,1.));
#4765=IFCDIRECTION((1.,0.,0.));
#4766=IFCAXIS2PLACEMENT3D(#4763,#4764,#4765);
#4767=IFCDIRECTION((0.,0.,1.));
#4768=IFCEXTRUDEDAREASOLID(#4762,#4766,#4767,0.025);
#4769=IFCCARTESIANPOINTLIST2D(((0.,0.),(0.,2.125),(0.95,2.125),(0.95,0.),(0.875,0.),(0.875,2.05),(0.075,2.05),(0.075,0.)));
#4770=IFCINDEXEDPOLYCURVE(#4769,(IFCLINEINDEX((1,2,3,4,5,6,7,8,1))),$);
#4771=IFCARBITRARYCLOSEDPROFILEDEF(.AREA.,$,#4770);
#4772=IFCCARTESIANPOINT((-0.024999999999999994,-0.005,0.));
#4773=IFCDIRECTION((0.,-1.,0.));
#4774=IFCDIRECTION((1.,0.,0.));
#4775=IFCAXIS2PLACEMENT3D(#4772,#4773,#4774);
#4776=IFCDIRECTION((0.,0.,-1.));
#4777=IFCEXTRUDEDAREASOLID(#4771,#4775,#4776,0.005);
#4778=IFCCARTESIANPOINTLIST2D(((0.,0.),(0.,2.125),(0.95,2.125),(0.95,0.),(0.8999999999999999,0.),(0.8999999999999999,2.075),(0.049999999999999996,2.075),(0.049999999999999996,0.)));
#4779=IFCINDEXEDPOLYCURVE(#4778,(IFCLINEINDEX((1,2,3,4,5,6,7,8,1))),$);
#4780=IFCARBITRARYCLOSEDPROFILEDEF(.AREA.,$,#4779);
#4781=IFCCARTESIANPOINT((-0.024999999999999994,0.05,0.));
#4782=IFCDIRECTION((0.,-1.,0.));
#4783=IFCDIRECTION((1.,0.,0.));
#4784=IFCAXIS2PLACEMENT3D(#4781,#4782,#4783);
#4785=IFCDIRECTION((0.,0.,-1.));
#4786=IFCEXTRUDEDAREASOLID(#4780,#4784,#4785,0.005);
#4787=IFCCARTESIANPOINTLIST2D(((0.,0.),(0.85,0.),(0.85,0.035),(0.,0.035)));
#4788=IFCINDEXEDPOLYCURVE(#4787,(IFCLINEINDEX((1,2,3,4,1))),$);
#4789=IFCARBITRARYCLOSEDPROFILEDEF(.AREA.,$,#4788);
#4790=IFCCARTESIANPOINT((0.025,0.025,0.025));
#4791=IFCDIRECTION((0.,0.,1.));
#4792=IFCDIRECTION((1.,0.,0.));
#4793=IFCAXIS2PLACEMENT3D(#4790,#4791,#4792);
#4794=IFCDIRECTION((0.,0.,1.));
#4795=IFCEXTRUDEDAREASOLID(#4789,#4793,#4794,2.0500000000000003);
#4796=IFCCARTESIANPOINTLIST2D(((0.,0.),(0.,-0.04),(-0.11999999999999988,-0.04),(-0.11999999999999988,-0.02),(-0.020000000000000018,-0.02),(-0.020000000000000018,0.)));
#4797=IFCINDEXEDPOLYCURVE(#4796,(IFCLINEINDEX((1,2,3,4,5,6,1))),$);
#4798=IFCARBITRARYCLOSEDPROFILEDEF(.AREA.,$,#4797);
#4799=IFCCARTESIANPOINT((0.825,0.025,1.015));
#4800=IFCDIRECTION((0.,0.,1.));
#4801=IFCDIRECTION((1.,0.,0.));
#4802=IFCAXIS2PLACEMENT3D(#4799,#4800,#4801);
#4803=IFCDIRECTION((0.,0.,1.));
#4804=IFCEXTRUDEDAREASOLID(#4798,#4802,#4803,0.02);
#4805=IFCEXTRUDEDAREASOLID(#4806,#4809,#4813,0.02);
#4806=IFCARBITRARYCLOSEDPROFILEDEF(.AREA.,$,#4807);
#4807=IFCINDEXEDPOLYCURVE(#4808,(IFCLINEINDEX((1,2,3,4,5,6,1))),$);
#4808=IFCCARTESIANPOINTLIST2D(((0.,0.),(0.,0.04),(-0.11999999999999988,0.04),(-0.11999999999999988,0.02000000000000001),(-0.020000000000000018,0.02000000000000001),(-0.020000000000000018,0.)));
#4809=IFCAXIS2PLACEMENT3D(#4810,#4811,#4812);
#4810=IFCCARTESIANPOINT((0.825,0.060000000000000005,1.015));
#4811=IFCDIRECTION((0.,0.,1.));
#4812=IFCDIRECTION((1.,0.,0.));
#4813=IFCDIRECTION((0.,0.,1.));
#4814=IFCSHAPEREPRESENTATION(#16,'Body','SweptSolid',(#4750,#4759,#4795,#4804,#4805,#4768,#4777,#4786));
#4815=IFCPRODUCTDEFINITIONSHAPE($,$,(#4814));
#4816=IFCCARTESIANPOINT((3.95,14.,0.));
#4817=IFCDIRECTION((0.,0.,1.));
#4818=IFCDIRECTION((1.,0.,0.));
#4819=IFCAXIS2PLACEMENT3D(#4816,#4817,#4818);
#4820=IFCLOCALPLACEMENT($,#4819);
#4821=IFCRELFILLSELEMENT('3D1aLlR258Zfy6kF80mYs2',$,$,$,#4716,#4741);
#4822=IFCOWNERHISTORY(#5,#6,.READWRITE.,.MODIFIED.,1788884267,#5,#6,1788884267);
#4823=IFCOPENINGELEMENT('1hCl3g9AT57hGFTeifpxMi',#4822,'Opening for Kitchen_Break_Room_Window_1',$,$,#4846,#4834,$,.OPENING.);
#4824=IFCCARTESIANPOINTLIST2D(((0.,0.),(0.,1.),(1.5,1.),(1.5,0.),(0.,0.)));
#4825=IFCINDEXEDPOLYCURVE(#4824,$,.F.);
#4826=IFCDIRECTION((0.,0.,1.));
#4827=IFCARBITRARYCLOSEDPROFILEDEF(.AREA.,$,#4825);
#4828=IFCCARTESIANPOINT((0.,0.,0.));
#4829=IFCDIRECTION((0.,0.,1.));
#4830=IFCDIRECTION((1.,0.,0.));
#4831=IFCAXIS2PLACEMENT3D(#4828,#4829,#4830);
#4832=IFCEXTRUDEDAREASOLID(#4827,#4831,#4826,1.5);
#4833=IFCSHAPEREPRESENTATION(#16,'Body','SweptSolid',(#4832));
#4834=IFCPRODUCTDEFINITIONSHAPE($,$,(#4833));
#4840=IFCOWNERHISTORY(#5,#6,.READWRITE.,.ADDED.,1788884267,#5,#6,1788884267);
#4841=IFCRELVOIDSELEMENT('2p6zuCU9H4oAP76F9kZ$4J',#4840,$,$,#4681,#4823);
#4842=IFCCARTESIANPOINT((2.25,-0.49999999999999956,0.9));
#4843=IFCDIRECTION((0.,0.,1.));
#4844=IFCDIRECTION((1.,0.,0.));
#4845=IFCAXIS2PLACEMENT3D(#4842,#4843,#4844);
#4846=IFCLOCALPLACEMENT(#4700,#4845);
#4847=IFCOWNERHISTORY(#5,#6,.READWRITE.,.MODIFIED.,1788884267,#5,#6,1788884267);
#4848=IFCWINDOW('20jJ6zDNv7Dec7yuB3lY5C',#4847,'Kitchen_Break_Room_Window_1',$,$,#4897,#4892,$,$,$,.WINDOW.,$,$);
#4849=IFCCARTESIANPOINTLIST2D(((0.,0.),(1.5,0.),(1.5,1.5),(0.,1.5)));
#4850=IFCINDEXEDPOLYCURVE(#4849,(IFCLINEINDEX((1,2,3,4,1))),$);
#4851=IFCCARTESIANPOINTLIST2D(((0.025,0.025),(1.4749999999999999,0.025),(1.4749999999999999,1.4749999999999999),(0.025,1.4749999999999999)));
#4852=IFCINDEXEDPOLYCURVE(#4851,(IFCLINEINDEX((1,2,3,4,1))),$);
#4853=IFCARBITRARYPROFILEDEFWITHVOIDS(.AREA.,$,#4850,(#4852));
#4854=IFCCARTESIANPOINT((0.,0.09,0.));
#4855=IFCDIRECTION((0.,-1.,0.));
#4856=IFCDIRECTION((1.,0.,0.));
#4857=IFCAXIS2PLACEMENT3D(#4854,#4855,#4856);
#4858=IFCDIRECTION((0.,0.,-1.));
#4859=IFCEXTRUDEDAREASOLID(#4853,#4857,#4858,0.010000000000000002);
#4860=IFCCARTESIANPOINTLIST2D(((0.,0.),(1.5,0.),(1.5,1.5),(0.,1.5)));
#4861=IFCINDEXEDPOLYCURVE(#4860,(IFCLINEINDEX((1,2,3,4,1))),$);
#4862=IFCCARTESIANPOINTLIST2D(((0.05,0.05),(1.45,0.05),(1.45,1.45),(0.05,1.45)));
#4863=IFCINDEXEDPOLYCURVE(#4862,(IFCLINEINDEX((1,2,3,4,1))),$);
#4864=IFCARBITRARYPROFILEDEFWITHVOIDS(.AREA.,$,#4861,(#4863));
#4865=IFCCARTESIANPOINT((0.,0.05,0.));
#4866=IFCDIRECTION((0.,-1.,0.));
#4867=IFCDIRECTION((1.,0.,0.));
#4868=IFCAXIS2PLACEMENT3D(#4865,#4866,#4867);
#4869=IFCDIRECTION((0.,0.,-1.));
#4870=IFCEXTRUDEDAREASOLID(#4864,#4868,#4869,0.04);
#4871=IFCCARTESIANPOINTLIST2D(((0.,0.),(1.45,0.),(1.45,1.45),(0.,1.45)));
#4872=IFCINDEXEDPOLYCURVE(#4871,(IFCLINEINDEX((1,2,3,4,1))),$);
#4873=IFCCARTESIANPOINTLIST2D(((0.035,0.035),(1.4149999999999998,0.035),(1.4149999999999998,1.4149999999999998),(0.035,1.4149999999999998)));
#4874=IFCINDEXEDPOLYCURVE(#4873,(IFCLINEINDEX((1,2,3,4,1))),$);
#4875=IFCARBITRARYPROFILEDEFWITHVOIDS(.AREA.,$,#4872,(#4874));
#4876=IFCCARTESIANPOINT((0.025,0.09,0.025));
#4877=IFCDIRECTION((0.,-1.,0.));
#4878=IFCDIRECTION((1.,0.,0.));
#4879=IFCAXIS2PLACEMENT3D(#4876,#4877,#4878);
#4880=IFCDIRECTION((0.,0.,-1.));
#4881=IFCEXTRUDEDAREASOLID(#4875,#4879,#4880,0.035);
#4882=IFCINDEXEDPOLYCURVE(#4883,(IFCLINEINDEX((1,2,3,4,1))),$);
#4883=IFCCARTESIANPOINTLIST2D(((0.035,0.035),(1.4149999999999998,0.035),(1.4149999999999998,1.4149999999999998),(0.035,1.4149999999999998)));
#4884=IFCARBITRARYCLOSEDPROFILEDEF(.AREA.,$,#4882);
#4885=IFCCARTESIANPOINT((0.025,0.10250000000000001,0.025));
#4886=IFCDIRECTION((0.,-1.,0.));
#4887=IFCDIRECTION((1.,0.,0.));
#4888=IFCAXIS2PLACEMENT3D(#4885,#4886,#4887);
#4889=IFCDIRECTION((0.,0.,-1.));
#4890=IFCEXTRUDEDAREASOLID(#4884,#4888,#4889,0.01);
#4891=IFCSHAPEREPRESENTATION(#16,'Body','SweptSolid',(#4859,#4870,#4881,#4890));
#4892=IFCPRODUCTDEFINITIONSHAPE($,$,(#4891));
#4893=IFCCARTESIANPOINT((0.,15.75,0.9));
#4894=IFCDIRECTION((0.,0.,1.));
#4895=IFCDIRECTION((-1.8369701987210297E-16,-1.,0.));
#4896=IFCAXIS2PLACEMENT3D(#4893,#4894,#4895);
#4897=IFCLOCALPLACEMENT($,#4896);
#4898=IFCRELFILLSELEMENT('0XlsInNfLDBgU7noHFw2jl',$,$,$,#4823,#4848);
#4899=IFCOWNERHISTORY(#5,#6,.READWRITE.,.MODIFIED.,1788884268,#5,#6,1788884268);
#4900=IFCOPENINGELEMENT('3DTMnvSqrEYOV_Z7r_MNTW',#4899,'Opening for Kitchen_Break_Room_Window_2',$,$,#4923,#4911,$,.OPENING.);
#4901=IFCCARTESIANPOINTLIST2D(((0.,0.),(0.,1.),(1.8,1.),(1.8,0.),(0.,0.)));
#4902=IFCINDEXEDPOLYCURVE(#4901,$,.F.);
#4903=IFCDIRECTION((0.,0.,1.));
#4904=IFCARBITRARYCLOSEDPROFILEDEF(.AREA.,$,#4902);
#4905=IFCCARTESIANPOINT((0.,0.,0.));
#4906=IFCDIRECTION((0.,0.,1.));
#4907=IFCDIRECTION((1.,0.,0.));
#4908=IFCAXIS2PLACEMENT3D(#4905,#4906,#4907);
#4909=IFCEXTRUDEDAREASOLID(#4904,#4908,#4903,1.5);
#4910=IFCSHAPEREPRESENTATION(#16,'Body','SweptSolid',(#4909));
#4911=IFCPRODUCTDEFINITIONSHAPE($,$,(#4910));
#4917=IFCOWNERHISTORY(#5,#6,.READWRITE.,.ADDED.,1788884268,#5,#6,1788884268);
#4918=IFCRELVOIDSELEMENT('1v0JsgvCz7B8PcOz52KP71',#4917,$,$,#4660,#4900);
#4919=IFCCARTESIANPOINT((2.9000000000000012,-0.5,0.9));
#4920=IFCDIRECTION((0.,0.,1.));
#4921=IFCDIRECTION((1.,0.,0.));
#4922=IFCAXIS2PLACEMENT3D(#4919,#4920,#4921);
#4923=IFCLOCALPLACEMENT(#4679,#4922);
#4924=IFCOWNERHISTORY(#5,#6,.READWRITE.,.MODIFIED.,1788884268,#5,#6,1788884268);
#4925=IFCWINDOW('0kt5HP1$nE4RcaoLZq9knl',#4924,'Kitchen_Break_Room_Window_2',$,$,#4974,#4969,$,$,$,.WINDOW.,$,$);
#4926=IFCCARTESIANPOINTLIST2D(((0.,0.),(1.8,0.),(1.8,1.5),(0.,1.5)));
#4927=IFCINDEXEDPOLYCURVE(#4926,(IFCLINEINDEX((1,2,3,4,1))),$);
#4928=IFCCARTESIANPOINTLIST2D(((0.025,0.025),(1.775,0.025),(1.775,1.4749999999999999),(0.025,1.4749999999999999)));
#4929=IFCINDEXEDPOLYCURVE(#4928,(IFCLINEINDEX((1,2,3,4,1))),$);
#4930=IFCARBITRARYPROFILEDEFWITHVOIDS(.AREA.,$,#4927,(#4929));
#4931=IFCCARTESIANPOINT((0.,0.09,0.));
#4932=IFCDIRECTION((0.,-1.,0.));
#4933=IFCDIRECTION((1.,0.,0.));
#4934=IFCAXIS2PLACEMENT3D(#4931,#4932,#4933);
#4935=IFCDIRECTION((0.,0.,-1.));
#4936=IFCEXTRUDEDAREASOLID(#4930,#4934,#4935,0.010000000000000002);
#4937=IFCCARTESIANPOINTLIST2D(((0.,0.),(1.8,0.),(1.8,1.5),(0.,1.5)));
#4938=IFCINDEXEDPOLYCURVE(#4937,(IFCLINEINDEX((1,2,3,4,1))),$);
#4939=IFCCARTESIANPOINTLIST2D(((0.05,0.05),(1.75,0.05),(1.75,1.45),(0.05,1.45)));
#4940=IFCINDEXEDPOLYCURVE(#4939,(IFCLINEINDEX((1,2,3,4,1))),$);
#4941=IFCARBITRARYPROFILEDEFWITHVOIDS(.AREA.,$,#4938,(#4940));
#4942=IFCCARTESIANPOINT((0.,0.05,0.));
#4943=IFCDIRECTION((0.,-1.,0.));
#4944=IFCDIRECTION((1.,0.,0.));
#4945=IFCAXIS2PLACEMENT3D(#4942,#4943,#4944);
#4946=IFCDIRECTION((0.,0.,-1.));
#4947=IFCEXTRUDEDAREASOLID(#4941,#4945,#4946,0.04);
#4948=IFCCARTESIANPOINTLIST2D(((0.,0.),(1.75,0.),(1.75,1.45),(0.,1.45)));
#4949=IFCINDEXEDPOLYCURVE(#4948,(IFCLINEINDEX((1,2,3,4,1))),$);
#4950=IFCCARTESIANPOINTLIST2D(((0.035,0.035),(1.7149999999999999,0.035),(1.7149999999999999,1.4149999999999998),(0.035,1.4149999999999998)));
#4951=IFCINDEXEDPOLYCURVE(#4950,(IFCLINEINDEX((1,2,3,4,1))),$);
#4952=IFCARBITRARYPROFILEDEFWITHVOIDS(.AREA.,$,#4949,(#4951));
#4953=IFCCARTESIANPOINT((0.025,0.09,0.025));
#4954=IFCDIRECTION((0.,-1.,0.));
#4955=IFCDIRECTION((1.,0.,0.));
#4956=IFCAXIS2PLACEMENT3D(#4953,#4954,#4955);
#4957=IFCDIRECTION((0.,0.,-1.));
#4958=IFCEXTRUDEDAREASOLID(#4952,#4956,#4957,0.035);
#4959=IFCINDEXEDPOLYCURVE(#4960,(IFCLINEINDEX((1,2,3,4,1))),$);
#4960=IFCCARTESIANPOINTLIST2D(((0.035,0.035),(1.7149999999999999,0.035),(1.7149999999999999,1.4149999999999998),(0.035,1.4149999999999998)));
#4961=IFCARBITRARYCLOSEDPROFILEDEF(.AREA.,$,#4959);
#4962=IFCCARTESIANPOINT((0.025,0.10250000000000001,0.025));
#4963=IFCDIRECTION((0.,-1.,0.));
#4964=IFCDIRECTION((1.,0.,0.));
#4965=IFCAXIS2PLACEMENT3D(#4962,#4963,#4964);
#4966=IFCDIRECTION((0.,0.,-1.));
#4967=IFCEXTRUDEDAREASOLID(#4961,#4965,#4966,0.01);
#4968=IFCSHAPEREPRESENTATION(#16,'Body','SweptSolid',(#4936,#4947,#4958,#4967));
#4969=IFCPRODUCTDEFINITIONSHAPE($,$,(#4968));
#4970=IFCCARTESIANPOINT((5.1,18.,0.9));
#4971=IFCDIRECTION((0.,0.,1.));
#4972=IFCDIRECTION((-1.,1.2246467991473532E-16,0.));
#4973=IFCAXIS2PLACEMENT3D(#4970,#4971,#4972);
#4974=IFCLOCALPLACEMENT($,#4973);
#4975=IFCRELFILLSELEMENT('3KfBQ6owD6GA49ZOprEHqU',$,$,$,#4900,#4925);
#4976=IFCOWNERHISTORY(#5,#6,.READWRITE.,.MODIFIED.,1788884268,#5,#6,1788884268);
#4977=IFCWALL('1G9IN_ufDDxQVUz1ryCeON',#4976,'Phone_Booth_1_Wall_South',$,$,#4996,#4988,$,$);
#4978=IFCCARTESIANPOINTLIST2D(((0.,0.),(0.,0.15),(2.,0.15),(2.,0.),(0.,0.)));
#4979=IFCINDEXEDPOLYCURVE(#4978,$,.F.);
#4980=IFCDIRECTION((0.,0.,1.));
#4981=IFCARBITRARYCLOSEDPROFILEDEF(.AREA.,$,#4979);
#4982=IFCCARTESIANPOINT((0.,-0.075,0.));
#4983=IFCDIRECTION((0.,0.,1.));
#4984=IFCDIRECTION((1.,0.,0.));
#4985=IFCAXIS2PLACEMENT3D(#4982,#4983,#4984);
#4986=IFCEXTRUDEDAREASOLID(#4981,#4985,#4980,3.2);
#4987=IFCSHAPEREPRESENTATION(#16,'Body','SweptSolid',(#4986));
#4988=IFCPRODUCTDEFINITIONSHAPE($,$,(#4987,#4991));
#4989=IFCCARTESIANPOINTLIST2D(((0.,0.),(2.,0.)));
#4990=IFCINDEXEDPOLYCURVE(#4989,$,.F.);
#4991=IFCSHAPEREPRESENTATION(#17,'Axis','Curve2D',(#4990));
#4992=IFCCARTESIANPOINT((8.,14.,0.));
#4993=IFCDIRECTION((0.,0.,1.));
#4994=IFCDIRECTION((1.,0.,0.));
#4995=IFCAXIS2PLACEMENT3D(#4992,#4993,#4994);
#4996=IFCLOCALPLACEMENT($,#4995);
#4997=IFCOWNERHISTORY(#5,#6,.READWRITE.,.MODIFIED.,1788884268,#5,#6,1788884268);
#4998=IFCWALL('0vMlKaU0D8AuuWKIKUDROT',#4997,'Phone_Booth_1_Wall_East',$,$,#5017,#5009,$,$);
#4999=IFCCARTESIANPOINTLIST2D(((0.,0.),(0.,0.15),(4.,0.15),(4.,0.),(0.,0.)));
#5000=IFCINDEXEDPOLYCURVE(#4999,$,.F.);
#5001=IFCDIRECTION((0.,0.,1.));
#5002=IFCARBITRARYCLOSEDPROFILEDEF(.AREA.,$,#5000);
#5003=IFCCARTESIANPOINT((0.,-0.075,0.));
#5004=IFCDIRECTION((0.,0.,1.));
#5005=IFCDIRECTION((1.,0.,0.));
#5006=IFCAXIS2PLACEMENT3D(#5003,#5004,#5005);
#5007=IFCEXTRUDEDAREASOLID(#5002,#5006,#5001,3.2);
#5008=IFCSHAPEREPRESENTATION(#16,'Body','SweptSolid',(#5007));
#5009=IFCPRODUCTDEFINITIONSHAPE($,$,(#5008,#5012));
#5010=IFCCARTESIANPOINTLIST2D(((0.,0.),(4.,0.)));
#5011=IFCINDEXEDPOLYCURVE(#5010,$,.F.);
#5012=IFCSHAPEREPRESENTATION(#17,'Axis','Curve2D',(#5011));
#5013=IFCCARTESIANPOINT((10.,14.,0.));
#5014=IFCDIRECTION((0.,0.,1.));
#5015=IFCDIRECTION((6.123233995736766E-17,1.,0.));
#5016=IFCAXIS2PLACEMENT3D(#5013,#5014,#5015);
#5017=IFCLOCALPLACEMENT($,#5016);
#5018=IFCOWNERHISTORY(#5,#6,.READWRITE.,.MODIFIED.,1788884268,#5,#6,1788884268);
#5019=IFCWALL('29igZ9oRz3K9L$tXzrWL$z',#5018,'Phone_Booth_1_Wall_North',$,$,#5038,#5030,$,$);
#5020=IFCCARTESIANPOINTLIST2D(((0.,0.),(0.,0.15),(2.,0.15),(2.,0.),(0.,0.)));
#5021=IFCINDEXEDPOLYCURVE(#5020,$,.F.);
#5022=IFCDIRECTION((0.,0.,1.));
#5023=IFCARBITRARYCLOSEDPROFILEDEF(.AREA.,$,#5021);
#5024=IFCCARTESIANPOINT((0.,-0.075,0.));
#5025=IFCDIRECTION((0.,0.,1.));
#5026=IFCDIRECTION((1.,0.,0.));
#5027=IFCAXIS2PLACEMENT3D(#5024,#5025,#5026);
#5028=IFCEXTRUDEDAREASOLID(#5023,#5027,#5022,3.2);
#5029=IFCSHAPEREPRESENTATION(#16,'Body','SweptSolid',(#5028));
#5030=IFCPRODUCTDEFINITIONSHAPE($,$,(#5029,#5033));
#5031=IFCCARTESIANPOINTLIST2D(((0.,0.),(2.,0.)));
#5032=IFCINDEXEDPOLYCURVE(#5031,$,.F.);
#5033=IFCSHAPEREPRESENTATION(#17,'Axis','Curve2D',(#5032));
#5034=IFCCARTESIANPOINT((10.,18.,0.));
#5035=IFCDIRECTION((0.,0.,1.));
#5036=IFCDIRECTION((-1.,1.2246467991473532E-16,0.));
#5037=IFCAXIS2PLACEMENT3D(#5034,#5035,#5036);
#5038=IFCLOCALPLACEMENT($,#5037);
#5039=IFCOWNERHISTORY(#5,#6,.READWRITE.,.MODIFIED.,1788884268,#5,#6,1788884268);
#5040=IFCWALL('2f$YXwfTP2RQjcFOxcnAo$',#5039,'Phone_Booth_1_Wall_West',$,$,#5059,#5051,$,$);
#5041=IFCCARTESIANPOINTLIST2D(((0.,0.),(0.,0.15),(4.,0.15),(4.,0.),(0.,0.)));
#5042=IFCINDEXEDPOLYCURVE(#5041,$,.F.);
#5043=IFCDIRECTION((0.,0.,1.));
#5044=IFCARBITRARYCLOSEDPROFILEDEF(.AREA.,$,#5042);
#5045=IFCCARTESIANPOINT((0.,-0.075,0.));
#5046=IFCDIRECTION((0.,0.,1.));
#5047=IFCDIRECTION((1.,0.,0.));
#5048=IFCAXIS2PLACEMENT3D(#5045,#5046,#5047);
#5049=IFCEXTRUDEDAREASOLID(#5044,#5048,#5043,3.2);
#5050=IFCSHAPEREPRESENTATION(#16,'Body','SweptSolid',(#5049));
#5051=IFCPRODUCTDEFINITIONSHAPE($,$,(#5050,#5054));
#5052=IFCCARTESIANPOINTLIST2D(((0.,0.),(4.,0.)));
#5053=IFCINDEXEDPOLYCURVE(#5052,$,.F.);
#5054=IFCSHAPEREPRESENTATION(#17,'Axis','Curve2D',(#5053));
#5055=IFCCARTESIANPOINT((8.,18.,0.));
#5056=IFCDIRECTION((0.,0.,1.));
#5057=IFCDIRECTION((-1.8369701987210297E-16,-1.,0.));
#5058=IFCAXIS2PLACEMENT3D(#5055,#5056,#5057);
#5059=IFCLOCALPLACEMENT($,#5058);
#5060=IFCOWNERHISTORY(#5,#6,.READWRITE.,.MODIFIED.,1788884268,#5,#6,1788884268);
#5061=IFCSLAB('2XNcPqO9X7vez9H_HXa$Vp',#5060,'Phone_Booth_1_Floor',$,$,#5073,#5068,$,$);
#5062=IFCCARTESIANPOINTLIST2D(((0.,0.),(2.,0.),(2.,4.),(0.,4.)));
#5063=IFCINDEXEDPOLYCURVE(#5062,$,$);
#5064=IFCDIRECTION((0.,0.,1.));
#5065=IFCARBITRARYCLOSEDPROFILEDEF(.AREA.,$,#5063);
#5066=IFCEXTRUDEDAREASOLID(#5065,$,#5064,0.2);
#5067=IFCSHAPEREPRESENTATION(#16,'Body','SweptSolid',(#5066));
#5068=IFCPRODUCTDEFINITIONSHAPE($,$,(#5067));
#5069=IFCCARTESIANPOINT((8.,14.,0.));
#5070=IFCDIRECTION((0.,0.,1.));
#5071=IFCDIRECTION((1.,0.,0.));
#5072=IFCAXIS2PLACEMENT3D(#5069,#5070,#5071);
#5073=IFCLOCALPLACEMENT($,#5072);
#5074=IFCOWNERHISTORY(#5,#6,.READWRITE.,.MODIFIED.,1788884268,#5,#6,1788884268);
#5075=IFCOPENINGELEMENT('1GZ43Mv1TA7RAn0xIocy$U',#5074,'Opening for Phone_Booth_1_Door_1',$,$,#5098,#5086,$,.OPENING.);
#5076=IFCCARTESIANPOINTLIST2D(((0.,0.),(0.,1.),(0.9,1.),(0.9,0.),(0.,0.)));
#5077=IFCINDEXEDPOLYCURVE(#5076,$,.F.);
#5078=IFCDIRECTION((0.,0.,1.));
#5079=IFCARBITRARYCLOSEDPROFILEDEF(.AREA.,$,#5077);
#5080=IFCCARTESIANPOINT((0.,0.,0.));
#5081=IFCDIRECTION((0.,0.,1.));
#5082=IFCDIRECTION((1.,0.,0.));
#5083=IFCAXIS2PLACEMENT3D(#5080,#5081,#5082);
#5084=IFCEXTRUDEDAREASOLID(#5079,#5083,#5078,2.1);
#5085=IFCSHAPEREPRESENTATION(#16,'Body','SweptSolid',(#5084));
#5086=IFCPRODUCTDEFINITIONSHAPE($,$,(#5085));
#5092=IFCOWNERHISTORY(#5,#6,.READWRITE.,.ADDED.,1788884268,#5,#6,1788884268);
#5093=IFCRELVOIDSELEMENT('2JDeX1I2P9fOp1b3UfIiJY',#5092,$,$,#4977,#5075);
#5094=IFCCARTESIANPOINT((1.,-0.5,0.));
#5095=IFCDIRECTION((0.,0.,1.));
#5096=IFCDIRECTION((1.,0.,0.));
#5097=IFCAXIS2PLACEMENT3D(#5094,#5095,#5096);
#5098=IFCLOCALPLACEMENT(#4996,#5097);
#5099=IFCOWNERHISTORY(#5,#6,.READWRITE.,.MODIFIED.,1788884269,#5,#6,1788884269);
#5100=IFCDOOR('2YagcdXcbB$upydnnvxUL$',#5099,'Phone_Booth_1_Door_1',$,$,#5179,#5174,$,$,$,.DOOR.,$,$);
#5101=IFCCARTESIANPOINTLIST2D(((0.,0.),(0.,2.1),(0.9,2.1),(0.9,0.),(0.875,0.),(0.875,2.075),(0.025,2.075),(0.025,0.)));
#5102=IFCINDEXEDPOLYCURVE(#5101,(IFCLINEINDEX((1,2,3,4,5,6,7,8,1))),$);
#5103=IFCARBITRARYCLOSEDPROFILEDEF(.AREA.,$,#5102);
#5104=IFCCARTESIANPOINT((0.,0.025,0.));
#5105=IFCDIRECTION((0.,-1.,0.));
#5106=IFCDIRECTION((1.,0.,0.));
#5107=IFCAXIS2PLACEMENT3D(#5104,#5105,#5106);
#5108=IFCDIRECTION((0.,0.,-1.));
#5109=IFCEXTRUDEDAREASOLID(#5103,#5107,#5108,0.025);
#5110=IFCCARTESIANPOINTLIST2D(((0.,0.),(0.,2.1),(0.9,2.1),(0.9,0.),(0.85,0.),(0.85,2.0500000000000003),(0.05,2.0500000000000003),(0.05,0.)));
#5111=IFCINDEXEDPOLYCURVE(#5110,(IFCLINEINDEX((1,2,3,4,5,6,7,8,1))),$);
#5112=IFCARBITRARYCLOSEDPROFILEDEF(.AREA.,$,#5111);
#5113=IFCCARTESIANPOINT((0.,0.,0.));
#5114=IFCDIRECTION((0.,-1.,0.));
#5115=IFCDIRECTION((1.,0.,0.));
#5116=IFCAXIS2PLACEMENT3D(#5113,#5114,#5115);
#5117=IFCDIRECTION((0.,0.,-1.));
#5118=IFCEXTRUDEDAREASOLID(#5112,#5116,#5117,0.025);
#5119=IFCCARTESIANPOINTLIST2D(((0.,0.),(0.8,0.),(0.8,0.1),(0.,0.1)));
#5120=IFCINDEXEDPOLYCURVE(#5119,(IFCLINEINDEX((1,2,3,4,1))),$);
#5121=IFCARBITRARYCLOSEDPROFILEDEF(.AREA.,$,#5120);
#5122=IFCCARTESIANPOINT((0.05,0.,0.));
#5123=IFCDIRECTION((0.,0.,1.));
#5124=IFCDIRECTION((1.,0.,0.));
#5125=IFCAXIS2PLACEMENT3D(#5122,#5123,#5124);
#5126=IFCDIRECTION((0.,0.,1.));
#5127=IFCEXTRUDEDAREASOLID(#5121,#5125,#5126,0.025);
#5128=IFCCARTESIANPOINTLIST2D(((0.,0.),(0.,2.125),(0.95,2.125),(0.95,0.),(0.875,0.),(0.875,2.05),(0.075,2.05),(0.075,0.)));
#5129=IFCINDEXEDPOLYCURVE(#5128,(IFCLINEINDEX((1,2,3,4,5,6,7,8,1))),$);
#5130=IFCARBITRARYCLOSEDPROFILEDEF(.AREA.,$,#5129);
#5131=IFCCARTESIANPOINT((-0.024999999999999994,-0.005,0.));
#5132=IFCDIRECTION((0.,-1.,0.));
#5133=IFCDIRECTION((1.,0.,0.));
#5134=IFCAXIS2PLACEMENT3D(#5131,#5132,#5133);
#5135=IFCDIRECTION((0.,0.,-1.));
#5136=IFCEXTRUDEDAREASOLID(#5130,#5134,#5135,0.005);
#5137=IFCCARTESIANPOINTLIST2D(((0.,0.),(0.,2.125),(0.95,2.125),(0.95,0.),(0.8999999999999999,0.),(0.8999999999999999,2.075),(0.049999999999999996,2.075),(0.049999999999999996,0.)));
#5138=IFCINDEXEDPOLYCURVE(#5137,(IFCLINEINDEX((1,2,3,4,5,6,7,8,1))),$);
#5139=IFCARBITRARYCLOSEDPROFILEDEF(.AREA.,$,#5138);
#5140=IFCCARTESIANPOINT((-0.024999999999999994,0.05,0.));
#5141=IFCDIRECTION((0.,-1.,0.));
#5142=IFCDIRECTION((1.,0.,0.));
#5143=IFCAXIS2PLACEMENT3D(#5140,#5141,#5142);
#5144=IFCDIRECTION((0.,0.,-1.));
#5145=IFCEXTRUDEDAREASOLID(#5139,#5143,#5144,0.005);
#5146=IFCCARTESIANPOINTLIST2D(((0.,0.),(0.85,0.),(0.85,0.035),(0.,0.035)));
#5147=IFCINDEXEDPOLYCURVE(#5146,(IFCLINEINDEX((1,2,3,4,1))),$);
#5148=IFCARBITRARYCLOSEDPROFILEDEF(.AREA.,$,#5147);
#5149=IFCCARTESIANPOINT((0.025,0.025,0.025));
#5150=IFCDIRECTION((0.,0.,1.));
#5151=IFCDIRECTION((1.,0.,0.));
#5152=IFCAXIS2PLACEMENT3D(#5149,#5150,#5151);
#5153=IFCDIRECTION((0.,0.,1.));
#5154=IFCEXTRUDEDAREASOLID(#5148,#5152,#5153,2.0500000000000003);
#5155=IFCCARTESIANPOINTLIST2D(((0.,0.),(0.,-0.04),(-0.11999999999999988,-0.04),(-0.11999999999999988,-0.02),(-0.020000000000000018,-0.02),(-0.020000000000000018,0.)));
#5156=IFCINDEXEDPOLYCURVE(#5155,(IFCLINEINDEX((1,2,3,4,5,6,1))),$);
#5157=IFCARBITRARYCLOSEDPROFILEDEF(.AREA.,$,#5156);
#5158=IFCCARTESIANPOINT((0.825,0.025,1.015));
#5159=IFCDIRECTION((0.,0.,1.));
#5160=IFCDIRECTION((1.,0.,0.));
#5161=IFCAXIS2PLACEMENT3D(#5158,#5159,#5160);
#5162=IFCDIRECTION((0.,0.,1.));
#5163=IFCEXTRUDEDAREASOLID(#5157,#5161,#5162,0.02);
#5164=IFCEXTRUDEDAREASOLID(#5165,#5168,#5172,0.02);
#5165=IFCARBITRARYCLOSEDPROFILEDEF(.AREA.,$,#5166);
#5166=IFCINDEXEDPOLYCURVE(#5167,(IFCLINEINDEX((1,2,3,4,5,6,1))),$);
#5167=IFCCARTESIANPOINTLIST2D(((0.,0.),(0.,0.04),(-0.11999999999999988,0.04),(-0.11999999999999988,0.02000000000000001),(-0.020000000000000018,0.02000000000000001),(-0.020000000000000018,0.)));
#5168=IFCAXIS2PLACEMENT3D(#5169,#5170,#5171);
#5169=IFCCARTESIANPOINT((0.825,0.060000000000000005,1.015));
#5170=IFCDIRECTION((0.,0.,1.));
#5171=IFCDIRECTION((1.,0.,0.));
#5172=IFCDIRECTION((0.,0.,1.));
#5173=IFCSHAPEREPRESENTATION(#16,'Body','SweptSolid',(#5109,#5118,#5154,#5163,#5164,#5127,#5136,#5145));
#5174=IFCPRODUCTDEFINITIONSHAPE($,$,(#5173));
#5175=IFCCARTESIANPOINT((9.,14.,0.));
#5176=IFCDIRECTION((0.,0.,1.));
#5177=IFCDIRECTION((1.,0.,0.));
#5178=IFCAXIS2PLACEMENT3D(#5175,#5176,#5177);
#5179=IFCLOCALPLACEMENT($,#5178);
#5180=IFCRELFILLSELEMENT('1IEQufhRnElBOrNxwbLwOB',$,$,$,#5075,#5100);
#5181=IFCOWNERHISTORY(#5,#6,.READWRITE.,.MODIFIED.,1788884269,#5,#6,1788884269);
#5182=IFCWALL('2s5T6$EB9B7eML9cjoLgOy',#5181,'Phone_Booth_2_Wall_South',$,$,#5201,#5193,$,$);
#5183=IFCCARTESIANPOINTLIST2D(((0.,0.),(0.,0.15),(2.,0.15),(2.,0.),(0.,0.)));
#5184=IFCINDEXEDPOLYCURVE(#5183,$,.F.);
#5185=IFCDIRECTION((0.,0.,1.));
#5186=IFCARBITRARYCLOSEDPROFILEDEF(.AREA.,$,#5184);
#5187=IFCCARTESIANPOINT((0.,-0.075,0.));
#5188=IFCDIRECTION((0.,0.,1.));
#5189=IFCDIRECTION((1.,0.,0.));
#5190=IFCAXIS2PLACEMENT3D(#5187,#5188,#5189);
#5191=IFCEXTRUDEDAREASOLID(#5186,#5190,#5185,3.2);
#5192=IFCSHAPEREPRESENTATION(#16,'Body','SweptSolid',(#5191));
#5193=IFCPRODUCTDEFINITIONSHAPE($,$,(#5192,#5196));
#5194=IFCCARTESIANPOINTLIST2D(((0.,0.),(2.,0.)));
#5195=IFCINDEXEDPOLYCURVE(#5194,$,.F.);
#5196=IFCSHAPEREPRESENTATION(#17,'Axis','Curve2D',(#5195));
#5197=IFCCARTESIANPOINT((10.,14.,0.));
#5198=IFCDIRECTION((0.,0.,1.));
#5199=IFCDIRECTION((1.,0.,0.));
#5200=IFCAXIS2PLACEMENT3D(#5197,#5198,#5199);
#5201=IFCLOCALPLACEMENT($,#5200);
#5202=IFCOWNERHISTORY(#5,#6,.READWRITE.,.MODIFIED.,1788884269,#5,#6,1788884269);
#5203=IFCWALL('3ayw$BldnESwXceOTrxbw4',#5202,'Phone_Booth_2_Wall_East',$,$,#5222,#5214,$,$);
#5204=IFCCARTESIANPOINTLIST2D(((0.,0.),(0.,0.15),(4.,0.15),(4.,0.),(0.,0.)));
#5205=IFCINDEXEDPOLYCURVE(#5204,$,.F.);
#5206=IFCDIRECTION((0.,0.,1.));
#5207=IFCARBITRARYCLOSEDPROFILEDEF(.AREA.,$,#5205);
#5208=IFCCARTESIANPOINT((0.,-0.075,0.));
#5209=IFCDIRECTION((0.,0.,1.));
#5210=IFCDIRECTION((1.,0.,0.));
#5211=IFCAXIS2PLACEMENT3D(#5208,#5209,#5210);
#5212=IFCEXTRUDEDAREASOLID(#5207,#5211,#5206,3.2);
#5213=IFCSHAPEREPRESENTATION(#16,'Body','SweptSolid',(#5212));
#5214=IFCPRODUCTDEFINITIONSHAPE($,$,(#5213,#5217));
#5215=IFCCARTESIANPOINTLIST2D(((0.,0.),(4.,0.)));
#5216=IFCINDEXEDPOLYCURVE(#5215,$,.F.);
#5217=IFCSHAPEREPRESENTATION(#17,'Axis','Curve2D',(#5216));
#5218=IFCCARTESIANPOINT((12.,14.,0.));
#5219=IFCDIRECTION((0.,0.,1.));
#5220=IFCDIRECTION((6.123233995736766E-17,1.,0.));
#5221=IFCAXIS2PLACEMENT3D(#5218,#5219,#5220);
#5222=IFCLOCALPLACEMENT($,#5221);
#5223=IFCOWNERHISTORY(#5,#6,.READWRITE.,.MODIFIED.,1788884269,#5,#6,1788884269);
#5224=IFCWALL('038450qYL5if_vHcTcN5AF',#5223,'Phone_Booth_2_Wall_North',$,$,#5243,#5235,$,$);
#5225=IFCCARTESIANPOINTLIST2D(((0.,0.),(0.,0.15),(2.,0.15),(2.,0.),(0.,0.)));
#5226=IFCINDEXEDPOLYCURVE(#5225,$,.F.);
#5227=IFCDIRECTION((0.,0.,1.));
#5228=IFCARBITRARYCLOSEDPROFILEDEF(.AREA.,$,#5226);
#5229=IFCCARTESIANPOINT((0.,-0.075,0.));
#5230=IFCDIRECTION((0.,0.,1.));
#5231=IFCDIRECTION((1.,0.,0.));
#5232=IFCAXIS2PLACEMENT3D(#5229,#5230,#5231);
#5233=IFCEXTRUDEDAREASOLID(#5228,#5232,#5227,3.2);
#5234=IFCSHAPEREPRESENTATION(#16,'Body','SweptSolid',(#5233));
#5235=IFCPRODUCTDEFINITIONSHAPE($,$,(#5234,#5238));
#5236=IFCCARTESIANPOINTLIST2D(((0.,0.),(2.,0.)));
#5237=IFCINDEXEDPOLYCURVE(#5236,$,.F.);
#5238=IFCSHAPEREPRESENTATION(#17,'Axis','Curve2D',(#5237));
#5239=IFCCARTESIANPOINT((12.,18.,0.));
#5240=IFCDIRECTION((0.,0.,1.));
#5241=IFCDIRECTION((-1.,1.2246467991473532E-16,0.));
#5242=IFCAXIS2PLACEMENT3D(#5239,#5240,#5241);
#5243=IFCLOCALPLACEMENT($,#5242);
#5244=IFCOWNERHISTORY(#5,#6,.READWRITE.,.MODIFIED.,1788884269,#5,#6,1788884269);
#5245=IFCWALL('3YK3gGcyDDZBwtJpJyIN6p',#5244,'Phone_Booth_2_Wall_West',$,$,#5264,#5256,$,$);
#5246=IFCCARTESIANPOINTLIST2D(((0.,0.),(0.,0.15),(4.,0.15),(4.,0.),(0.,0.)));
#5247=IFCINDEXEDPOLYCURVE(#5246,$,.F.);
#5248=IFCDIRECTION((0.,0.,1.));
#5249=IFCARBITRARYCLOSEDPROFILEDEF(.AREA.,$,#5247);
#5250=IFCCARTESIANPOINT((0.,-0.075,0.));
#5251=IFCDIRECTION((0.,0.,1.));
#5252=IFCDIRECTION((1.,0.,0.));
#5253=IFCAXIS2PLACEMENT3D(#5250,#5251,#5252);
#5254=IFCEXTRUDEDAREASOLID(#5249,#5253,#5248,3.2);
#5255=IFCSHAPEREPRESENTATION(#16,'Body','SweptSolid',(#5254));
#5256=IFCPRODUCTDEFINITIONSHAPE($,$,(#5255,#5259));
#5257=IFCCARTESIANPOINTLIST2D(((0.,0.),(4.,0.)));
#5258=IFCINDEXEDPOLYCURVE(#5257,$,.F.);
#5259=IFCSHAPEREPRESENTATION(#17,'Axis','Curve2D',(#5258));
#5260=IFCCARTESIANPOINT((10.,18.,0.));
#5261=IFCDIRECTION((0.,0.,1.));
#5262=IFCDIRECTION((-1.8369701987210297E-16,-1.,0.));
#5263=IFCAXIS2PLACEMENT3D(#5260,#5261,#5262);
#5264=IFCLOCALPLACEMENT($,#5263);
#5265=IFCOWNERHISTORY(#5,#6,.READWRITE.,.MODIFIED.,1788884269,#5,#6,1788884269);
#5266=IFCSLAB('3Y2XP0hRDCF9ukwKo6ptmi',#5265,'Phone_Booth_2_Floor',$,$,#5278,#5273,$,$);
#5267=IFCCARTESIANPOINTLIST2D(((0.,0.),(2.,0.),(2.,4.),(0.,4.)));
#5268=IFCINDEXEDPOLYCURVE(#5267,$,$);
#5269=IFCDIRECTION((0.,0.,1.));
#5270=IFCARBITRARYCLOSEDPROFILEDEF(.AREA.,$,#5268);
#5271=IFCEXTRUDEDAREASOLID(#5270,$,#5269,0.2);
#5272=IFCSHAPEREPRESENTATION(#16,'Body','SweptSolid',(#5271));
#5273=IFCPRODUCTDEFINITIONSHAPE($,$,(#5272));
#5274=IFCCARTESIANPOINT((10.,14.,0.));
#5275=IFCDIRECTION((0.,0.,1.));
#5276=IFCDIRECTION((1.,0.,0.));
#5277=IFCAXIS2PLACEMENT3D(#5274,#5275,#5276);
#5278=IFCLOCALPLACEMENT($,#5277);
#5279=IFCOWNERHISTORY(#5,#6,.READWRITE.,.MODIFIED.,1788884269,#5,#6,1788884269);
#5280=IFCOPENINGELEMENT('0cI9TL5JvB6gwSJdFLzGwP',#5279,'Opening for Phone_Booth_2_Door_1',$,$,#5303,#5291,$,.OPENING.);
#5281=IFCCARTESIANPOINTLIST2D(((0.,0.),(0.,1.),(0.9,1.),(0.9,0.),(0.,0.)));
#5282=IFCINDEXEDPOLYCURVE(#5281,$,.F.);
#5283=IFCDIRECTION((0.,0.,1.));
#5284=IFCARBITRARYCLOSEDPROFILEDEF(.AREA.,$,#5282);
#5285=IFCCARTESIANPOINT((0.,0.,0.));
#5286=IFCDIRECTION((0.,0.,1.));
#5287=IFCDIRECTION((1.,0.,0.));
#5288=IFCAXIS2PLACEMENT3D(#5285,#5286,#5287);
#5289=IFCEXTRUDEDAREASOLID(#5284,#5288,#5283,2.1);
#5290=IFCSHAPEREPRESENTATION(#16,'Body','SweptSolid',(#5289));
#5291=IFCPRODUCTDEFINITIONSHAPE($,$,(#5290));
#5297=IFCOWNERHISTORY(#5,#6,.READWRITE.,.ADDED.,1788884269,#5,#6,1788884269);
#5298=IFCRELVOIDSELEMENT('3U8$Q7AfT3Mxio6EoSso38',#5297,$,$,#5182,#5280);
#5299=IFCCARTESIANPOINT((1.,-0.5,0.));
#5300=IFCDIRECTION((0.,0.,1.));
#5301=IFCDIRECTION((1.,0.,0.));
#5302=IFCAXIS2PLACEMENT3D(#5299,#5300,#5301);
#5303=IFCLOCALPLACEMENT(#5201,#5302);
#5304=IFCOWNERHISTORY(#5,#6,.READWRITE.,.MODIFIED.,1788884269,#5,#6,1788884269);
#5305=IFCDOOR('2830lBPzz2cud4VWrGF1C6',#5304,'Phone_Booth_2_Door_1',$,$,#5384,#5379,$,$,$,.DOOR.,$,$);
#5306=IFCCARTESIANPOINTLIST2D(((0.,0.),(0.,2.1),(0.9,2.1),(0.9,0.),(0.875,0.),(0.875,2.075),(0.025,2.075),(0.025,0.)));
#5307=IFCINDEXEDPOLYCURVE(#5306,(IFCLINEINDEX((1,2,3,4,5,6,7,8,1))),$);
#5308=IFCARBITRARYCLOSEDPROFILEDEF(.AREA.,$,#5307);
#5309=IFCCARTESIANPOINT((0.,0.025,0.));
#5310=IFCDIRECTION((0.,-1.,0.));
#5311=IFCDIRECTION((1.,0.,0.));
#5312=IFCAXIS2PLACEMENT3D(#5309,#5310,#5311);
#5313=IFCDIRECTION((0.,0.,-1.));
#5314=IFCEXTRUDEDAREASOLID(#5308,#5312,#5313,0.025);
#5315=IFCCARTESIANPOINTLIST2D(((0.,0.),(0.,2.1),(0.9,2.1),(0.9,0.),(0.85,0.),(0.85,2.0500000000000003),(0.05,2.0500000000000003),(0.05,0.)));
#5316=IFCINDEXEDPOLYCURVE(#5315,(IFCLINEINDEX((1,2,3,4,5,6,7,8,1))),$);
#5317=IFCARBITRARYCLOSEDPROFILEDEF(.AREA.,$,#5316);
#5318=IFCCARTESIANPOINT((0.,0.,0.));
#5319=IFCDIRECTION((0.,-1.,0.));
#5320=IFCDIRECTION((1.,0.,0.));
#5321=IFCAXIS2PLACEMENT3D(#5318,#5319,#5320);
#5322=IFCDIRECTION((0.,0.,-1.));
#5323=IFCEXTRUDEDAREASOLID(#5317,#5321,#5322,0.025);
#5324=IFCCARTESIANPOINTLIST2D(((0.,0.),(0.8,0.),(0.8,0.1),(0.,0.1)));
#5325=IFCINDEXEDPOLYCURVE(#5324,(IFCLINEINDEX((1,2,3,4,1))),$);
#5326=IFCARBITRARYCLOSEDPROFILEDEF(.AREA.,$,#5325);
#5327=IFCCARTESIANPOINT((0.05,0.,0.));
#5328=IFCDIRECTION((0.,0.,1.));
#5329=IFCDIRECTION((1.,0.,0.));
#5330=IFCAXIS2PLACEMENT3D(#5327,#5328,#5329);
#5331=IFCDIRECTION((0.,0.,1.));
#5332=IFCEXTRUDEDAREASOLID(#5326,#5330,#5331,0.025);
#5333=IFCCARTESIANPOINTLIST2D(((0.,0.),(0.,2.125),(0.95,2.125),(0.95,0.),(0.875,0.),(0.875,2.05),(0.075,2.05),(0.075,0.)));
#5334=IFCINDEXEDPOLYCURVE(#5333,(IFCLINEINDEX((1,2,3,4,5,6,7,8,1))),$);
#5335=IFCARBITRARYCLOSEDPROFILEDEF(.AREA.,$,#5334);
#5336=IFCCARTESIANPOINT((-0.024999999999999994,-0.005,0.));
#5337=IFCDIRECTION((0.,-1.,0.));
#5338=IFCDIRECTION((1.,0.,0.));
#5339=IFCAXIS2PLACEMENT3D(#5336,#5337,#5338);
#5340=IFCDIRECTION((0.,0.,-1.));
#5341=IFCEXTRUDEDAREASOLID(#5335,#5339,#5340,0.005);
#5342=IFCCARTESIANPOINTLIST2D(((0.,0.),(0.,2.125),(0.95,2.125),(0.95,0.),(0.8999999999999999,0.),(0.8999999999999999,2.075),(0.049999999999999996,2.075),(0.049999999999999996,0.)));
#5343=IFCINDEXEDPOLYCURVE(#5342,(IFCLINEINDEX((1,2,3,4,5,6,7,8,1))),$);
#5344=IFCARBITRARYCLOSEDPROFILEDEF(.AREA.,$,#5343);
#5345=IFCCARTESIANPOINT((-0.024999999999999994,0.05,0.));
#5346=IFCDIRECTION((0.,-1.,0.));
#5347=IFCDIRECTION((1.,0.,0.));
#5348=IFCAXIS2PLACEMENT3D(#5345,#5346,#5347);
#5349=IFCDIRECTION((0.,0.,-1.));
#5350=IFCEXTRUDEDAREASOLID(#5344,#5348,#5349,0.005);
#5351=IFCCARTESIANPOINTLIST2D(((0.,0.),(0.85,0.),(0.85,0.035),(0.,0.035)));
#5352=IFCINDEXEDPOLYCURVE(#5351,(IFCLINEINDEX((1,2,3,4,1))),$);
#5353=IFCARBITRARYCLOSEDPROFILEDEF(.AREA.,$,#5352);
#5354=IFCCARTESIANPOINT((0.025,0.025,0.025));
#5355=IFCDIRECTION((0.,0.,1.));
#5356=IFCDIRECTION((1.,0.,0.));
#5357=IFCAXIS2PLACEMENT3D(#5354,#5355,#5356);
#5358=IFCDIRECTION((0.,0.,1.));
#5359=IFCEXTRUDEDAREASOLID(#5353,#5357,#5358,2.0500000000000003);
#5360=IFCCARTESIANPOINTLIST2D(((0.,0.),(0.,-0.04),(-0.11999999999999988,-0.04),(-0.11999999999999988,-0.02),(-0.020000000000000018,-0.02),(-0.020000000000000018,0.)));
#5361=IFCINDEXEDPOLYCURVE(#5360,(IFCLINEINDEX((1,2,3,4,5,6,1))),$);
#5362=IFCARBITRARYCLOSEDPROFILEDEF(.AREA.,$,#5361);
#5363=IFCCARTESIANPOINT((0.825,0.025,1.015));
#5364=IFCDIRECTION((0.,0.,1.));
#5365=IFCDIRECTION((1.,0.,0.));
#5366=IFCAXIS2PLACEMENT3D(#5363,#5364,#5365);
#5367=IFCDIRECTION((0.,0.,1.));
#5368=IFCEXTRUDEDAREASOLID(#5362,#5366,#5367,0.02);
#5369=IFCEXTRUDEDAREASOLID(#5370,#5373,#5377,0.02);
#5370=IFCARBITRARYCLOSEDPROFILEDEF(.AREA.,$,#5371);
#5371=IFCINDEXEDPOLYCURVE(#5372,(IFCLINEINDEX((1,2,3,4,5,6,1))),$);
#5372=IFCCARTESIANPOINTLIST2D(((0.,0.),(0.,0.04),(-0.11999999999999988,0.04),(-0.11999999999999988,0.02000000000000001),(-0.020000000000000018,0.02000000000000001),(-0.020000000000000018,0.)));
#5373=IFCAXIS2PLACEMENT3D(#5374,#5375,#5376);
#5374=IFCCARTESIANPOINT((0.825,0.060000000000000005,1.015));
#5375=IFCDIRECTION((0.,0.,1.));
#5376=IFCDIRECTION((1.,0.,0.));
#5377=IFCDIRECTION((0.,0.,1.));
#5378=IFCSHAPEREPRESENTATION(#16,'Body','SweptSolid',(#5314,#5323,#5359,#5368,#5369,#5332,#5341,#5350));
#5379=IFCPRODUCTDEFINITIONSHAPE($,$,(#5378));
#5380=IFCCARTESIANPOINT((11.,14.,0.));
#5381=IFCDIRECTION((0.,0.,1.));
#5382=IFCDIRECTION((1.,0.,0.));
#5383=IFCAXIS2PLACEMENT3D(#5380,#5381,#5382);
#5384=IFCLOCALPLACEMENT($,#5383);
#5385=IFCRELFILLSELEMENT('3B0sFDRJf0gxP$OF2WTNuF',$,$,$,#5280,#5305);
#5386=IFCOWNERHISTORY(#5,#6,.READWRITE.,.MODIFIED.,1788884269,#5,#6,1788884269);
#5387=IFCWALL('1tP$YzSMj1oxvHO0KpRoDm',#5386,'Server_Room_Wall_South',$,$,#5406,#5398,$,$);
#5388=IFCCARTESIANPOINTLIST2D(((0.,0.),(0.,0.2),(4.,0.2),(4.,0.),(0.,0.)));
#5389=IFCINDEXEDPOLYCURVE(#5388,$,.F.);
#5390=IFCDIRECTION((0.,0.,1.));
#5391=IFCARBITRARYCLOSEDPROFILEDEF(.AREA.,$,#5389);
#5392=IFCCARTESIANPOINT((0.,-0.1,0.));
#5393=IFCDIRECTION((0.,0.,1.));
#5394=IFCDIRECTION((1.,0.,0.));
#5395=IFCAXIS2PLACEMENT3D(#5392,#5393,#5394);
#5396=IFCEXTRUDEDAREASOLID(#5391,#5395,#5390,3.2);
#5397=IFCSHAPEREPRESENTATION(#16,'Body','SweptSolid',(#5396));
#5398=IFCPRODUCTDEFINITIONSHAPE($,$,(#5397,#5401));
#5399=IFCCARTESIANPOINTLIST2D(((0.,0.),(4.,0.)));
#5400=IFCINDEXEDPOLYCURVE(#5399,$,.F.);
#5401=IFCSHAPEREPRESENTATION(#17,'Axis','Curve2D',(#5400));
#5402=IFCCARTESIANPOINT((12.,14.,0.));
#5403=IFCDIRECTION((0.,0.,1.));
#5404=IFCDIRECTION((1.,0.,0.));
#5405=IFCAXIS2PLACEMENT3D(#5402,#5403,#5404);
#5406=IFCLOCALPLACEMENT($,#5405);
#5407=IFCOWNERHISTORY(#5,#6,.READWRITE.,.MODIFIED.,1788884270,#5,#6,1788884270);
#5408=IFCWALL('2QjsUeU5vBBAwTQ7SJ0w$l',#5407,'Server_Room_Wall_East',$,$,#5427,#5419,$,$);
#5409=IFCCARTESIANPOINTLIST2D(((0.,0.),(0.,0.2),(4.,0.2),(4.,0.),(0.,0.)));
#5410=IFCINDEXEDPOLYCURVE(#5409,$,.F.);
#5411=IFCDIRECTION((0.,0.,1.));
#5412=IFCARBITRARYCLOSEDPROFILEDEF(.AREA.,$,#5410);
#5413=IFCCARTESIANPOINT((0.,-0.1,0.));
#5414=IFCDIRECTION((0.,0.,1.));
#5415=IFCDIRECTION((1.,0.,0.));
#5416=IFCAXIS2PLACEMENT3D(#5413,#5414,#5415);
#5417=IFCEXTRUDEDAREASOLID(#5412,#5416,#5411,3.2);
#5418=IFCSHAPEREPRESENTATION(#16,'Body','SweptSolid',(#5417));
#5419=IFCPRODUCTDEFINITIONSHAPE($,$,(#5418,#5422));
#5420=IFCCARTESIANPOINTLIST2D(((0.,0.),(4.,0.)));
#5421=IFCINDEXEDPOLYCURVE(#5420,$,.F.);
#5422=IFCSHAPEREPRESENTATION(#17,'Axis','Curve2D',(#5421));
#5423=IFCCARTESIANPOINT((16.,14.,0.));
#5424=IFCDIRECTION((0.,0.,1.));
#5425=IFCDIRECTION((6.123233995736766E-17,1.,0.));
#5426=IFCAXIS2PLACEMENT3D(#5423,#5424,#5425);
#5427=IFCLOCALPLACEMENT($,#5426);
#5428=IFCOWNERHISTORY(#5,#6,.READWRITE.,.MODIFIED.,1788884270,#5,#6,1788884270);
#5429=IFCWALL('006iJ5LGT5kAEtRwJj2wvI',#5428,'Server_Room_Wall_North',$,$,#5448,#5440,$,$);
#5430=IFCCARTESIANPOINTLIST2D(((0.,0.),(0.,0.2),(4.,0.2),(4.,0.),(0.,0.)));
#5431=IFCINDEXEDPOLYCURVE(#5430,$,.F.);
#5432=IFCDIRECTION((0.,0.,1.));
#5433=IFCARBITRARYCLOSEDPROFILEDEF(.AREA.,$,#5431);
#5434=IFCCARTESIANPOINT((0.,-0.1,0.));
#5435=IFCDIRECTION((0.,0.,1.));
#5436=IFCDIRECTION((1.,0.,0.));
#5437=IFCAXIS2PLACEMENT3D(#5434,#5435,#5436);
#5438=IFCEXTRUDEDAREASOLID(#5433,#5437,#5432,3.2);
#5439=IFCSHAPEREPRESENTATION(#16,'Body','SweptSolid',(#5438));
#5440=IFCPRODUCTDEFINITIONSHAPE($,$,(#5439,#5443));
#5441=IFCCARTESIANPOINTLIST2D(((0.,0.),(4.,0.)));
#5442=IFCINDEXEDPOLYCURVE(#5441,$,.F.);
#5443=IFCSHAPEREPRESENTATION(#17,'Axis','Curve2D',(#5442));
#5444=IFCCARTESIANPOINT((16.,18.,0.));
#5445=IFCDIRECTION((0.,0.,1.));
#5446=IFCDIRECTION((-1.,1.2246467991473532E-16,0.));
#5447=IFCAXIS2PLACEMENT3D(#5444,#5445,#5446);
#5448=IFCLOCALPLACEMENT($,#5447);
#5449=IFCOWNERHISTORY(#5,#6,.READWRITE.,.MODIFIED.,1788884270,#5,#6,1788884270);
#5450=IFCWALL('14nUpmiKbDWRoHiTOJx3rs',#5449,'Server_Room_Wall_West',$,$,#5469,#5461,$,$);
#5451=IFCCARTESIANPOINTLIST2D(((0.,0.),(0.,0.2),(4.,0.2),(4.,0.),(0.,0.)));
#5452=IFCINDEXEDPOLYCURVE(#5451,$,.F.);
#5453=IFCDIRECTION((0.,0.,1.));
#5454=IFCARBITRARYCLOSEDPROFILEDEF(.AREA.,$,#5452);
#5455=IFCCARTESIANPOINT((0.,-0.1,0.));
#5456=IFCDIRECTION((0.,0.,1.));
#5457=IFCDIRECTION((1.,0.,0.));
#5458=IFCAXIS2PLACEMENT3D(#5455,#5456,#5457);
#5459=IFCEXTRUDEDAREASOLID(#5454,#5458,#5453,3.2);
#5460=IFCSHAPEREPRESENTATION(#16,'Body','SweptSolid',(#5459));
#5461=IFCPRODUCTDEFINITIONSHAPE($,$,(#5460,#5464));
#5462=IFCCARTESIANPOINTLIST2D(((0.,0.),(4.,0.)));
#5463=IFCINDEXEDPOLYCURVE(#5462,$,.F.);
#5464=IFCSHAPEREPRESENTATION(#17,'Axis','Curve2D',(#5463));
#5465=IFCCARTESIANPOINT((12.,18.,0.));
#5466=IFCDIRECTION((0.,0.,1.));
#5467=IFCDIRECTION((-1.8369701987210297E-16,-1.,0.));
#5468=IFCAXIS2PLACEMENT3D(#5465,#5466,#5467);
#5469=IFCLOCALPLACEMENT($,#5468);
#5470=IFCOWNERHISTORY(#5,#6,.READWRITE.,.MODIFIED.,1788884270,#5,#6,1788884270);
#5471=IFCSLAB('3va6Vsyk95LumwclocW2sD',#5470,'Server_Room_Floor',$,$,#5483,#5478,$,$);
#5472=IFCCARTESIANPOINTLIST2D(((0.,0.),(4.,0.),(4.,4.),(0.,4.)));
#5473=IFCINDEXEDPOLYCURVE(#5472,$,$);
#5474=IFCDIRECTION((0.,0.,1.));
#5475=IFCARBITRARYCLOSEDPROFILEDEF(.AREA.,$,#5473);
#5476=IFCEXTRUDEDAREASOLID(#5475,$,#5474,0.2);
#5477=IFCSHAPEREPRESENTATION(#16,'Body','SweptSolid',(#5476));
#5478=IFCPRODUCTDEFINITIONSHAPE($,$,(#5477));
#5479=IFCCARTESIANPOINT((12.,14.,0.));
#5480=IFCDIRECTION((0.,0.,1.));
#5481=IFCDIRECTION((1.,0.,0.));
#5482=IFCAXIS2PLACEMENT3D(#5479,#5480,#5481);
#5483=IFCLOCALPLACEMENT($,#5482);
#5484=IFCOWNERHISTORY(#5,#6,.READWRITE.,.MODIFIED.,1788884270,#5,#6,1788884270);
#5485=IFCOPENINGELEMENT('2Wdluv1nv5G9GWbgMASuGv',#5484,'Opening for Server_Room_Door_1',$,$,#5508,#5496,$,.OPENING.);
#5486=IFCCARTESIANPOINTLIST2D(((0.,0.),(0.,1.),(0.9,1.),(0.9,0.),(0.,0.)));
#5487=IFCINDEXEDPOLYCURVE(#5486,$,.F.);
#5488=IFCDIRECTION((0.,0.,1.));
#5489=IFCARBITRARYCLOSEDPROFILEDEF(.AREA.,$,#5487);
#5490=IFCCARTESIANPOINT((0.,0.,0.));
#5491=IFCDIRECTION((0.,0.,1.));
#5492=IFCDIRECTION((1.,0.,0.));
#5493=IFCAXIS2PLACEMENT3D(#5490,#5491,#5492);
#5494=IFCEXTRUDEDAREASOLID(#5489,#5493,#5488,2.1);
#5495=IFCSHAPEREPRESENTATION(#16,'Body','SweptSolid',(#5494));
#5496=IFCPRODUCTDEFINITIONSHAPE($,$,(#5495));
#5502=IFCOWNERHISTORY(#5,#6,.READWRITE.,.ADDED.,1788884270,#5,#6,1788884270);
#5503=IFCRELVOIDSELEMENT('1ZU_STJ4n2KxX8FgVfAgXd',#5502,$,$,#5387,#5485);
#5504=IFCCARTESIANPOINT((2.,-0.5,0.));
#5505=IFCDIRECTION((0.,0.,1.));
#5506=IFCDIRECTION((1.,0.,0.));
#5507=IFCAXIS2PLACEMENT3D(#5504,#5505,#5506);
#5508=IFCLOCALPLACEMENT(#5406,#5507);
#5509=IFCOWNERHISTORY(#5,#6,.READWRITE.,.MODIFIED.,1788884270,#5,#6,1788884270);
#5510=IFCDOOR('0eA8K1MjP5RuhYuE$0OGm0',#5509,'Server_Room_Door_1',$,$,#5589,#5584,$,$,$,.DOOR.,$,$);
#5511=IFCCARTESIANPOINTLIST2D(((0.,0.),(0.,2.1),(0.9,2.1),(0.9,0.),(0.875,0.),(0.875,2.075),(0.025,2.075),(0.025,0.)));
#5512=IFCINDEXEDPOLYCURVE(#5511,(IFCLINEINDEX((1,2,3,4,5,6,7,8,1))),$);
#5513=IFCARBITRARYCLOSEDPROFILEDEF(.AREA.,$,#5512);
#5514=IFCCARTESIANPOINT((0.,0.025,0.));
#5515=IFCDIRECTION((0.,-1.,0.));
#5516=IFCDIRECTION((1.,0.,0.));
#5517=IFCAXIS2PLACEMENT3D(#5514,#5515,#5516);
#5518=IFCDIRECTION((0.,0.,-1.));
#5519=IFCEXTRUDEDAREASOLID(#5513,#5517,#5518,0.025);
#5520=IFCCARTESIANPOINTLIST2D(((0.,0.),(0.,2.1),(0.9,2.1),(0.9,0.),(0.85,0.),(0.85,2.0500000000000003),(0.05,2.0500000000000003),(0.05,0.)));
#5521=IFCINDEXEDPOLYCURVE(#5520,(IFCLINEINDEX((1,2,3,4,5,6,7,8,1))),$);
#5522=IFCARBITRARYCLOSEDPROFILEDEF(.AREA.,$,#5521);
#5523=IFCCARTESIANPOINT((0.,0.,0.));
#5524=IFCDIRECTION((0.,-1.,0.));
#5525=IFCDIRECTION((1.,0.,0.));
#5526=IFCAXIS2PLACEMENT3D(#5523,#5524,#5525);
#5527=IFCDIRECTION((0.,0.,-1.));
#5528=IFCEXTRUDEDAREASOLID(#5522,#5526,#5527,0.025);
#5529=IFCCARTESIANPOINTLIST2D(((0.,0.),(0.8,0.),(0.8,0.1),(0.,0.1)));
#5530=IFCINDEXEDPOLYCURVE(#5529,(IFCLINEINDEX((1,2,3,4,1))),$);
#5531=IFCARBITRARYCLOSEDPROFILEDEF(.AREA.,$,#5530);
#5532=IFCCARTESIANPOINT((0.05,0.,0.));
#5533=IFCDIRECTION((0.,0.,1.));
#5534=IFCDIRECTION((1.,0.,0.));
#5535=IFCAXIS2PLACEMENT3D(#5532,#5533,#5534);
#5536=IFCDIRECTION((0.,0.,1.));
#5537=IFCEXTRUDEDAREASOLID(#5531,#5535,#5536,0.025);
#5538=IFCCARTESIANPOINTLIST2D(((0.,0.),(0.,2.125),(0.95,2.125),(0.95,0.),(0.875,0.),(0.875,2.05),(0.075,2.05),(0.075,0.)));
#5539=IFCINDEXEDPOLYCURVE(#5538,(IFCLINEINDEX((1,2,3,4,5,6,7,8,1))),$);
#5540=IFCARBITRARYCLOSEDPROFILEDEF(.AREA.,$,#5539);
#5541=IFCCARTESIANPOINT((-0.024999999999999994,-0.005,0.));
#5542=IFCDIRECTION((0.,-1.,0.));
#5543=IFCDIRECTION((1.,0.,0.));
#5544=IFCAXIS2PLACEMENT3D(#5541,#5542,#5543);
#5545=IFCDIRECTION((0.,0.,-1.));
#5546=IFCEXTRUDEDAREASOLID(#5540,#5544,#5545,0.005);
#5547=IFCCARTESIANPOINTLIST2D(((0.,0.),(0.,2.125),(0.95,2.125),(0.95,0.),(0.8999999999999999,0.),(0.8999999999999999,2.075),(0.049999999999999996,2.075),(0.049999999999999996,0.)));
#5548=IFCINDEXEDPOLYCURVE(#5547,(IFCLINEINDEX((1,2,3,4,5,6,7,8,1))),$);
#5549=IFCARBITRARYCLOSEDPROFILEDEF(.AREA.,$,#5548);
#5550=IFCCARTESIANPOINT((-0.024999999999999994,0.05,0.));
#5551=IFCDIRECTION((0.,-1.,0.));
#5552=IFCDIRECTION((1.,0.,0.));
#5553=IFCAXIS2PLACEMENT3D(#5550,#5551,#5552);
#5554=IFCDIRECTION((0.,0.,-1.));
#5555=IFCEXTRUDEDAREASOLID(#5549,#5553,#5554,0.005);
#5556=IFCCARTESIANPOINTLIST2D(((0.,0.),(0.85,0.),(0.85,0.035),(0.,0.035)));
#5557=IFCINDEXEDPOLYCURVE(#5556,(IFCLINEINDEX((1,2,3,4,1))),$);
#5558=IFCARBITRARYCLOSEDPROFILEDEF(.AREA.,$,#5557);
#5559=IFCCARTESIANPOINT((0.025,0.025,0.025));
#5560=IFCDIRECTION((0.,0.,1.));
#5561=IFCDIRECTION((1.,0.,0.));
#5562=IFCAXIS2PLACEMENT3D(#5559,#5560,#5561);
#5563=IFCDIRECTION((0.,0.,1.));
#5564=IFCEXTRUDEDAREASOLID(#5558,#5562,#5563,2.0500000000000003);
#5565=IFCCARTESIANPOINTLIST2D(((0.,0.),(0.,-0.04),(-0.11999999999999988,-0.04),(-0.11999999999999988,-0.02),(-0.020000000000000018,-0.02),(-0.020000000000000018,0.)));
#5566=IFCINDEXEDPOLYCURVE(#5565,(IFCLINEINDEX((1,2,3,4,5,6,1))),$);
#5567=IFCARBITRARYCLOSEDPROFILEDEF(.AREA.,$,#5566);
#5568=IFCCARTESIANPOINT((0.825,0.025,1.015));
#5569=IFCDIRECTION((0.,0.,1.));
#5570=IFCDIRECTION((1.,0.,0.));
#5571=IFCAXIS2PLACEMENT3D(#5568,#5569,#5570);
#5572=IFCDIRECTION((0.,0.,1.));
#5573=IFCEXTRUDEDAREASOLID(#5567,#5571,#5572,0.02);
#5574=IFCEXTRUDEDAREASOLID(#5575,#5578,#5582,0.02);
#5575=IFCARBITRARYCLOSEDPROFILEDEF(.AREA.,$,#5576);
#5576=IFCINDEXEDPOLYCURVE(#5577,(IFCLINEINDEX((1,2,3,4,5,6,1))),$);
#5577=IFCCARTESIANPOINTLIST2D(((0.,0.),(0.,0.04),(-0.11999999999999988,0.04),(-0.11999999999999988,0.02000000000000001),(-0.020000000000000018,0.02000000000000001),(-0.020000000000000018,0.)));
#5578=IFCAXIS2PLACEMENT3D(#5579,#5580,#5581);
#5579=IFCCARTESIANPOINT((0.825,0.060000000000000005,1.015));
#5580=IFCDIRECTION((0.,0.,1.));
#5581=IFCDIRECTION((1.,0.,0.));
#5582=IFCDIRECTION((0.,0.,1.));
#5583=IFCSHAPEREPRESENTATION(#16,'Body','SweptSolid',(#5519,#5528,#5564,#5573,#5574,#5537,#5546,#5555));
#5584=IFCPRODUCTDEFINITIONSHAPE($,$,(#5583));
#5585=IFCCARTESIANPOINT((14.,14.,0.));
#5586=IFCDIRECTION((0.,0.,1.));
#5587=IFCDIRECTION((1.,0.,0.));
#5588=IFCAXIS2PLACEMENT3D(#5585,#5586,#5587);
#5589=IFCLOCALPLACEMENT($,#5588);
#5590=IFCRELFILLSELEMENT('31WH_Z$bv8Qu$6OMF6yO4U',$,$,$,#5485,#5510);
#5591=IFCOWNERHISTORY(#5,#6,.READWRITE.,.MODIFIED.,1788884270,#5,#6,1788884270);
#5592=IFCWALL('11V0Adgjv9kvBNXKlh_khX',#5591,'Storage_Wall_South',$,$,#5611,#5603,$,$);
#5593=IFCCARTESIANPOINTLIST2D(((0.,0.),(0.,0.2),(6.,0.2),(6.,0.),(0.,0.)));
#5594=IFCINDEXEDPOLYCURVE(#5593,$,.F.);
#5595=IFCDIRECTION((0.,0.,1.));
#5596=IFCARBITRARYCLOSEDPROFILEDEF(.AREA.,$,#5594);
#5597=IFCCARTESIANPOINT((0.,-0.1,0.));
#5598=IFCDIRECTION((0.,0.,1.));
#5599=IFCDIRECTION((1.,0.,0.));
#5600=IFCAXIS2PLACEMENT3D(#5597,#5598,#5599);
#5601=IFCEXTRUDEDAREASOLID(#5596,#5600,#5595,3.2);
#5602=IFCSHAPEREPRESENTATION(#16,'Body','SweptSolid',(#5601));
#5603=IFCPRODUCTDEFINITIONSHAPE($,$,(#5602,#5606));
#5604=IFCCARTESIANPOINTLIST2D(((0.,0.),(6.,0.)));
#5605=IFCINDEXEDPOLYCURVE(#5604,$,.F.);
#5606=IFCSHAPEREPRESENTATION(#17,'Axis','Curve2D',(#5605));
#5607=IFCCARTESIANPOINT((22.,14.,0.));
#5608=IFCDIRECTION((0.,0.,1.));
#5609=IFCDIRECTION((1.,0.,0.));
#5610=IFCAXIS2PLACEMENT3D(#5607,#5608,#5609);
#5611=IFCLOCALPLACEMENT($,#5610);
#5612=IFCOWNERHISTORY(#5,#6,.READWRITE.,.MODIFIED.,1788884270,#5,#6,1788884270);
#5613=IFCWALL('2fEKfj1ln03vNJlSw3IvEv',#5612,'Storage_Wall_East',$,$,#5632,#5624,$,$);
#5614=IFCCARTESIANPOINTLIST2D(((0.,0.),(0.,0.2),(4.,0.2),(4.,0.),(0.,0.)));
#5615=IFCINDEXEDPOLYCURVE(#5614,$,.F.);
#5616=IFCDIRECTION((0.,0.,1.));
#5617=IFCARBITRARYCLOSEDPROFILEDEF(.AREA.,$,#5615);
#5618=IFCCARTESIANPOINT((0.,-0.1,0.));
#5619=IFCDIRECTION((0.,0.,1.));
#5620=IFCDIRECTION((1.,0.,0.));
#5621=IFCAXIS2PLACEMENT3D(#5618,#5619,#5620);
#5622=IFCEXTRUDEDAREASOLID(#5617,#5621,#5616,3.2);
#5623=IFCSHAPEREPRESENTATION(#16,'Body','SweptSolid',(#5622));
#5624=IFCPRODUCTDEFINITIONSHAPE($,$,(#5623,#5627));
#5625=IFCCARTESIANPOINTLIST2D(((0.,0.),(4.,0.)));
#5626=IFCINDEXEDPOLYCURVE(#5625,$,.F.);
#5627=IFCSHAPEREPRESENTATION(#17,'Axis','Curve2D',(#5626));
#5628=IFCCARTESIANPOINT((28.,14.,0.));
#5629=IFCDIRECTION((0.,0.,1.));
#5630=IFCDIRECTION((6.123233995736766E-17,1.,0.));
#5631=IFCAXIS2PLACEMENT3D(#5628,#5629,#5630);
#5632=IFCLOCALPLACEMENT($,#5631);
#5633=IFCOWNERHISTORY(#5,#6,.READWRITE.,.MODIFIED.,1788884271,#5,#6,1788884271);
#5634=IFCWALL('2cshSEsP5AAhiLy2xHrv6G',#5633,'Storage_Wall_North',$,$,#5653,#5645,$,$);
#5635=IFCCARTESIANPOINTLIST2D(((0.,0.),(0.,0.2),(6.,0.2),(6.,0.),(0.,0.)));
#5636=IFCINDEXEDPOLYCURVE(#5635,$,.F.);
#5637=IFCDIRECTION((0.,0.,1.));
#5638=IFCARBITRARYCLOSEDPROFILEDEF(.AREA.,$,#5636);
#5639=IFCCARTESIANPOINT((0.,-0.1,0.));
#5640=IFCDIRECTION((0.,0.,1.));
#5641=IFCDIRECTION((1.,0.,0.));
#5642=IFCAXIS2PLACEMENT3D(#5639,#5640,#5641);
#5643=IFCEXTRUDEDAREASOLID(#5638,#5642,#5637,3.2);
#5644=IFCSHAPEREPRESENTATION(#16,'Body','SweptSolid',(#5643));
#5645=IFCPRODUCTDEFINITIONSHAPE($,$,(#5644,#5648));
#5646=IFCCARTESIANPOINTLIST2D(((0.,0.),(6.,0.)));
#5647=IFCINDEXEDPOLYCURVE(#5646,$,.F.);
#5648=IFCSHAPEREPRESENTATION(#17,'Axis','Curve2D',(#5647));
#5649=IFCCARTESIANPOINT((28.,18.,0.));
#5650=IFCDIRECTION((0.,0.,1.));
#5651=IFCDIRECTION((-1.,1.2246467991473532E-16,0.));
#5652=IFCAXIS2PLACEMENT3D(#5649,#5650,#5651);
#5653=IFCLOCALPLACEMENT($,#5652);
#5654=IFCOWNERHISTORY(#5,#6,.READWRITE.,.MODIFIED.,1788884271,#5,#6,1788884271);
#5655=IFCWALL('2aTO522lT9b8s4x$0OLGXV',#5654,'Storage_Wall_West',$,$,#5674,#5666,$,$);
#5656=IFCCARTESIANPOINTLIST2D(((0.,0.),(0.,0.2),(4.,0.2),(4.,0.),(0.,0.)));
#5657=IFCINDEXEDPOLYCURVE(#5656,$,.F.);
#5658=IFCDIRECTION((0.,0.,1.));
#5659=IFCARBITRARYCLOSEDPROFILEDEF(.AREA.,$,#5657);
#5660=IFCCARTESIANPOINT((0.,-0.1,0.));
#5661=IFCDIRECTION((0.,0.,1.));
#5662=IFCDIRECTION((1.,0.,0.));
#5663=IFCAXIS2PLACEMENT3D(#5660,#5661,#5662);
#5664=IFCEXTRUDEDAREASOLID(#5659,#5663,#5658,3.2);
#5665=IFCSHAPEREPRESENTATION(#16,'Body','SweptSolid',(#5664));
#5666=IFCPRODUCTDEFINITIONSHAPE($,$,(#5665,#5669));
#5667=IFCCARTESIANPOINTLIST2D(((0.,0.),(4.,0.)));
#5668=IFCINDEXEDPOLYCURVE(#5667,$,.F.);
#5669=IFCSHAPEREPRESENTATION(#17,'Axis','Curve2D',(#5668));
#5670=IFCCARTESIANPOINT((22.,18.,0.));
#5671=IFCDIRECTION((0.,0.,1.));
#5672=IFCDIRECTION((-1.8369701987210297E-16,-1.,0.));
#5673=IFCAXIS2PLACEMENT3D(#5670,#5671,#5672);
#5674=IFCLOCALPLACEMENT($,#5673);
#5675=IFCOWNERHISTORY(#5,#6,.READWRITE.,.MODIFIED.,1788884271,#5,#6,1788884271);
#5676=IFCSLAB('1_6sclvE1CHw2CAstGXHMN',#5675,'Storage_Floor',$,$,#5688,#5683,$,$);
#5677=IFCCARTESIANPOINTLIST2D(((0.,0.),(6.,0.),(6.,4.),(0.,4.)));
#5678=IFCINDEXEDPOLYCURVE(#5677,$,$);
#5679=IFCDIRECTION((0.,0.,1.));
#5680=IFCARBITRARYCLOSEDPROFILEDEF(.AREA.,$,#5678);
#5681=IFCEXTRUDEDAREASOLID(#5680,$,#5679,0.2);
#5682=IFCSHAPEREPRESENTATION(#16,'Body','SweptSolid',(#5681));
#5683=IFCPRODUCTDEFINITIONSHAPE($,$,(#5682));
#5684=IFCCARTESIANPOINT((22.,14.,0.));
#5685=IFCDIRECTION((0.,0.,1.));
#5686=IFCDIRECTION((1.,0.,0.));
#5687=IFCAXIS2PLACEMENT3D(#5684,#5685,#5686);
#5688=IFCLOCALPLACEMENT($,#5687);
#5689=IFCOWNERHISTORY(#5,#6,.READWRITE.,.MODIFIED.,1788884271,#5,#6,1788884271);
#5690=IFCOPENINGELEMENT('3T30uFcQP7og3WvZ3vsbzy',#5689,'Opening for Storage_Door_1',$,$,#5713,#5701,$,.OPENING.);
#5691=IFCCARTESIANPOINTLIST2D(((0.,0.),(0.,1.),(0.9,1.),(0.9,0.),(0.,0.)));
#5692=IFCINDEXEDPOLYCURVE(#5691,$,.F.);
#5693=IFCDIRECTION((0.,0.,1.));
#5694=IFCARBITRARYCLOSEDPROFILEDEF(.AREA.,$,#5692);
#5695=IFCCARTESIANPOINT((0.,0.,0.));
#5696=IFCDIRECTION((0.,0.,1.));
#5697=IFCDIRECTION((1.,0.,0.));
#5698=IFCAXIS2PLACEMENT3D(#5695,#5696,#5697);
#5699=IFCEXTRUDEDAREASOLID(#5694,#5698,#5693,2.1);
#5700=IFCSHAPEREPRESENTATION(#16,'Body','SweptSolid',(#5699));
#5701=IFCPRODUCTDEFINITIONSHAPE($,$,(#5700));
#5707=IFCOWNERHISTORY(#5,#6,.READWRITE.,.ADDED.,1788884271,#5,#6,1788884271);
#5708=IFCRELVOIDSELEMENT('0RrfGFXG5F7wNnZ9DMCPz3',#5707,$,$,#5655,#5690);
#5709=IFCCARTESIANPOINT((2.,-0.5,0.));
#5710=IFCDIRECTION((0.,0.,1.));
#5711=IFCDIRECTION((1.,0.,0.));
#5712=IFCAXIS2PLACEMENT3D(#5709,#5710,#5711);
#5713=IFCLOCALPLACEMENT(#5674,#5712);
#5714=IFCOWNERHISTORY(#5,#6,.READWRITE.,.MODIFIED.,1788884271,#5,#6,1788884271);
#5715=IFCDOOR('2stq_$9Yv1xQDPWmMilJls',#5714,'Storage_Door_1',$,$,#5794,#5789,$,$,$,.DOOR.,$,$);
#5716=IFCCARTESIANPOINTLIST2D(((0.,0.),(0.,2.1),(0.9,2.1),(0.9,0.),(0.875,0.),(0.875,2.075),(0.025,2.075),(0.025,0.)));
#5717=IFCINDEXEDPOLYCURVE(#5716,(IFCLINEINDEX((1,2,3,4,5,6,7,8,1))),$);
#5718=IFCARBITRARYCLOSEDPROFILEDEF(.AREA.,$,#5717);
#5719=IFCCARTESIANPOINT((0.,0.025,0.));
#5720=IFCDIRECTION((0.,-1.,0.));
#5721=IFCDIRECTION((1.,0.,0.));
#5722=IFCAXIS2PLACEMENT3D(#5719,#5720,#5721);
#5723=IFCDIRECTION((0.,0.,-1.));
#5724=IFCEXTRUDEDAREASOLID(#5718,#5722,#5723,0.025);
#5725=IFCCARTESIANPOINTLIST2D(((0.,0.),(0.,2.1),(0.9,2.1),(0.9,0.),(0.85,0.),(0.85,2.0500000000000003),(0.05,2.0500000000000003),(0.05,0.)));
#5726=IFCINDEXEDPOLYCURVE(#5725,(IFCLINEINDEX((1,2,3,4,5,6,7,8,1))),$);
#5727=IFCARBITRARYCLOSEDPROFILEDEF(.AREA.,$,#5726);
#5728=IFCCARTESIANPOINT((0.,0.,0.));
#5729=IFCDIRECTION((0.,-1.,0.));
#5730=IFCDIRECTION((1.,0.,0.));
#5731=IFCAXIS2PLACEMENT3D(#5728,#5729,#5730);
#5732=IFCDIRECTION((0.,0.,-1.));
#5733=IFCEXTRUDEDAREASOLID(#5727,#5731,#5732,0.025);
#5734=IFCCARTESIANPOINTLIST2D(((0.,0.),(0.8,0.),(0.8,0.1),(0.,0.1)));
#5735=IFCINDEXEDPOLYCURVE(#5734,(IFCLINEINDEX((1,2,3,4,1))),$);
#5736=IFCARBITRARYCLOSEDPROFILEDEF(.AREA.,$,#5735);
#5737=IFCCARTESIANPOINT((0.05,0.,0.));
#5738=IFCDIRECTION((0.,0.,1.));
#5739=IFCDIRECTION((1.,0.,0.));
#5740=IFCAXIS2PLACEMENT3D(#5737,#5738,#5739);
#5741=IFCDIRECTION((0.,0.,1.));
#5742=IFCEXTRUDEDAREASOLID(#5736,#5740,#5741,0.025);
#5743=IFCCARTESIANPOINTLIST2D(((0.,0.),(0.,2.125),(0.95,2.125),(0.95,0.),(0.875,0.),(0.875,2.05),(0.075,2.05),(0.075,0.)));
#5744=IFCINDEXEDPOLYCURVE(#5743,(IFCLINEINDEX((1,2,3,4,5,6,7,8,1))),$);
#5745=IFCARBITRARYCLOSEDPROFILEDEF(.AREA.,$,#5744);
#5746=IFCCARTESIANPOINT((-0.024999999999999994,-0.005,0.));
#5747=IFCDIRECTION((0.,-1.,0.));
#5748=IFCDIRECTION((1.,0.,0.));
#5749=IFCAXIS2PLACEMENT3D(#5746,#5747,#5748);
#5750=IFCDIRECTION((0.,0.,-1.));
#5751=IFCEXTRUDEDAREASOLID(#5745,#5749,#5750,0.005);
#5752=IFCCARTESIANPOINTLIST2D(((0.,0.),(0.,2.125),(0.95,2.125),(0.95,0.),(0.8999999999999999,0.),(0.8999999999999999,2.075),(0.049999999999999996,2.075),(0.049999999999999996,0.)));
#5753=IFCINDEXEDPOLYCURVE(#5752,(IFCLINEINDEX((1,2,3,4,5,6,7,8,1))),$);
#5754=IFCARBITRARYCLOSEDPROFILEDEF(.AREA.,$,#5753);
#5755=IFCCARTESIANPOINT((-0.024999999999999994,0.05,0.));
#5756=IFCDIRECTION((0.,-1.,0.));
#5757=IFCDIRECTION((1.,0.,0.));
#5758=IFCAXIS2PLACEMENT3D(#5755,#5756,#5757);
#5759=IFCDIRECTION((0.,0.,-1.));
#5760=IFCEXTRUDEDAREASOLID(#5754,#5758,#5759,0.005);
#5761=IFCCARTESIANPOINTLIST2D(((0.,0.),(0.85,0.),(0.85,0.035),(0.,0.035)));
#5762=IFCINDEXEDPOLYCURVE(#5761,(IFCLINEINDEX((1,2,3,4,1))),$);
#5763=IFCARBITRARYCLOSEDPROFILEDEF(.AREA.,$,#5762);
#5764=IFCCARTESIANPOINT((0.025,0.025,0.025));
#5765=IFCDIRECTION((0.,0.,1.));
#5766=IFCDIRECTION((1.,0.,0.));
#5767=IFCAXIS2PLACEMENT3D(#5764,#5765,#5766);
#5768=IFCDIRECTION((0.,0.,1.));
#5769=IFCEXTRUDEDAREASOLID(#5763,#5767,#5768,2.0500000000000003);
#5770=IFCCARTESIANPOINTLIST2D(((0.,0.),(0.,-0.04),(-0.11999999999999988,-0.04),(-0.11999999999999988,-0.02),(-0.020000000000000018,-0.02),(-0.020000000000000018,0.)));
#5771=IFCINDEXEDPOLYCURVE(#5770,(IFCLINEINDEX((1,2,3,4,5,6,1))),$);
#5772=IFCARBITRARYCLOSEDPROFILEDEF(.AREA.,$,#5771);
#5773=IFCCARTESIANPOINT((0.825,0.025,1.015));
#5774=IFCDIRECTION((0.,0.,1.));
#5775=IFCDIRECTION((1.,0.,0.));
#5776=IFCAXIS2PLACEMENT3D(#5773,#5774,#5775);
#5777=IFCDIRECTION((0.,0.,1.));
#5778=IFCEXTRUDEDAREASOLID(#5772,#5776,#5777,0.02);
#5779=IFCEXTRUDEDAREASOLID(#5780,#5783,#5787,0.02);
#5780=IFCARBITRARYCLOSEDPROFILEDEF(.AREA.,$,#5781);
#5781=IFCINDEXEDPOLYCURVE(#5782,(IFCLINEINDEX((1,2,3,4,5,6,1))),$);
#5782=IFCCARTESIANPOINTLIST2D(((0.,0.),(0.,0.04),(-0.11999999999999988,0.04),(-0.11999999999999988,0.02000000000000001),(-0.020000000000000018,0.02000000000000001),(-0.020000000000000018,0.)));
#5783=IFCAXIS2PLACEMENT3D(#5784,#5785,#5786);
#5784=IFCCARTESIANPOINT((0.825,0.060000000000000005,1.015));
#5785=IFCDIRECTION((0.,0.,1.));
#5786=IFCDIRECTION((1.,0.,0.));
#5787=IFCDIRECTION((0.,0.,1.));
#5788=IFCSHAPEREPRESENTATION(#16,'Body','SweptSolid',(#5724,#5733,#5769,#5778,#5779,#5742,#5751,#5760));
#5789=IFCPRODUCTDEFINITIONSHAPE($,$,(#5788));
#5790=IFCCARTESIANPOINT((22.,16.,0.));
#5791=IFCDIRECTION((0.,0.,1.));
#5792=IFCDIRECTION((-1.8369701987210297E-16,-1.,0.));
#5793=IFCAXIS2PLACEMENT3D(#5790,#5791,#5792);
#5794=IFCLOCALPLACEMENT($,#5793);
#5795=IFCRELFILLSELEMENT('1QSvORZNP0qgqLMW_yuiRZ',$,$,$,#5690,#5715);
#5796=IFCOWNERHISTORY(#5,#6,.READWRITE.,.MODIFIED.,1788884355,#5,#6,1788884355);
#5797=IFCWALL('052atoodL7KxIZ0lXXmQ_K',#5796,'Storage_Wall_South',$,$,#5816,#5808,$,$);
#5798=IFCCARTESIANPOINTLIST2D(((0.,0.),(0.,0.2),(6.,0.2),(6.,0.),(0.,0.)));
#5799=IFCINDEXEDPOLYCURVE(#5798,$,.F.);
#5800=IFCDIRECTION((0.,0.,1.));
#5801=IFCARBITRARYCLOSEDPROFILEDEF(.AREA.,$,#5799);
#5802=IFCCARTESIANPOINT((0.,-0.1,0.));
#5803=IFCDIRECTION((0.,0.,1.));
#5804=IFCDIRECTION((1.,0.,0.));
#5805=IFCAXIS2PLACEMENT3D(#5802,#5803,#5804);
#5806=IFCEXTRUDEDAREASOLID(#5801,#5805,#5800,3.2);
#5807=IFCSHAPEREPRESENTATION(#16,'Body','SweptSolid',(#5806));
#5808=IFCPRODUCTDEFINITIONSHAPE($,$,(#5807,#5811));
#5809=IFCCARTESIANPOINTLIST2D(((0.,0.),(6.,0.)));
#5810=IFCINDEXEDPOLYCURVE(#5809,$,.F.);
#5811=IFCSHAPEREPRESENTATION(#17,'Axis','Curve2D',(#5810));
#5812=IFCCARTESIANPOINT((22.,14.,0.));
#5813=IFCDIRECTION((0.,0.,1.));
#5814=IFCDIRECTION((1.,0.,0.));
#5815=IFCAXIS2PLACEMENT3D(#5812,#5813,#5814);
#5816=IFCLOCALPLACEMENT($,#5815);
#5817=IFCOWNERHISTORY(#5,#6,.READWRITE.,.MODIFIED.,1788884355,#5,#6,1788884355);
#5818=IFCWALL('1H6ewiVD51PhCUYYFR6C0D',#5817,'Storage_Wall_East',$,$,#5837,#5829,$,$);
#5819=IFCCARTESIANPOINTLIST2D(((0.,0.),(0.,0.2),(4.,0.2),(4.,0.),(0.,0.)));
#5820=IFCINDEXEDPOLYCURVE(#5819,$,.F.);
#5821=IFCDIRECTION((0.,0.,1.));
#5822=IFCARBITRARYCLOSEDPROFILEDEF(.AREA.,$,#5820);
#5823=IFCCARTESIANPOINT((0.,-0.1,0.));
#5824=IFCDIRECTION((0.,0.,1.));
#5825=IFCDIRECTION((1.,0.,0.));
#5826=IFCAXIS2PLACEMENT3D(#5823,#5824,#5825);
#5827=IFCEXTRUDEDAREASOLID(#5822,#5826,#5821,3.2);
#5828=IFCSHAPEREPRESENTATION(#16,'Body','SweptSolid',(#5827));
#5829=IFCPRODUCTDEFINITIONSHAPE($,$,(#5828,#5832));
#5830=IFCCARTESIANPOINTLIST2D(((0.,0.),(4.,0.)));
#5831=IFCINDEXEDPOLYCURVE(#5830,$,.F.);
#5832=IFCSHAPEREPRESENTATION(#17,'Axis','Curve2D',(#5831));
#5833=IFCCARTESIANPOINT((28.,14.,0.));
#5834=IFCDIRECTION((0.,0.,1.));
#5835=IFCDIRECTION((6.123233995736766E-17,1.,0.));
#5836=IFCAXIS2PLACEMENT3D(#5833,#5834,#5835);
#5837=IFCLOCALPLACEMENT($,#5836);
#5838=IFCOWNERHISTORY(#5,#6,.READWRITE.,.MODIFIED.,1788884355,#5,#6,1788884355);
#5839=IFCWALL('0Sxu8ZS3bB4PMKDP6QU_0f',#5838,'Storage_Wall_North',$,$,#5858,#5850,$,$);
#5840=IFCCARTESIANPOINTLIST2D(((0.,0.),(0.,0.2),(6.,0.2),(6.,0.),(0.,0.)));
#5841=IFCINDEXEDPOLYCURVE(#5840,$,.F.);
#5842=IFCDIRECTION((0.,0.,1.));
#5843=IFCARBITRARYCLOSEDPROFILEDEF(.AREA.,$,#5841);
#5844=IFCCARTESIANPOINT((0.,-0.1,0.));
#5845=IFCDIRECTION((0.,0.,1.));
#5846=IFCDIRECTION((1.,0.,0.));
#5847=IFCAXIS2PLACEMENT3D(#5844,#5845,#5846);
#5848=IFCEXTRUDEDAREASOLID(#5843,#5847,#5842,3.2);
#5849=IFCSHAPEREPRESENTATION(#16,'Body','SweptSolid',(#5848));
#5850=IFCPRODUCTDEFINITIONSHAPE($,$,(#5849,#5853));
#5851=IFCCARTESIANPOINTLIST2D(((0.,0.),(6.,0.)));
#5852=IFCINDEXEDPOLYCURVE(#5851,$,.F.);
#5853=IFCSHAPEREPRESENTATION(#17,'Axis','Curve2D',(#5852));
#5854=IFCCARTESIANPOINT((28.,18.,0.));
#5855=IFCDIRECTION((0.,0.,1.));
#5856=IFCDIRECTION((-1.,1.2246467991473532E-16,0.));
#5857=IFCAXIS2PLACEMENT3D(#5854,#5855,#5856);
#5858=IFCLOCALPLACEMENT($,#5857);
#5859=IFCOWNERHISTORY(#5,#6,.READWRITE.,.MODIFIED.,1788884355,#5,#6,1788884355);
#5860=IFCWALL('2XCbF6CyjAMO$OIGCcU4Um',#5859,'Storage_Wall_West',$,$,#5879,#5871,$,$);
#5861=IFCCARTESIANPOINTLIST2D(((0.,0.),(0.,0.2),(4.,0.2),(4.,0.),(0.,0.)));
#5862=IFCINDEXEDPOLYCURVE(#5861,$,.F.);
#5863=IFCDIRECTION((0.,0.,1.));
#5864=IFCARBITRARYCLOSEDPROFILEDEF(.AREA.,$,#5862);
#5865=IFCCARTESIANPOINT((0.,-0.1,0.));
#5866=IFCDIRECTION((0.,0.,1.));
#5867=IFCDIRECTION((1.,0.,0.));
#5868=IFCAXIS2PLACEMENT3D(#5865,#5866,#5867);
#5869=IFCEXTRUDEDAREASOLID(#5864,#5868,#5863,3.2);
#5870=IFCSHAPEREPRESENTATION(#16,'Body','SweptSolid',(#5869));
#5871=IFCPRODUCTDEFINITIONSHAPE($,$,(#5870,#5874));
#5872=IFCCARTESIANPOINTLIST2D(((0.,0.),(4.,0.)));
#5873=IFCINDEXEDPOLYCURVE(#5872,$,.F.);
#5874=IFCSHAPEREPRESENTATION(#17,'Axis','Curve2D',(#5873));
#5875=IFCCARTESIANPOINT((22.,18.,0.));
#5876=IFCDIRECTION((0.,0.,1.));
#5877=IFCDIRECTION((-1.8369701987210297E-16,-1.,0.));
#5878=IFCAXIS2PLACEMENT3D(#5875,#5876,#5877);
#5879=IFCLOCALPLACEMENT($,#5878);
#5880=IFCOWNERHISTORY(#5,#6,.READWRITE.,.MODIFIED.,1788884356,#5,#6,1788884356);
#5881=IFCSLAB('0bCz1V0FD4Iup3O3hKMu34',#5880,'Storage_Floor',$,$,#5893,#5888,$,$);
#5882=IFCCARTESIANPOINTLIST2D(((0.,0.),(6.,0.),(6.,4.),(0.,4.)));
#5883=IFCINDEXEDPOLYCURVE(#5882,$,$);
#5884=IFCDIRECTION((0.,0.,1.));
#5885=IFCARBITRARYCLOSEDPROFILEDEF(.AREA.,$,#5883);
#5886=IFCEXTRUDEDAREASOLID(#5885,$,#5884,0.2);
#5887=IFCSHAPEREPRESENTATION(#16,'Body','SweptSolid',(#5886));
#5888=IFCPRODUCTDEFINITIONSHAPE($,$,(#5887));
#5889=IFCCARTESIANPOINT((22.,14.,0.));
#5890=IFCDIRECTION((0.,0.,1.));
#5891=IFCDIRECTION((1.,0.,0.));
#5892=IFCAXIS2PLACEMENT3D(#5889,#5890,#5891);
#5893=IFCLOCALPLACEMENT($,#5892);
#5894=IFCOWNERHISTORY(#5,#6,.READWRITE.,.MODIFIED.,1788884356,#5,#6,1788884356);
#5895=IFCOPENINGELEMENT('2RxzkR$2r6RBLsaOR6UyBv',#5894,'Opening for Storage_Door_1',$,$,#5918,#5906,$,.OPENING.);
#5896=IFCCARTESIANPOINTLIST2D(((0.,0.),(0.,1.),(0.9,1.),(0.9,0.),(0.,0.)));
#5897=IFCINDEXEDPOLYCURVE(#5896,$,.F.);
#5898=IFCDIRECTION((0.,0.,1.));
#5899=IFCARBITRARYCLOSEDPROFILEDEF(.AREA.,$,#5897);
#5900=IFCCARTESIANPOINT((0.,0.,0.));
#5901=IFCDIRECTION((0.,0.,1.));
#5902=IFCDIRECTION((1.,0.,0.));
#5903=IFCAXIS2PLACEMENT3D(#5900,#5901,#5902);
#5904=IFCEXTRUDEDAREASOLID(#5899,#5903,#5898,2.1);
#5905=IFCSHAPEREPRESENTATION(#16,'Body','SweptSolid',(#5904));
#5906=IFCPRODUCTDEFINITIONSHAPE($,$,(#5905));
#5912=IFCOWNERHISTORY(#5,#6,.READWRITE.,.ADDED.,1788884356,#5,#6,1788884356);
#5913=IFCRELVOIDSELEMENT('09YURaHp5BuxR3OMQWWaBq',#5912,$,$,#5860,#5895);
#5914=IFCCARTESIANPOINT((2.,-0.5,0.));
#5915=IFCDIRECTION((0.,0.,1.));
#5916=IFCDIRECTION((1.,0.,0.));
#5917=IFCAXIS2PLACEMENT3D(#5914,#5915,#5916);
#5918=IFCLOCALPLACEMENT(#5879,#5917);
#5919=IFCOWNERHISTORY(#5,#6,.READWRITE.,.MODIFIED.,1788884356,#5,#6,1788884356);
#5920=IFCDOOR('3SRQZcQirD7uODCwDTlk_j',#5919,'Storage_Door_1',$,$,#5999,#5994,$,$,$,.DOOR.,$,$);
#5921=IFCCARTESIANPOINTLIST2D(((0.,0.),(0.,2.1),(0.9,2.1),(0.9,0.),(0.875,0.),(0.875,2.075),(0.025,2.075),(0.025,0.)));
#5922=IFCINDEXEDPOLYCURVE(#5921,(IFCLINEINDEX((1,2,3,4,5,6,7,8,1))),$);
#5923=IFCARBITRARYCLOSEDPROFILEDEF(.AREA.,$,#5922);
#5924=IFCCARTESIANPOINT((0.,0.025,0.));
#5925=IFCDIRECTION((0.,-1.,0.));
#5926=IFCDIRECTION((1.,0.,0.));
#5927=IFCAXIS2PLACEMENT3D(#5924,#5925,#5926);
#5928=IFCDIRECTION((0.,0.,-1.));
#5929=IFCEXTRUDEDAREASOLID(#5923,#5927,#5928,0.025);
#5930=IFCCARTESIANPOINTLIST2D(((0.,0.),(0.,2.1),(0.9,2.1),(0.9,0.),(0.85,0.),(0.85,2.0500000000000003),(0.05,2.0500000000000003),(0.05,0.)));
#5931=IFCINDEXEDPOLYCURVE(#5930,(IFCLINEINDEX((1,2,3,4,5,6,7,8,1))),$);
#5932=IFCARBITRARYCLOSEDPROFILEDEF(.AREA.,$,#5931);
#5933=IFCCARTESIANPOINT((0.,0.,0.));
#5934=IFCDIRECTION((0.,-1.,0.));
#5935=IFCDIRECTION((1.,0.,0.));
#5936=IFCAXIS2PLACEMENT3D(#5933,#5934,#5935);
#5937=IFCDIRECTION((0.,0.,-1.));
#5938=IFCEXTRUDEDAREASOLID(#5932,#5936,#5937,0.025);
#5939=IFCCARTESIANPOINTLIST2D(((0.,0.),(0.8,0.),(0.8,0.1),(0.,0.1)));
#5940=IFCINDEXEDPOLYCURVE(#5939,(IFCLINEINDEX((1,2,3,4,1))),$);
#5941=IFCARBITRARYCLOSEDPROFILEDEF(.AREA.,$,#5940);
#5942=IFCCARTESIANPOINT((0.05,0.,0.));
#5943=IFCDIRECTION((0.,0.,1.));
#5944=IFCDIRECTION((1.,0.,0.));
#5945=IFCAXIS2PLACEMENT3D(#5942,#5943,#5944);
#5946=IFCDIRECTION((0.,0.,1.));
#5947=IFCEXTRUDEDAREASOLID(#5941,#5945,#5946,0.025);
#5948=IFCCARTESIANPOINTLIST2D(((0.,0.),(0.,2.125),(0.95,2.125),(0.95,0.),(0.875,0.),(0.875,2.05),(0.075,2.05),(0.075,0.)));
#5949=IFCINDEXEDPOLYCURVE(#5948,(IFCLINEINDEX((1,2,3,4,5,6,7,8,1))),$);
#5950=IFCARBITRARYCLOSEDPROFILEDEF(.AREA.,$,#5949);
#5951=IFCCARTESIANPOINT((-0.024999999999999994,-0.005,0.));
#5952=IFCDIRECTION((0.,-1.,0.));
#5953=IFCDIRECTION((1.,0.,0.));
#5954=IFCAXIS2PLACEMENT3D(#5951,#5952,#5953);
#5955=IFCDIRECTION((0.,0.,-1.));
#5956=IFCEXTRUDEDAREASOLID(#5950,#5954,#5955,0.005);
#5957=IFCCARTESIANPOINTLIST2D(((0.,0.),(0.,2.125),(0.95,2.125),(0.95,0.),(0.8999999999999999,0.),(0.8999999999999999,2.075),(0.049999999999999996,2.075),(0.049999999999999996,0.)));
#5958=IFCINDEXEDPOLYCURVE(#5957,(IFCLINEINDEX((1,2,3,4,5,6,7,8,1))),$);
#5959=IFCARBITRARYCLOSEDPROFILEDEF(.AREA.,$,#5958);
#5960=IFCCARTESIANPOINT((-0.024999999999999994,0.05,0.));
#5961=IFCDIRECTION((0.,-1.,0.));
#5962=IFCDIRECTION((1.,0.,0.));
#5963=IFCAXIS2PLACEMENT3D(#5960,#5961,#5962);
#5964=IFCDIRECTION((0.,0.,-1.));
#5965=IFCEXTRUDEDAREASOLID(#5959,#5963,#5964,0.005);
#5966=IFCCARTESIANPOINTLIST2D(((0.,0.),(0.85,0.),(0.85,0.035),(0.,0.035)));
#5967=IFCINDEXEDPOLYCURVE(#5966,(IFCLINEINDEX((1,2,3,4,1))),$);
#5968=IFCARBITRARYCLOSEDPROFILEDEF(.AREA.,$,#5967);
#5969=IFCCARTESIANPOINT((0.025,0.025,0.025));
#5970=IFCDIRECTION((0.,0.,1.));
#5971=IFCDIRECTION((1.,0.,0.));
#5972=IFCAXIS2PLACEMENT3D(#5969,#5970,#5971);
#5973=IFCDIRECTION((0.,0.,1.));
#5974=IFCEXTRUDEDAREASOLID(#5968,#5972,#5973,2.0500000000000003);
#5975=IFCCARTESIANPOINTLIST2D(((0.,0.),(0.,-0.04),(-0.11999999999999988,-0.04),(-0.11999999999999988,-0.02),(-0.020000000000000018,-0.02),(-0.020000000000000018,0.)));
#5976=IFCINDEXEDPOLYCURVE(#5975,(IFCLINEINDEX((1,2,3,4,5,6,1))),$);
#5977=IFCARBITRARYCLOSEDPROFILEDEF(.AREA.,$,#5976);
#5978=IFCCARTESIANPOINT((0.825,0.025,1.015));
#5979=IFCDIRECTION((0.,0.,1.));
#5980=IFCDIRECTION((1.,0.,0.));
#5981=IFCAXIS2PLACEMENT3D(#5978,#5979,#5980);
#5982=IFCDIRECTION((0.,0.,1.));
#5983=IFCEXTRUDEDAREASOLID(#5977,#5981,#5982,0.02);
#5984=IFCEXTRUDEDAREASOLID(#5985,#5988,#5992,0.02);
#5985=IFCARBITRARYCLOSEDPROFILEDEF(.AREA.,$,#5986);
#5986=IFCINDEXEDPOLYCURVE(#5987,(IFCLINEINDEX((1,2,3,4,5,6,1))),$);
#5987=IFCCARTESIANPOINTLIST2D(((0.,0.),(0.,0.04),(-0.11999999999999988,0.04),(-0.11999999999999988,0.02000000000000001),(-0.020000000000000018,0.02000000000000001),(-0.020000000000000018,0.)));
#5988=IFCAXIS2PLACEMENT3D(#5989,#5990,#5991);
#5989=IFCCARTESIANPOINT((0.825,0.060000000000000005,1.015));
#5990=IFCDIRECTION((0.,0.,1.));
#5991=IFCDIRECTION((1.,0.,0.));
#5992=IFCDIRECTION((0.,0.,1.));
#5993=IFCSHAPEREPRESENTATION(#16,'Body','SweptSolid',(#5929,#5938,#5974,#5983,#5984,#5947,#5956,#5965));
#5994=IFCPRODUCTDEFINITIONSHAPE($,$,(#5993));
#5995=IFCCARTESIANPOINT((22.,16.,0.));
#5996=IFCDIRECTION((0.,0.,1.));
#5997=IFCDIRECTION((-1.8369701987210297E-16,-1.,0.));
#5998=IFCAXIS2PLACEMENT3D(#5995,#5996,#5997);
#5999=IFCLOCALPLACEMENT($,#5998);
#6000=IFCRELFILLSELEMENT('1LzgKwVM56IRkznP0oZqDp',$,$,$,#5895,#5920);
#6001=IFCOWNERHISTORY(#5,#6,.READWRITE.,.MODIFIED.,1788884356,#5,#6,1788884356);
#6002=IFCSLAB('0rZxGmP5X8BgyfGibQQEN4',#6001,'Roof',$,$,#6014,#6009,$,$);
#6003=IFCCARTESIANPOINTLIST2D(((0.,0.),(28.,0.),(28.,18.),(0.,18.)));
#6004=IFCINDEXEDPOLYCURVE(#6003,$,$);
#6005=IFCDIRECTION((0.,0.,1.));
#6006=IFCARBITRARYCLOSEDPROFILEDEF(.AREA.,$,#6004);
#6007=IFCEXTRUDEDAREASOLID(#6006,$,#6005,0.3);
#6008=IFCSHAPEREPRESENTATION(#16,'Body','SweptSolid',(#6007));
#6009=IFCPRODUCTDEFINITIONSHAPE($,$,(#6008));
#6010=IFCCARTESIANPOINT((0.,0.,3.2));
#6011=IFCDIRECTION((0.,0.,1.));
#6012=IFCDIRECTION((1.,0.,0.));
#6013=IFCAXIS2PLACEMENT3D(#6010,#6011,#6012);
#6014=IFCLOCALPLACEMENT($,#6013);
#6015=IFCSURFACESTYLE('Wall_Paint_White',.BOTH.,(#6016));
#6016=IFCSURFACESTYLERENDERING(#6017,0.,#6018,$,$,$,IFCNORMALISEDRATIOMEASURE(0.),$,.NOTDEFINED.);
#6017=IFCCOLOURRGB($,0.93,0.93,0.9);
#6018=IFCCOLOURRGB($,0.93,0.93,0.9);
#6019=IFCSURFACESTYLE('Wall_Wood_Executive',.BOTH.,(#6020));
#6020=IFCSURFACESTYLERENDERING(#6021,0.,#6022,$,$,$,IFCNORMALISEDRATIOMEASURE(0.),$,.NOTDEFINED.);
#6021=IFCCOLOURRGB($,0.42,0.28,0.16);
#6022=IFCCOLOURRGB($,0.42,0.28,0.16);
#6023=IFCSURFACESTYLE('Floor_Polished_Concrete',.BOTH.,(#6024));
#6024=IFCSURFACESTYLERENDERING(#6025,0.,#6026,$,$,$,IFCNORMALISEDRATIOMEASURE(0.05),$,.NOTDEFINED.);
#6025=IFCCOLOURRGB($,0.55,0.55,0.56);
#6026=IFCCOLOURRGB($,0.55,0.55,0.56);
#6027=IFCSURFACESTYLE('Floor_Kitchen_Tile',.BOTH.,(#6028));
#6028=IFCSURFACESTYLERENDERING(#6029,0.,#6030,$,$,$,IFCNORMALISEDRATIOMEASURE(0.),$,.NOTDEFINED.);
#6029=IFCCOLOURRGB($,0.15,0.42,0.5);
#6030=IFCCOLOURRGB($,0.15,0.42,0.5);
#6031=IFCSURFACESTYLE('Roof_Membrane',.BOTH.,(#6032));
#6032=IFCSURFACESTYLERENDERING(#6033,0.,#6034,$,$,$,IFCNORMALISEDRATIOMEASURE(0.),$,.NOTDEFINED.);
#6033=IFCCOLOURRGB($,0.13,0.13,0.14);
#6034=IFCCOLOURRGB($,0.13,0.13,0.14);
#6035=IFCSURFACESTYLE('Glazing_Blue',.BOTH.,(#6036));
#6036=IFCSURFACESTYLERENDERING(#6037,0.65,#6038,$,$,$,IFCNORMALISEDRATIOMEASURE(0.1),$,.NOTDEFINED.);
#6037=IFCCOLOURRGB($,0.55,0.72,0.8);
#6038=IFCCOLOURRGB($,0.55,0.72,0.8);
#6039=IFCSURFACESTYLE('Door_Walnut',.BOTH.,(#6040));
#6040=IFCSURFACESTYLERENDERING(#6041,0.,#6042,$,$,$,IFCNORMALISEDRATIOMEASURE(0.),$,.NOTDEFINED.);
#6041=IFCCOLOURRGB($,0.32,0.2,0.12);
#6042=IFCCOLOURRGB($,0.32,0.2,0.12);
#6043=IFCSTYLEDITEM(#36,(#6015),'Wall_Paint_White');
#6044=IFCMATERIAL('Material_Wall_Paint_White',$,$);
#6045=IFCOWNERHISTORY(#5,#6,.READWRITE.,.MODIFIED.,1788885921,#5,#6,1788885921);
#6046=IFCRELASSOCIATESMATERIAL('2fzX4dmBvFEQ85dBTXsVpx',#6045,$,$,(#3050,#2810,#4399,#1274,#479,#1663,#5592,#5387,#437,#3362,#5818,#5182,#5019,#3630,#25,#2789,#1253,#3588,#4378,#5655,#5450,#458,#1642,#3425,#4336,#5797,#90,#4998,#4681,#3609,#3567,#1232,#4357,#915,#5634,#4639,#5429,#1621,#4194,#3404,#5860,#2768,#873,#4152,#3113,#5224,#69,#3071,#4977,#4660,#2831,#1211,#894,#5613,#4618,#5408,#5245,#4173,#3383,#5839,#852,#4131,#3092,#416,#1600,#5203,#5040,#48),#6044);
#6047=IFCSTYLEDITEM(#57,(#6015),'Wall_Paint_White');
#6048=IFCSTYLEDITEM(#78,(#6015),'Wall_Paint_White');
#6049=IFCSTYLEDITEM(#99,(#6015),'Wall_Paint_White');
#6050=IFCSTYLEDITEM(#425,(#6015),'Wall_Paint_White');
#6051=IFCSTYLEDITEM(#446,(#6015),'Wall_Paint_White');
#6052=IFCSTYLEDITEM(#467,(#6015),'Wall_Paint_White');
#6053=IFCSTYLEDITEM(#488,(#6015),'Wall_Paint_White');
#6054=IFCSTYLEDITEM(#861,(#6015),'Wall_Paint_White');
#6055=IFCSTYLEDITEM(#882,(#6015),'Wall_Paint_White');
#6056=IFCSTYLEDITEM(#903,(#6015),'Wall_Paint_White');
#6057=IFCSTYLEDITEM(#924,(#6015),'Wall_Paint_White');
#6058=IFCSTYLEDITEM(#1220,(#6015),'Wall_Paint_White');
#6059=IFCSTYLEDITEM(#1241,(#6015),'Wall_Paint_White');
#6060=IFCSTYLEDITEM(#1262,(#6015),'Wall_Paint_White');
#6061=IFCSTYLEDITEM(#1283,(#6015),'Wall_Paint_White');
#6062=IFCSTYLEDITEM(#1609,(#6015),'Wall_Paint_White');
#6063=IFCSTYLEDITEM(#1630,(#6015),'Wall_Paint_White');
#6064=IFCSTYLEDITEM(#1651,(#6015),'Wall_Paint_White');
#6065=IFCSTYLEDITEM(#1672,(#6015),'Wall_Paint_White');
#6066=IFCSTYLEDITEM(#2777,(#6015),'Wall_Paint_White');
#6067=IFCSTYLEDITEM(#2798,(#6015),'Wall_Paint_White');
#6068=IFCSTYLEDITEM(#2819,(#6015),'Wall_Paint_White');
#6069=IFCSTYLEDITEM(#2840,(#6015),'Wall_Paint_White');
#6070=IFCSTYLEDITEM(#3059,(#6015),'Wall_Paint_White');
#6071=IFCSTYLEDITEM(#3080,(#6015),'Wall_Paint_White');
#6072=IFCSTYLEDITEM(#3101,(#6015),'Wall_Paint_White');
#6073=IFCSTYLEDITEM(#3122,(#6015),'Wall_Paint_White');
#6074=IFCSTYLEDITEM(#3371,(#6015),'Wall_Paint_White');
#6075=IFCSTYLEDITEM(#3392,(#6015),'Wall_Paint_White');
#6076=IFCSTYLEDITEM(#3413,(#6015),'Wall_Paint_White');
#6077=IFCSTYLEDITEM(#3434,(#6015),'Wall_Paint_White');
#6078=IFCSTYLEDITEM(#3576,(#6015),'Wall_Paint_White');
#6079=IFCSTYLEDITEM(#3597,(#6015),'Wall_Paint_White');
#6080=IFCSTYLEDITEM(#3618,(#6015),'Wall_Paint_White');
#6081=IFCSTYLEDITEM(#3639,(#6015),'Wall_Paint_White');
#6082=IFCSTYLEDITEM(#4140,(#6015),'Wall_Paint_White');
#6083=IFCSTYLEDITEM(#4161,(#6015),'Wall_Paint_White');
#6084=IFCSTYLEDITEM(#4182,(#6015),'Wall_Paint_White');
#6085=IFCSTYLEDITEM(#4203,(#6015),'Wall_Paint_White');
#6086=IFCSTYLEDITEM(#4345,(#6015),'Wall_Paint_White');
#6087=IFCSTYLEDITEM(#4366,(#6015),'Wall_Paint_White');
#6088=IFCSTYLEDITEM(#4387,(#6015),'Wall_Paint_White');
#6089=IFCSTYLEDITEM(#4408,(#6015),'Wall_Paint_White');
#6090=IFCSTYLEDITEM(#4627,(#6015),'Wall_Paint_White');
#6091=IFCSTYLEDITEM(#4648,(#6015),'Wall_Paint_White');
#6092=IFCSTYLEDITEM(#4669,(#6015),'Wall_Paint_White');
#6093=IFCSTYLEDITEM(#4690,(#6015),'Wall_Paint_White');
#6094=IFCSTYLEDITEM(#4986,(#6015),'Wall_Paint_White');
#6095=IFCSTYLEDITEM(#5007,(#6015),'Wall_Paint_White');
#6096=IFCSTYLEDITEM(#5028,(#6015),'Wall_Paint_White');
#6097=IFCSTYLEDITEM(#5049,(#6015),'Wall_Paint_White');
#6098=IFCSTYLEDITEM(#5191,(#6015),'Wall_Paint_White');
#6099=IFCSTYLEDITEM(#5212,(#6015),'Wall_Paint_White');
#6100=IFCSTYLEDITEM(#5233,(#6015),'Wall_Paint_White');
#6101=IFCSTYLEDITEM(#5254,(#6015),'Wall_Paint_White');
#6102=IFCSTYLEDITEM(#5396,(#6015),'Wall_Paint_White');
#6103=IFCSTYLEDITEM(#5417,(#6015),'Wall_Paint_White');
#6104=IFCSTYLEDITEM(#5438,(#6015),'Wall_Paint_White');
#6105=IFCSTYLEDITEM(#5459,(#6015),'Wall_Paint_White');
#6106=IFCSTYLEDITEM(#5601,(#6015),'Wall_Paint_White');
#6107=IFCSTYLEDITEM(#5622,(#6015),'Wall_Paint_White');
#6108=IFCSTYLEDITEM(#5643,(#6015),'Wall_Paint_White');
#6109=IFCSTYLEDITEM(#5664,(#6015),'Wall_Paint_White');
#6110=IFCSTYLEDITEM(#5806,(#6015),'Wall_Paint_White');
#6111=IFCSTYLEDITEM(#5827,(#6015),'Wall_Paint_White');
#6112=IFCSTYLEDITEM(#5848,(#6015),'Wall_Paint_White');
#6113=IFCSTYLEDITEM(#5869,(#6015),'Wall_Paint_White');
#6114=IFCSTYLEDITEM(#3781,(#6019),'Wall_Wood_Executive');
#6115=IFCMATERIAL('Material_Wall_Wood_Executive',$,$);
#6116=IFCOWNERHISTORY(#5,#6,.READWRITE.,.MODIFIED.,1788886027,#5,#6,1788885921);
#6117=IFCRELASSOCIATESMATERIAL('1BP0ahCk9CfR8$weH1ih6e',#6116,$,$,(#3814,#3793,#6556,#3772,#6448,#3835),#6115);
#6118=IFCSTYLEDITEM(#3802,(#6019),'Wall_Wood_Executive');
#6119=IFCSTYLEDITEM(#3823,(#6019),'Wall_Wood_Executive');
#6120=IFCSTYLEDITEM(#3844,(#6019),'Wall_Wood_Executive');
#6121=IFCSTYLEDITEM(#116,(#6023),'Floor_Polished_Concrete');
#6122=IFCMATERIAL('Material_Floor_Polished_Concrete',$,$);
#6123=IFCOWNERHISTORY(#5,#6,.READWRITE.,.MODIFIED.,1788885922,#5,#6,1788885922);
#6124=IFCRELASSOCIATESMATERIAL('2U$6QFQ09CquRQkzp5MGNA',#6123,$,$,(#2852,#4420,#1295,#3446,#936,#500,#1684,#5471,#5881,#4215,#5266,#5676,#3856,#3134,#3651,#111,#5061),#6122);
#6125=IFCSTYLEDITEM(#505,(#6023),'Floor_Polished_Concrete');
#6126=IFCSTYLEDITEM(#941,(#6023),'Floor_Polished_Concrete');
#6127=IFCSTYLEDITEM(#1300,(#6023),'Floor_Polished_Concrete');
#6128=IFCSTYLEDITEM(#1689,(#6023),'Floor_Polished_Concrete');
#6129=IFCSTYLEDITEM(#2857,(#6023),'Floor_Polished_Concrete');
#6130=IFCSTYLEDITEM(#3139,(#6023),'Floor_Polished_Concrete');
#6131=IFCSTYLEDITEM(#3451,(#6023),'Floor_Polished_Concrete');
#6132=IFCSTYLEDITEM(#3656,(#6023),'Floor_Polished_Concrete');
#6133=IFCSTYLEDITEM(#3861,(#6023),'Floor_Polished_Concrete');
#6134=IFCSTYLEDITEM(#4220,(#6023),'Floor_Polished_Concrete');
#6135=IFCSTYLEDITEM(#4425,(#6023),'Floor_Polished_Concrete');
#6136=IFCSTYLEDITEM(#5066,(#6023),'Floor_Polished_Concrete');
#6137=IFCSTYLEDITEM(#5271,(#6023),'Floor_Polished_Concrete');
#6138=IFCSTYLEDITEM(#5476,(#6023),'Floor_Polished_Concrete');
#6139=IFCSTYLEDITEM(#5681,(#6023),'Floor_Polished_Concrete');
#6140=IFCSTYLEDITEM(#5886,(#6023),'Floor_Polished_Concrete');
#6141=IFCSTYLEDITEM(#4707,(#6027),'Floor_Kitchen_Tile');
#6142=IFCMATERIAL('Material_Floor_Kitchen_Tile',$,$);
#6143=IFCOWNERHISTORY(#5,#6,.READWRITE.,.MODIFIED.,1788886028,#5,#6,1788885922);
#6144=IFCRELASSOCIATESMATERIAL('1nHdef3Tb6VvQplAFinACF',#6143,$,$,(#6524,#4702),#6142);
#6145=IFCSTYLEDITEM(#6007,(#6031),'Roof_Membrane');
#6146=IFCMATERIAL('Material_Roof_Membrane',$,$);
#6147=IFCOWNERHISTORY(#5,#6,.READWRITE.,.ADDED.,1788885923,#5,#6,1788885923);
#6148=IFCRELASSOCIATESMATERIAL('0lyS8d_H55HvdmIIBsmT5J',#6147,$,$,(#6002),#6146);
#6149=IFCSTYLEDITEM(#159,(#6039),'Door_Walnut');
#6150=IFCSTYLEDITEM(#168,(#6039),'Door_Walnut');
#6151=IFCSTYLEDITEM(#204,(#6039),'Door_Walnut');
#6152=IFCSTYLEDITEM(#213,(#6039),'Door_Walnut');
#6153=IFCSTYLEDITEM(#214,(#6039),'Door_Walnut');
#6154=IFCSTYLEDITEM(#177,(#6039),'Door_Walnut');
#6155=IFCSTYLEDITEM(#186,(#6039),'Door_Walnut');
#6156=IFCSTYLEDITEM(#195,(#6039),'Door_Walnut');
#6157=IFCMATERIAL('Material_Door_Walnut',$,$);
#6158=IFCOWNERHISTORY(#5,#6,.READWRITE.,.MODIFIED.,1788885953,#5,#6,1788885953);
#6159=IFCRELASSOCIATESMATERIAL('1pg$doJq93af5kD7BvFeJ4',#6158,$,$,(#4254,#5305,#5100,#3895,#2579,#3280,#2151,#539,#1441,#2044,#1334,#2365,#5715,#150,#3173,#3690,#4741,#5510,#2472,#1937,#2891,#3485,#2258,#1830,#975,#2686,#1723,#5920,#4459,#257),#6157);
#6160=IFCSTYLEDITEM(#266,(#6039),'Door_Walnut');
#6161=IFCSTYLEDITEM(#275,(#6039),'Door_Walnut');
#6162=IFCSTYLEDITEM(#311,(#6039),'Door_Walnut');
#6163=IFCSTYLEDITEM(#320,(#6039),'Door_Walnut');
#6164=IFCSTYLEDITEM(#321,(#6039),'Door_Walnut');
#6165=IFCSTYLEDITEM(#284,(#6039),'Door_Walnut');
#6166=IFCSTYLEDITEM(#293,(#6039),'Door_Walnut');
#6167=IFCSTYLEDITEM(#302,(#6039),'Door_Walnut');
#6168=IFCSTYLEDITEM(#548,(#6039),'Door_Walnut');
#6169=IFCSTYLEDITEM(#557,(#6039),'Door_Walnut');
#6170=IFCSTYLEDITEM(#593,(#6039),'Door_Walnut');
#6171=IFCSTYLEDITEM(#602,(#6039),'Door_Walnut');
#6172=IFCSTYLEDITEM(#603,(#6039),'Door_Walnut');
#6173=IFCSTYLEDITEM(#566,(#6039),'Door_Walnut');
#6174=IFCSTYLEDITEM(#575,(#6039),'Door_Walnut');
#6175=IFCSTYLEDITEM(#584,(#6039),'Door_Walnut');
#6176=IFCSTYLEDITEM(#984,(#6039),'Door_Walnut');
#6177=IFCSTYLEDITEM(#993,(#6039),'Door_Walnut');
#6178=IFCSTYLEDITEM(#1029,(#6039),'Door_Walnut');
#6179=IFCSTYLEDITEM(#1038,(#6039),'Door_Walnut');
#6180=IFCSTYLEDITEM(#1039,(#6039),'Door_Walnut');
#6181=IFCSTYLEDITEM(#1002,(#6039),'Door_Walnut');
#6182=IFCSTYLEDITEM(#1011,(#6039),'Door_Walnut');
#6183=IFCSTYLEDITEM(#1020,(#6039),'Door_Walnut');
#6184=IFCSTYLEDITEM(#1343,(#6039),'Door_Walnut');
#6185=IFCSTYLEDITEM(#1352,(#6039),'Door_Walnut');
#6186=IFCSTYLEDITEM(#1388,(#6039),'Door_Walnut');
#6187=IFCSTYLEDITEM(#1397,(#6039),'Door_Walnut');
#6188=IFCSTYLEDITEM(#1398,(#6039),'Door_Walnut');
#6189=IFCSTYLEDITEM(#1361,(#6039),'Door_Walnut');
#6190=IFCSTYLEDITEM(#1370,(#6039),'Door_Walnut');
#6191=IFCSTYLEDITEM(#1379,(#6039),'Door_Walnut');
#6192=IFCSTYLEDITEM(#1450,(#6039),'Door_Walnut');
#6193=IFCSTYLEDITEM(#1459,(#6039),'Door_Walnut');
#6194=IFCSTYLEDITEM(#1495,(#6039),'Door_Walnut');
#6195=IFCSTYLEDITEM(#1504,(#6039),'Door_Walnut');
#6196=IFCSTYLEDITEM(#1505,(#6039),'Door_Walnut');
#6197=IFCSTYLEDITEM(#1468,(#6039),'Door_Walnut');
#6198=IFCSTYLEDITEM(#1477,(#6039),'Door_Walnut');
#6199=IFCSTYLEDITEM(#1486,(#6039),'Door_Walnut');
#6200=IFCSTYLEDITEM(#1732,(#6039),'Door_Walnut');
#6201=IFCSTYLEDITEM(#1741,(#6039),'Door_Walnut');
#6202=IFCSTYLEDITEM(#1777,(#6039),'Door_Walnut');
#6203=IFCSTYLEDITEM(#1786,(#6039),'Door_Walnut');
#6204=IFCSTYLEDITEM(#1787,(#6039),'Door_Walnut');
#6205=IFCSTYLEDITEM(#1750,(#6039),'Door_Walnut');
#6206=IFCSTYLEDITEM(#1759,(#6039),'Door_Walnut');
#6207=IFCSTYLEDITEM(#1768,(#6039),'Door_Walnut');
#6208=IFCSTYLEDITEM(#1839,(#6039),'Door_Walnut');
#6209=IFCSTYLEDITEM(#1848,(#6039),'Door_Walnut');
#6210=IFCSTYLEDITEM(#1884,(#6039),'Door_Walnut');
#6211=IFCSTYLEDITEM(#1893,(#6039),'Door_Walnut');
#6212=IFCSTYLEDITEM(#1894,(#6039),'Door_Walnut');
#6213=IFCSTYLEDITEM(#1857,(#6039),'Door_Walnut');
#6214=IFCSTYLEDITEM(#1866,(#6039),'Door_Walnut');
#6215=IFCSTYLEDITEM(#1875,(#6039),'Door_Walnut');
#6216=IFCSTYLEDITEM(#1946,(#6039),'Door_Walnut');
#6217=IFCSTYLEDITEM(#1955,(#6039),'Door_Walnut');
#6218=IFCSTYLEDITEM(#1991,(#6039),'Door_Walnut');
#6219=IFCSTYLEDITEM(#2000,(#6039),'Door_Walnut');
#6220=IFCSTYLEDITEM(#2001,(#6039),'Door_Walnut');
#6221=IFCSTYLEDITEM(#1964,(#6039),'Door_Walnut');
#6222=IFCSTYLEDITEM(#1973,(#6039),'Door_Walnut');
#6223=IFCSTYLEDITEM(#1982,(#6039),'Door_Walnut');
#6224=IFCSTYLEDITEM(#2053,(#6039),'Door_Walnut');
#6225=IFCSTYLEDITEM(#2062,(#6039),'Door_Walnut');
#6226=IFCSTYLEDITEM(#2098,(#6039),'Door_Walnut');
#6227=IFCSTYLEDITEM(#2107,(#6039),'Door_Walnut');
#6228=IFCSTYLEDITEM(#2108,(#6039),'Door_Walnut');
#6229=IFCSTYLEDITEM(#2071,(#6039),'Door_Walnut');
#6230=IFCSTYLEDITEM(#2080,(#6039),'Door_Walnut');
#6231=IFCSTYLEDITEM(#2089,(#6039),'Door_Walnut');
#6232=IFCSTYLEDITEM(#2160,(#6039),'Door_Walnut');
#6233=IFCSTYLEDITEM(#2169,(#6039),'Door_Walnut');
#6234=IFCSTYLEDITEM(#2205,(#6039),'Door_Walnut');
#6235=IFCSTYLEDITEM(#2214,(#6039),'Door_Walnut');
#6236=IFCSTYLEDITEM(#2215,(#6039),'Door_Walnut');
#6237=IFCSTYLEDITEM(#2178,(#6039),'Door_Walnut');
#6238=IFCSTYLEDITEM(#2187,(#6039),'Door_Walnut');
#6239=IFCSTYLEDITEM(#2196,(#6039),'Door_Walnut');
#6240=IFCSTYLEDITEM(#2267,(#6039),'Door_Walnut');
#6241=IFCSTYLEDITEM(#2276,(#6039),'Door_Walnut');
#6242=IFCSTYLEDITEM(#2312,(#6039),'Door_Walnut');
#6243=IFCSTYLEDITEM(#2321,(#6039),'Door_Walnut');
#6244=IFCSTYLEDITEM(#2322,(#6039),'Door_Walnut');
#6245=IFCSTYLEDITEM(#2285,(#6039),'Door_Walnut');
#6246=IFCSTYLEDITEM(#2294,(#6039),'Door_Walnut');
#6247=IFCSTYLEDITEM(#2303,(#6039),'Door_Walnut');
#6248=IFCSTYLEDITEM(#2374,(#6039),'Door_Walnut');
#6249=IFCSTYLEDITEM(#2383,(#6039),'Door_Walnut');
#6250=IFCSTYLEDITEM(#2419,(#6039),'Door_Walnut');
#6251=IFCSTYLEDITEM(#2428,(#6039),'Door_Walnut');
#6252=IFCSTYLEDITEM(#2429,(#6039),'Door_Walnut');
#6253=IFCSTYLEDITEM(#2392,(#6039),'Door_Walnut');
#6254=IFCSTYLEDITEM(#2401,(#6039),'Door_Walnut');
#6255=IFCSTYLEDITEM(#2410,(#6039),'Door_Walnut');
#6256=IFCSTYLEDITEM(#2481,(#6039),'Door_Walnut');
#6257=IFCSTYLEDITEM(#2490,(#6039),'Door_Walnut');
#6258=IFCSTYLEDITEM(#2526,(#6039),'Door_Walnut');
#6259=IFCSTYLEDITEM(#2535,(#6039),'Door_Walnut');
#6260=IFCSTYLEDITEM(#2536,(#6039),'Door_Walnut');
#6261=IFCSTYLEDITEM(#2499,(#6039),'Door_Walnut');
#6262=IFCSTYLEDITEM(#2508,(#6039),'Door_Walnut');
#6263=IFCSTYLEDITEM(#2517,(#6039),'Door_Walnut');
#6264=IFCSTYLEDITEM(#2588,(#6039),'Door_Walnut');
#6265=IFCSTYLEDITEM(#2597,(#6039),'Door_Walnut');
#6266=IFCSTYLEDITEM(#2633,(#6039),'Door_Walnut');
#6267=IFCSTYLEDITEM(#2642,(#6039),'Door_Walnut');
#6268=IFCSTYLEDITEM(#2643,(#6039),'Door_Walnut');
#6269=IFCSTYLEDITEM(#2606,(#6039),'Door_Walnut');
#6270=IFCSTYLEDITEM(#2615,(#6039),'Door_Walnut');
#6271=IFCSTYLEDITEM(#2624,(#6039),'Door_Walnut');
#6272=IFCSTYLEDITEM(#2695,(#6039),'Door_Walnut');
#6273=IFCSTYLEDITEM(#2704,(#6039),'Door_Walnut');
#6274=IFCSTYLEDITEM(#2740,(#6039),'Door_Walnut');
#6275=IFCSTYLEDITEM(#2749,(#6039),'Door_Walnut');
#6276=IFCSTYLEDITEM(#2750,(#6039),'Door_Walnut');
#6277=IFCSTYLEDITEM(#2713,(#6039),'Door_Walnut');
#6278=IFCSTYLEDITEM(#2722,(#6039),'Door_Walnut');
#6279=IFCSTYLEDITEM(#2731,(#6039),'Door_Walnut');
#6280=IFCSTYLEDITEM(#2900,(#6039),'Door_Walnut');
#6281=IFCSTYLEDITEM(#2909,(#6039),'Door_Walnut');
#6282=IFCSTYLEDITEM(#2945,(#6039),'Door_Walnut');
#6283=IFCSTYLEDITEM(#2954,(#6039),'Door_Walnut');
#6284=IFCSTYLEDITEM(#2955,(#6039),'Door_Walnut');
#6285=IFCSTYLEDITEM(#2918,(#6039),'Door_Walnut');
#6286=IFCSTYLEDITEM(#2927,(#6039),'Door_Walnut');
#6287=IFCSTYLEDITEM(#2936,(#6039),'Door_Walnut');
#6288=IFCSTYLEDITEM(#3182,(#6039),'Door_Walnut');
#6289=IFCSTYLEDITEM(#3191,(#6039),'Door_Walnut');
#6290=IFCSTYLEDITEM(#3227,(#6039),'Door_Walnut');
#6291=IFCSTYLEDITEM(#3236,(#6039),'Door_Walnut');
#6292=IFCSTYLEDITEM(#3237,(#6039),'Door_Walnut');
#6293=IFCSTYLEDITEM(#3200,(#6039),'Door_Walnut');
#6294=IFCSTYLEDITEM(#3209,(#6039),'Door_Walnut');
#6295=IFCSTYLEDITEM(#3218,(#6039),'Door_Walnut');
#6296=IFCSTYLEDITEM(#3289,(#6039),'Door_Walnut');
#6297=IFCSTYLEDITEM(#3298,(#6039),'Door_Walnut');
#6298=IFCSTYLEDITEM(#3334,(#6039),'Door_Walnut');
#6299=IFCSTYLEDITEM(#3343,(#6039),'Door_Walnut');
#6300=IFCSTYLEDITEM(#3344,(#6039),'Door_Walnut');
#6301=IFCSTYLEDITEM(#3307,(#6039),'Door_Walnut');
#6302=IFCSTYLEDITEM(#3316,(#6039),'Door_Walnut');
#6303=IFCSTYLEDITEM(#3325,(#6039),'Door_Walnut');
#6304=IFCSTYLEDITEM(#3494,(#6039),'Door_Walnut');
#6305=IFCSTYLEDITEM(#3503,(#6039),'Door_Walnut');
#6306=IFCSTYLEDITEM(#3539,(#6039),'Door_Walnut');
#6307=IFCSTYLEDITEM(#3548,(#6039),'Door_Walnut');
#6308=IFCSTYLEDITEM(#3549,(#6039),'Door_Walnut');
#6309=IFCSTYLEDITEM(#3512,(#6039),'Door_Walnut');
#6310=IFCSTYLEDITEM(#3521,(#6039),'Door_Walnut');
#6311=IFCSTYLEDITEM(#3530,(#6039),'Door_Walnut');
#6312=IFCSTYLEDITEM(#3699,(#6039),'Door_Walnut');
#6313=IFCSTYLEDITEM(#3708,(#6039),'Door_Walnut');
#6314=IFCSTYLEDITEM(#3744,(#6039),'Door_Walnut');
#6315=IFCSTYLEDITEM(#3753,(#6039),'Door_Walnut');
#6316=IFCSTYLEDITEM(#3754,(#6039),'Door_Walnut');
#6317=IFCSTYLEDITEM(#3717,(#6039),'Door_Walnut');
#6318=IFCSTYLEDITEM(#3726,(#6039),'Door_Walnut');
#6319=IFCSTYLEDITEM(#3735,(#6039),'Door_Walnut');
#6320=IFCSTYLEDITEM(#3904,(#6039),'Door_Walnut');
#6321=IFCSTYLEDITEM(#3913,(#6039),'Door_Walnut');
#6322=IFCSTYLEDITEM(#3949,(#6039),'Door_Walnut');
#6323=IFCSTYLEDITEM(#3958,(#6039),'Door_Walnut');
#6324=IFCSTYLEDITEM(#3959,(#6039),'Door_Walnut');
#6325=IFCSTYLEDITEM(#3922,(#6039),'Door_Walnut');
#6326=IFCSTYLEDITEM(#3931,(#6039),'Door_Walnut');
#6327=IFCSTYLEDITEM(#3940,(#6039),'Door_Walnut');
#6328=IFCSTYLEDITEM(#4263,(#6039),'Door_Walnut');
#6329=IFCSTYLEDITEM(#4272,(#6039),'Door_Walnut');
#6330=IFCSTYLEDITEM(#4308,(#6039),'Door_Walnut');
#6331=IFCSTYLEDITEM(#4317,(#6039),'Door_Walnut');
#6332=IFCSTYLEDITEM(#4318,(#6039),'Door_Walnut');
#6333=IFCSTYLEDITEM(#4281,(#6039),'Door_Walnut');
#6334=IFCSTYLEDITEM(#4290,(#6039),'Door_Walnut');
#6335=IFCSTYLEDITEM(#4299,(#6039),'Door_Walnut');
#6336=IFCSTYLEDITEM(#4468,(#6039),'Door_Walnut');
#6337=IFCSTYLEDITEM(#4477,(#6039),'Door_Walnut');
#6338=IFCSTYLEDITEM(#4513,(#6039),'Door_Walnut');
#6339=IFCSTYLEDITEM(#4522,(#6039),'Door_Walnut');
#6340=IFCSTYLEDITEM(#4523,(#6039),'Door_Walnut');
#6341=IFCSTYLEDITEM(#4486,(#6039),'Door_Walnut');
#6342=IFCSTYLEDITEM(#4495,(#6039),'Door_Walnut');
#6343=IFCSTYLEDITEM(#4504,(#6039),'Door_Walnut');
#6344=IFCSTYLEDITEM(#4750,(#6039),'Door_Walnut');
#6345=IFCSTYLEDITEM(#4759,(#6039),'Door_Walnut');
#6346=IFCSTYLEDITEM(#4795,(#6039),'Door_Walnut');
#6347=IFCSTYLEDITEM(#4804,(#6039),'Door_Walnut');
#6348=IFCSTYLEDITEM(#4805,(#6039),'Door_Walnut');
#6349=IFCSTYLEDITEM(#4768,(#6039),'Door_Walnut');
#6350=IFCSTYLEDITEM(#4777,(#6039),'Door_Walnut');
#6351=IFCSTYLEDITEM(#4786,(#6039),'Door_Walnut');
#6352=IFCSTYLEDITEM(#5109,(#6039),'Door_Walnut');
#6353=IFCSTYLEDITEM(#5118,(#6039),'Door_Walnut');
#6354=IFCSTYLEDITEM(#5154,(#6039),'Door_Walnut');
#6355=IFCSTYLEDITEM(#5163,(#6039),'Door_Walnut');
#6356=IFCSTYLEDITEM(#5164,(#6039),'Door_Walnut');
#6357=IFCSTYLEDITEM(#5127,(#6039),'Door_Walnut');
#6358=IFCSTYLEDITEM(#5136,(#6039),'Door_Walnut');
#6359=IFCSTYLEDITEM(#5145,(#6039),'Door_Walnut');
#6360=IFCSTYLEDITEM(#5314,(#6039),'Door_Walnut');
#6361=IFCSTYLEDITEM(#5323,(#6039),'Door_Walnut');
#6362=IFCSTYLEDITEM(#5359,(#6039),'Door_Walnut');
#6363=IFCSTYLEDITEM(#5368,(#6039),'Door_Walnut');
#6364=IFCSTYLEDITEM(#5369,(#6039),'Door_Walnut');
#6365=IFCSTYLEDITEM(#5332,(#6039),'Door_Walnut');
#6366=IFCSTYLEDITEM(#5341,(#6039),'Door_Walnut');
#6367=IFCSTYLEDITEM(#5350,(#6039),'Door_Walnut');
#6368=IFCSTYLEDITEM(#5519,(#6039),'Door_Walnut');
#6369=IFCSTYLEDITEM(#5528,(#6039),'Door_Walnut');
#6370=IFCSTYLEDITEM(#5564,(#6039),'Door_Walnut');
#6371=IFCSTYLEDITEM(#5573,(#6039),'Door_Walnut');
#6372=IFCSTYLEDITEM(#5574,(#6039),'Door_Walnut');
#6373=IFCSTYLEDITEM(#5537,(#6039),'Door_Walnut');
#6374=IFCSTYLEDITEM(#5546,(#6039),'Door_Walnut');
#6375=IFCSTYLEDITEM(#5555,(#6039),'Door_Walnut');
#6376=IFCSTYLEDITEM(#5724,(#6039),'Door_Walnut');
#6377=IFCSTYLEDITEM(#5733,(#6039),'Door_Walnut');
#6378=IFCSTYLEDITEM(#5769,(#6039),'Door_Walnut');
#6379=IFCSTYLEDITEM(#5778,(#6039),'Door_Walnut');
#6380=IFCSTYLEDITEM(#5779,(#6039),'Door_Walnut');
#6381=IFCSTYLEDITEM(#5742,(#6039),'Door_Walnut');
#6382=IFCSTYLEDITEM(#5751,(#6039),'Door_Walnut');
#6383=IFCSTYLEDITEM(#5760,(#6039),'Door_Walnut');
#6384=IFCSTYLEDITEM(#5929,(#6039),'Door_Walnut');
#6385=IFCSTYLEDITEM(#5938,(#6039),'Door_Walnut');
#6386=IFCSTYLEDITEM(#5974,(#6039),'Door_Walnut');
#6387=IFCSTYLEDITEM(#5983,(#6039),'Door_Walnut');
#6388=IFCSTYLEDITEM(#5984,(#6039),'Door_Walnut');
#6389=IFCSTYLEDITEM(#5947,(#6039),'Door_Walnut');
#6390=IFCSTYLEDITEM(#5956,(#6039),'Door_Walnut');
#6391=IFCSTYLEDITEM(#5965,(#6039),'Door_Walnut');
#6392=IFCSTYLEDITEM(#375,(#6035),'Glazing_Blue');
#6393=IFCSTYLEDITEM(#386,(#6035),'Glazing_Blue');
#6394=IFCSTYLEDITEM(#397,(#6035),'Glazing_Blue');
#6395=IFCSTYLEDITEM(#406,(#6035),'Glazing_Blue');
#6396=IFCMATERIAL('Material_Glazing_Blue',$,$);
#6397=IFCOWNERHISTORY(#5,#6,.READWRITE.,.MODIFIED.,1788885954,#5,#6,1788885954);
#6398=IFCRELASSOCIATESMATERIAL('3cct0$_Mv3D9S9fYDPw_50',#6397,$,$,(#4566,#4002,#2998,#4079,#4925,#1548,#1082,#800,#646,#723,#1159,#364,#4848),#6396);
#6399=IFCSTYLEDITEM(#657,(#6035),'Glazing_Blue');
#6400=IFCSTYLEDITEM(#668,(#6035),'Glazing_Blue');
#6401=IFCSTYLEDITEM(#679,(#6035),'Glazing_Blue');
#6402=IFCSTYLEDITEM(#688,(#6035),'Glazing_Blue');
#6403=IFCSTYLEDITEM(#734,(#6035),'Glazing_Blue');
#6404=IFCSTYLEDITEM(#745,(#6035),'Glazing_Blue');
#6405=IFCSTYLEDITEM(#756,(#6035),'Glazing_Blue');
#6406=IFCSTYLEDITEM(#765,(#6035),'Glazing_Blue');
#6407=IFCSTYLEDITEM(#811,(#6035),'Glazing_Blue');
#6408=IFCSTYLEDITEM(#822,(#6035),'Glazing_Blue');
#6409=IFCSTYLEDITEM(#833,(#6035),'Glazing_Blue');
#6410=IFCSTYLEDITEM(#842,(#6035),'Glazing_Blue');
#6411=IFCSTYLEDITEM(#1093,(#6035),'Glazing_Blue');
#6412=IFCSTYLEDITEM(#1104,(#6035),'Glazing_Blue');
#6413=IFCSTYLEDITEM(#1115,(#6035),'Glazing_Blue');
#6414=IFCSTYLEDITEM(#1124,(#6035),'Glazing_Blue');
#6415=IFCSTYLEDITEM(#1170,(#6035),'Glazing_Blue');
#6416=IFCSTYLEDITEM(#1181,(#6035),'Glazing_Blue');
#6417=IFCSTYLEDITEM(#1192,(#6035),'Glazing_Blue');
#6418=IFCSTYLEDITEM(#1201,(#6035),'Glazing_Blue');
#6419=IFCSTYLEDITEM(#1559,(#6035),'Glazing_Blue');
#6420=IFCSTYLEDITEM(#1570,(#6035),'Glazing_Blue');
#6421=IFCSTYLEDITEM(#1581,(#6035),'Glazing_Blue');
#6422=IFCSTYLEDITEM(#1590,(#6035),'Glazing_Blue');
#6423=IFCSTYLEDITEM(#3009,(#6035),'Glazing_Blue');
#6424=IFCSTYLEDITEM(#3020,(#6035),'Glazing_Blue');
#6425=IFCSTYLEDITEM(#3031,(#6035),'Glazing_Blue');
#6426=IFCSTYLEDITEM(#3040,(#6035),'Glazing_Blue');
#6427=IFCSTYLEDITEM(#4013,(#6035),'Glazing_Blue');
#6428=IFCSTYLEDITEM(#4024,(#6035),'Glazing_Blue');
#6429=IFCSTYLEDITEM(#4035,(#6035),'Glazing_Blue');
#6430=IFCSTYLEDITEM(#4044,(#6035),'Glazing_Blue');
#6431=IFCSTYLEDITEM(#4090,(#6035),'Glazing_Blue');
#6432=IFCSTYLEDITEM(#4101,(#6035),'Glazing_Blue');
#6433=IFCSTYLEDITEM(#4112,(#6035),'Glazing_Blue');
#6434=IFCSTYLEDITEM(#4121,(#6035),'Glazing_Blue');
#6435=IFCSTYLEDITEM(#4577,(#6035),'Glazing_Blue');
#6436=IFCSTYLEDITEM(#4588,(#6035),'Glazing_Blue');
#6437=IFCSTYLEDITEM(#4599,(#6035),'Glazing_Blue');
#6438=IFCSTYLEDITEM(#4608,(#6035),'Glazing_Blue');
#6439=IFCSTYLEDITEM(#4859,(#6035),'Glazing_Blue');
#6440=IFCSTYLEDITEM(#4870,(#6035),'Glazing_Blue');
#6441=IFCSTYLEDITEM(#4881,(#6035),'Glazing_Blue');
#6442=IFCSTYLEDITEM(#4890,(#6035),'Glazing_Blue');
#6443=IFCSTYLEDITEM(#4936,(#6035),'Glazing_Blue');
#6444=IFCSTYLEDITEM(#4947,(#6035),'Glazing_Blue');
#6445=IFCSTYLEDITEM(#4958,(#6035),'Glazing_Blue');
#6446=IFCSTYLEDITEM(#4967,(#6035),'Glazing_Blue');
#6447=IFCOWNERHISTORY(#5,#6,.READWRITE.,.MODIFIED.,1788886000,#5,#6,1788886000);
#6448=IFCFURNITURE('2r0pcw9Xr2ueqHYAbbXEt1',#6447,'Reception_Desk',$,$,#6481,#6476,$,$);
#6449=IFCCARTESIANPOINTLIST3D(((0.,0.,0.),(0.,0.,1.1),(0.,0.6,0.),(0.,0.6,1.1),(3.,0.,0.),(3.,0.,1.1),(3.,0.6,0.),(3.,0.6,1.1),(2.4000000000000004,0.30000000000000004,0.),(2.4000000000000004,0.30000000000000004,1.1),(2.4000000000000004,1.5,0.),(2.4000000000000004,1.5,1.1),(3.,0.30000000000000004,0.),(3.,0.30000000000000004,1.1),(3.,1.5,0.),(3.,1.5,1.1)));
#6450=IFCINDEXEDPOLYGONALFACE((2,4,1));
#6451=IFCINDEXEDPOLYGONALFACE((5,2,1));
#6452=IFCINDEXEDPOLYGONALFACE((1,4,3));
#6453=IFCINDEXEDPOLYGONALFACE((3,5,1));
#6454=IFCINDEXEDPOLYGONALFACE((2,8,4));
#6455=IFCINDEXEDPOLYGONALFACE((6,2,5));
#6456=IFCINDEXEDPOLYGONALFACE((6,8,2));
#6457=IFCINDEXEDPOLYGONALFACE((4,8,3));
#6458=IFCINDEXEDPOLYGONALFACE((7,5,3));
#6459=IFCINDEXEDPOLYGONALFACE((3,8,7));
#6460=IFCINDEXEDPOLYGONALFACE((7,6,5));
#6461=IFCINDEXEDPOLYGONALFACE((8,6,7));
#6462=IFCINDEXEDPOLYGONALFACE((10,12,9));
#6463=IFCINDEXEDPOLYGONALFACE((13,10,9));
#6464=IFCINDEXEDPOLYGONALFACE((9,12,11));
#6465=IFCINDEXEDPOLYGONALFACE((11,13,9));
#6466=IFCINDEXEDPOLYGONALFACE((10,16,12));
#6467=IFCINDEXEDPOLYGONALFACE((14,10,13));
#6468=IFCINDEXEDPOLYGONALFACE((14,16,10));
#6469=IFCINDEXEDPOLYGONALFACE((12,16,11));
#6470=IFCINDEXEDPOLYGONALFACE((15,13,11));
#6471=IFCINDEXEDPOLYGONALFACE((11,16,15));
#6472=IFCINDEXEDPOLYGONALFACE((15,14,13));
#6473=IFCINDEXEDPOLYGONALFACE((16,14,15));
#6474=IFCPOLYGONALFACESET(#6449,$,(#6450,#6451,#6452,#6453,#6454,#6455,#6456,#6457,#6458,#6459,#6460,#6461,#6462,#6463,#6464,#6465,#6466,#6467,#6468,#6469,#6470,#6471,#6472,#6473),$);
#6475=IFCSHAPEREPRESENTATION(#16,'Body','Tessellation',(#6474));
#6476=IFCPRODUCTDEFINITIONSHAPE($,$,(#6475));
#6477=IFCCARTESIANPOINT((2.5,4.5,0.));
#6478=IFCDIRECTION((0.,0.,1.));
#6479=IFCDIRECTION((1.,0.,0.));
#6480=IFCAXIS2PLACEMENT3D(#6477,#6478,#6479);
#6481=IFCLOCALPLACEMENT($,#6480);
#6482=IFCOWNERHISTORY(#5,#6,.READWRITE.,.ADDED.,1788886000,#5,#6,1788886000);
#6483=IFCPROPERTYSET('3HLHMe$Ob1DAJODiY26FPM',#6482,'Pset_TrimeshGeneration',$,(#6486,#6487,#6488,#6489,#6490));
#6484=IFCOWNERHISTORY(#5,#6,.READWRITE.,.ADDED.,1788886000,#5,#6,1788886000);
#6485=IFCRELDEFINESBYPROPERTIES('04rgLoBZb2helbinRwnRZb',#6484,$,$,(#6448),#6483);
#6486=IFCPROPERTYSINGLEVALUE('GenerationMethod',$,IFCLABEL('TRIMESH_CODE'),$);
#6487=IFCPROPERTYSINGLEVALUE('VertexCount',$,IFCINTEGER(16),$);
#6488=IFCPROPERTYSINGLEVALUE('FaceCount',$,IFCINTEGER(24),$);
#6489=IFCPROPERTYSINGLEVALUE('IsWatertight',$,IFCBOOLEAN(.T.),$);
#6490=IFCPROPERTYSINGLEVALUE('Volume',$,IFCREAL(2.772),$);
#6491=IFCOWNERHISTORY(#5,#6,.READWRITE.,.MODIFIED.,1788886001,#5,#6,1788886001);
#6492=IFCSHADINGDEVICE('3AyaKEIaTEMxo59pvtD3jQ',#6491,'Entrance_Canopy',$,$,#6513,#6508,$,$);
#6493=IFCCARTESIANPOINTLIST3D(((-1.6,-0.8,-0.075),(-1.6,-0.8,0.075),(-1.6,0.8,-0.075),(-1.6,0.8,0.075),(1.6,-0.8,-0.075),(1.6,-0.8,0.075),(1.6,0.8,-0.075),(1.6,0.8,0.075)));
#6494=IFCINDEXEDPOLYGONALFACE((2,4,1));
#6495=IFCINDEXEDPOLYGONALFACE((5,2,1));
#6496=IFCINDEXEDPOLYGONALFACE((1,4,3));
#6497=IFCINDEXEDPOLYGONALFACE((3,5,1));
#6498=IFCINDEXEDPOLYGONALFACE((2,8,4));
#6499=IFCINDEXEDPOLYGONALFACE((6,2,5));
#6500=IFCINDEXEDPOLYGONALFACE((6,8,2));
#6501=IFCINDEXEDPOLYGONALFACE((4,8,3));
#6502=IFCINDEXEDPOLYGONALFACE((7,5,3));
#6503=IFCINDEXEDPOLYGONALFACE((3,8,7));
#6504=IFCINDEXEDPOLYGONALFACE((7,6,5));
#6505=IFCINDEXEDPOLYGONALFACE((8,6,7));
#6506=IFCPOLYGONALFACESET(#6493,$,(#6494,#6495,#6496,#6497,#6498,#6499,#6500,#6501,#6502,#6503,#6504,#6505),$);
#6507=IFCSHAPEREPRESENTATION(#16,'Body','Tessellation',(#6506));
#6508=IFCPRODUCTDEFINITIONSHAPE($,$,(#6507));
#6509=IFCCARTESIANPOINT((2.5,-1.6,3.));
#6510=IFCDIRECTION((0.,0.,1.));
#6511=IFCDIRECTION((1.,0.,0.));
#6512=IFCAXIS2PLACEMENT3D(#6509,#6510,#6511);
#6513=IFCLOCALPLACEMENT($,#6512);
#6514=IFCOWNERHISTORY(#5,#6,.READWRITE.,.ADDED.,1788886001,#5,#6,1788886001);
#6515=IFCPROPERTYSET('2YBAxy8_z6q9sAhx_a9gRl',#6514,'Pset_TrimeshGeneration',$,(#6518,#6519,#6520,#6521,#6522));
#6516=IFCOWNERHISTORY(#5,#6,.READWRITE.,.ADDED.,1788886001,#5,#6,1788886001);
#6517=IFCRELDEFINESBYPROPERTIES('1xoe3luNL528SSLjZ$qLF_',#6516,$,$,(#6492),#6515);
#6518=IFCPROPERTYSINGLEVALUE('GenerationMethod',$,IFCLABEL('TRIMESH_CODE'),$);
#6519=IFCPROPERTYSINGLEVALUE('VertexCount',$,IFCINTEGER(8),$);
#6520=IFCPROPERTYSINGLEVALUE('FaceCount',$,IFCINTEGER(12),$);
#6521=IFCPROPERTYSINGLEVALUE('IsWatertight',$,IFCBOOLEAN(.T.),$);
#6522=IFCPROPERTYSINGLEVALUE('Volume',$,IFCREAL(0.7680000000000001),$);
#6523=IFCOWNERHISTORY(#5,#6,.READWRITE.,.MODIFIED.,1788886001,#5,#6,1788886001);
#6524=IFCFURNITURE('3ugjFcbr5ACfsoEOZHR8F9',#6523,'Kitchen_Island',$,$,#6545,#6540,$,$);
#6525=IFCCARTESIANPOINTLIST3D(((-1.2,-0.45,-0.475),(-1.2,-0.45,0.475),(-1.2,0.45,-0.475),(-1.2,0.45,0.475),(1.2,-0.45,-0.475),(1.2,-0.45,0.475),(1.2,0.45,-0.475),(1.2,0.45,0.475)));
#6526=IFCINDEXEDPOLYGONALFACE((2,4,1));
#6527=IFCINDEXEDPOLYGONALFACE((5,2,1));
#6528=IFCINDEXEDPOLYGONALFACE((1,4,3));
#6529=IFCINDEXEDPOLYGONALFACE((3,5,1));
#6530=IFCINDEXEDPOLYGONALFACE((2,8,4));
#6531=IFCINDEXEDPOLYGONALFACE((6,2,5));
#6532=IFCINDEXEDPOLYGONALFACE((6,8,2));
#6533=IFCINDEXEDPOLYGONALFACE((4,8,3));
#6534=IFCINDEXEDPOLYGONALFACE((7,5,3));
#6535=IFCINDEXEDPOLYGONALFACE((3,8,7));
#6536=IFCINDEXEDPOLYGONALFACE((7,6,5));
#6537=IFCINDEXEDPOLYGONALFACE((8,6,7));
#6538=IFCPOLYGONALFACESET(#6525,$,(#6526,#6527,#6528,#6529,#6530,#6531,#6532,#6533,#6534,#6535,#6536,#6537),$);
#6539=IFCSHAPEREPRESENTATION(#16,'Body','Tessellation',(#6538));
#6540=IFCPRODUCTDEFINITIONSHAPE($,$,(#6539));
#6541=IFCCARTESIANPOINT((3.,16.,0.));
#6542=IFCDIRECTION((0.,0.,1.));
#6543=IFCDIRECTION((1.,0.,0.));
#6544=IFCAXIS2PLACEMENT3D(#6541,#6542,#6543);
#6545=IFCLOCALPLACEMENT($,#6544);
#6546=IFCOWNERHISTORY(#5,#6,.READWRITE.,.ADDED.,1788886001,#5,#6,1788886001);
#6547=IFCPROPERTYSET('3oP5cQBjv8Gf8iwo_Z9mBc',#6546,'Pset_TrimeshGeneration',$,(#6550,#6551,#6552,#6553,#6554));
#6548=IFCOWNERHISTORY(#5,#6,.READWRITE.,.ADDED.,1788886001,#5,#6,1788886001);
#6549=IFCRELDEFINESBYPROPERTIES('2ifYB4Ww9Dr8nDlrghlmNP',#6548,$,$,(#6524),#6547);
#6550=IFCPROPERTYSINGLEVALUE('GenerationMethod',$,IFCLABEL('TRIMESH_CODE'),$);
#6551=IFCPROPERTYSINGLEVALUE('VertexCount',$,IFCINTEGER(8),$);
#6552=IFCPROPERTYSINGLEVALUE('FaceCount',$,IFCINTEGER(12),$);
#6553=IFCPROPERTYSINGLEVALUE('IsWatertight',$,IFCBOOLEAN(.T.),$);
#6554=IFCPROPERTYSINGLEVALUE('Volume',$,IFCREAL(2.052),$);
#6555=IFCOWNERHISTORY(#5,#6,.READWRITE.,.MODIFIED.,1788886002,#5,#6,1788886002);
#6556=IFCFURNITURE('01ztennD1EAfDRhZgilgqC',#6555,'Executive_Credenza',$,$,#6577,#6572,$,$);
#6557=IFCCARTESIANPOINTLIST3D(((-1.,-0.25,-0.425),(-1.,-0.25,0.425),(-1.,0.25,-0.425),(-1.,0.25,0.425),(1.,-0.25,-0.425),(1.,-0.25,0.425),(1.,0.25,-0.425),(1.,0.25,0.425)));
#6558=IFCINDEXEDPOLYGONALFACE((2,4,1));
#6559=IFCINDEXEDPOLYGONALFACE((5,2,1));
#6560=IFCINDEXEDPOLYGONALFACE((1,4,3));
#6561=IFCINDEXEDPOLYGONALFACE((3,5,1));
#6562=IFCINDEXEDPOLYGONALFACE((2,8,4));
#6563=IFCINDEXEDPOLYGONALFACE((6,2,5));
#6564=IFCINDEXEDPOLYGONALFACE((6,8,2));
#6565=IFCINDEXEDPOLYGONALFACE((4,8,3));
#6566=IFCINDEXEDPOLYGONALFACE((7,5,3));
#6567=IFCINDEXEDPOLYGONALFACE((3,8,7));
#6568=IFCINDEXEDPOLYGONALFACE((7,6,5));
#6569=IFCINDEXEDPOLYGONALFACE((8,6,7));
#6570=IFCPOLYGONALFACESET(#6557,$,(#6558,#6559,#6560,#6561,#6562,#6563,#6564,#6565,#6566,#6567,#6568,#6569),$);
#6571=IFCSHAPEREPRESENTATION(#16,'Body','Tessellation',(#6570));
#6572=IFCPRODUCTDEFINITIONSHAPE($,$,(#6571));
#6573=IFCCARTESIANPOINT((19.,17.3,0.));
#6574=IFCDIRECTION((0.,0.,1.));
#6575=IFCDIRECTION((1.,0.,0.));
#6576=IFCAXIS2PLACEMENT3D(#6573,#6574,#6575);
#6577=IFCLOCALPLACEMENT($,#6576);
#6578=IFCOWNERHISTORY(#5,#6,.READWRITE.,.ADDED.,1788886002,#5,#6,1788886002);
#6579=IFCPROPERTYSET('2AOAfEKiv5Vve7w7Yv32EL',#6578,'Pset_TrimeshGeneration',$,(#6582,#6583,#6584,#6585,#6586));
#6580=IFCOWNERHISTORY(#5,#6,.READWRITE.,.ADDED.,1788886002,#5,#6,1788886002);
#6581=IFCRELDEFINESBYPROPERTIES('3ECl1SEvb86BjC9EKuu9x0',#6580,$,$,(#6556),#6579);
#6582=IFCPROPERTYSINGLEVALUE('GenerationMethod',$,IFCLABEL('TRIMESH_CODE'),$);
#6583=IFCPROPERTYSINGLEVALUE('VertexCount',$,IFCINTEGER(8),$);
#6584=IFCPROPERTYSINGLEVALUE('FaceCount',$,IFCINTEGER(12),$);
#6585=IFCPROPERTYSINGLEVALUE('IsWatertight',$,IFCBOOLEAN(.T.),$);
#6586=IFCPROPERTYSINGLEVALUE('Volume',$,IFCREAL(0.85),$);
#6587=IFCSURFACESTYLE('Canopy_Metal',.BOTH.,(#6588));
#6588=IFCSURFACESTYLERENDERING(#6589,0.,#6590,$,$,$,IFCNORMALISEDRATIOMEASURE(0.85),$,.NOTDEFINED.);
#6589=IFCCOLOURRGB($,0.75,0.76,0.78);
#6590=IFCCOLOURRGB($,0.75,0.76,0.78);
#6591=IFCSTYLEDITEM(#6474,(#6019),'Wall_Wood_Executive');
#6592=IFCSTYLEDITEM(#6570,(#6019),'Wall_Wood_Executive');
#6593=IFCSTYLEDITEM(#6506,(#6587),'Canopy_Metal');
#6594=IFCMATERIAL('Material_Canopy_Metal',$,$);
#6595=IFCOWNERHISTORY(#5,#6,.READWRITE.,.ADDED.,1788886027,#5,#6,1788886027);
#6596=IFCRELASSOCIATESMATERIAL('0NjIPL17zCnB8FDgkbXCT1',#6595,$,$,(#6492),#6594);
#6597=IFCSTYLEDITEM(#6538,(#6027),'Floor_Kitchen_Tile');
ENDSEC;
END-ISO-10303-21;
